clip_id,source_video_id,domain,split,duration_sec,clip_path,transcript
-_K3g6HyQOg_000233,-_K3g6HyQOg,mukb,train,4.8,kmsav_pilot/cropped/-_K3g6HyQOg/utts/000233.mp4,"하여튼, 흔쾌히 또 같이 와준 동생이 있어가지고 오늘 예. 한잔"
-_K3g6HyQOg_000238,-_K3g6HyQOg,mukb,train,6.16,kmsav_pilot/cropped/-_K3g6HyQOg/utts/000238.mp4,"와! 오랜만에 또 먹는 흑산돈데 야! 자, 뽈살"
-_K3g6HyQOg_000242,-_K3g6HyQOg,mukb,train,3.6,kmsav_pilot/cropped/-_K3g6HyQOg/utts/000242.mp4,어우! 이거 막걸리가 담백하다. 안달고 오우! 좋다. 이거
-_K3g6HyQOg_000251,-_K3g6HyQOg,mukb,train,2.64,kmsav_pilot/cropped/-_K3g6HyQOg/utts/000251.mp4,와! 확실히 찰지긴 찰지네.
-_K3g6HyQOg_000257,-_K3g6HyQOg,mukb,train,4.04,kmsav_pilot/cropped/-_K3g6HyQOg/utts/000257.mp4,음 굉장히 찰집니다. 아유
-_K3g6HyQOg_000263,-_K3g6HyQOg,mukb,train,3.8,kmsav_pilot/cropped/-_K3g6HyQOg/utts/000263.mp4,"자, 이번엔 뱃살, 뱃살입니다."
-_K3g6HyQOg_000270,-_K3g6HyQOg,mukb,train,4.28,kmsav_pilot/cropped/-_K3g6HyQOg/utts/000270.mp4,"자, 요거는 이제 에 꼬리 옆에 달린 그 지느러미 있죠? 음"
-_K3g6HyQOg_000280,-_K3g6HyQOg,mukb,train,5.2,kmsav_pilot/cropped/-_K3g6HyQOg/utts/000280.mp4,저 예전에 이거 젓갈먹고 되게 반했잖아요. 야! 이거 아가미젓. 와! 이거 너무 맛있는데요? 허허 아가미젓
-_K3g6HyQOg_000284,-_K3g6HyQOg,mukb,train,2.0,kmsav_pilot/cropped/-_K3g6HyQOg/utts/000284.mp4,이거는 무조건입니다. 아가미젓. 와
-_K3g6HyQOg_000286,-_K3g6HyQOg,mukb,train,9.0,kmsav_pilot/cropped/-_K3g6HyQOg/utts/000286.mp4,"저거 하나 사갈래요. 아가미젓 흐흐흐 자! 이번엔 자, 저는 애는 항상 생물로 먹어봤는데 여기선 이제 같이 숙성을 시킨 애에요. 음"
-_K3g6HyQOg_000297,-_K3g6HyQOg,mukb,train,4.84,kmsav_pilot/cropped/-_K3g6HyQOg/utts/000297.mp4,제 개인적으로는 그냥 막 따서 먹는 음 그 애. 그게 좀더 고소하고 맛이 좋은거 같습니다.
-_K3g6HyQOg_000309,-_K3g6HyQOg,mukb,train,9.72,kmsav_pilot/cropped/-_K3g6HyQOg/utts/000309.mp4,햐 근데 이게 고민이 되는게 여기 이 이상태에서 더 많이 삭혀서 먹으면 맛이 인제 매콤하면서 좋아요. 근데 홍어는 특성상 더 많이 삭히면 더 짜져요. 더
-_K3g6HyQOg_000312,-_K3g6HyQOg,mukb,train,4.36,kmsav_pilot/cropped/-_K3g6HyQOg/utts/000312.mp4,그런 방법이 빨리 좀 개발이 되면 더 좋겠습니다. 음
-_K3g6HyQOg_000316,-_K3g6HyQOg,mukb,train,3.96,kmsav_pilot/cropped/-_K3g6HyQOg/utts/000316.mp4,그리구 껍질묵 이건 별미로 한번씩 드실만한거
-_K3g6HyQOg_000322,-_K3g6HyQOg,mukb,train,2.52,kmsav_pilot/cropped/-_K3g6HyQOg/utts/000322.mp4,이거는 흑산도가 아니라 국산인거죠? 그냥 국내
-_K3g6HyQOg_000327,-_K3g6HyQOg,mukb,train,6.76,kmsav_pilot/cropped/-_K3g6HyQOg/utts/000327.mp4,음 저도 홍어를 먹다보니까 요정도 인제 짬은 나오더라구요. 여기 결이나 살결이나 요런게 보니까 크기가 엄청 큰 홍어는 아니에요.
-_K3g6HyQOg_000335,-_K3g6HyQOg,mukb,train,3.72,kmsav_pilot/cropped/-_K3g6HyQOg/utts/000335.mp4,음 지금부터 슬슬슬 오기 시작한 거에요. 빡빡빡하며
-_K3g6HyQOg_000341,-_K3g6HyQOg,mukb,train,3.88,kmsav_pilot/cropped/-_K3g6HyQOg/utts/000341.mp4,아 그리고 참 오랜만에 보네. 내장젓 음
0e76Mv3YWso_000006,0e76Mv3YWso,scie,train,8.04,kmsav_pilot/cropped/0e76Mv3YWso/utts/000006.mp4,너무 재밌어가지고 나 정신과 안할래. 기초의학 할래 해서 기억의 메커니즘을 연구하는 에릭 캔델 유명한 노벨상도 받았죠.
0e76Mv3YWso_000007,0e76Mv3YWso,scie,train,7.4,kmsav_pilot/cropped/0e76Mv3YWso/utts/000007.mp4,근데 그 사람이 역시 미국 사람은 돈을 좋아해가지고 그걸 노벨상 받고 그러더니 갑자기 새 회사를 차려가지고 기업을 증명시키는
0e76Mv3YWso_000011,0e76Mv3YWso,scie,train,4.76,kmsav_pilot/cropped/0e76Mv3YWso/utts/000011.mp4,근데 거꾸로가 될 수 있거든요. 그러면 큰 일이거든요. 그걸 방법이 없어요.
0e76Mv3YWso_000013,0e76Mv3YWso,scie,train,5.96,kmsav_pilot/cropped/0e76Mv3YWso/utts/000013.mp4,어느 걸 선택해서 간직하고 어떤 걸 없어야 할지 알면 얼마나 좋겠어요. 좀 불가능한거고
0e76Mv3YWso_000014,0e76Mv3YWso,scie,train,7.4,kmsav_pilot/cropped/0e76Mv3YWso/utts/000014.mp4,다만 옛날 기억들에 너무나 자꾸 자극이 되갖고 안되겠으면은 그런데 호르몬이 트랜스미터가 지나치게 예민해져 있기 때문에
0e76Mv3YWso_000015,0e76Mv3YWso,scie,train,6.84,kmsav_pilot/cropped/0e76Mv3YWso/utts/000015.mp4,정신과 중에 약이 그런거에요. 약을 써서 그런 걸 컴다운 시키면 그런것들을 많이 좋아질 수 있는게 정신과의사들이 사용하는 약물이 되는 거죠.
0e76Mv3YWso_000017,0e76Mv3YWso,scie,train,5.0,kmsav_pilot/cropped/0e76Mv3YWso/utts/000017.mp4,인셉션 관련해서는 이제 제가 조금 더 설명을 드리면요. 그 이제
0e76Mv3YWso_000018,0e76Mv3YWso,scie,train,9.12,kmsav_pilot/cropped/0e76Mv3YWso/utts/000018.mp4,제가 어떤 학교진 지금 기억이 잘 안나는데 크리스토퍼 놀란이 그 인터스텔라에서 킵 손을 프로듀서로 이렇게 고용을 했었던 것처럼요.
0e76Mv3YWso_000019,0e76Mv3YWso,scie,train,5.56,kmsav_pilot/cropped/0e76Mv3YWso/utts/000019.mp4,그 이 사람은 어떤 영화를 하나 만들 때 공부를 굉장히 열심히 합니다. 그래서
0e76Mv3YWso_000020,0e76Mv3YWso,scie,train,6.56,kmsav_pilot/cropped/0e76Mv3YWso/utts/000020.mp4,실제로 어떤 대학교에 가서 몇 개월간 정신 분석학 수업을 직접 들은 걸로 알고 있어요.
0e76Mv3YWso_000021,0e76Mv3YWso,scie,train,3.32,kmsav_pilot/cropped/0e76Mv3YWso/utts/000021.mp4,그런 다음에 이제 동생이 조나단
0e76Mv3YWso_000022,0e76Mv3YWso,scie,train,3.8,kmsav_pilot/cropped/0e76Mv3YWso/utts/000022.mp4,놀란이라고 해서 그 동생이 각본을 다 쓰거든요.
0e76Mv3YWso_000023,0e76Mv3YWso,scie,train,5.56,kmsav_pilot/cropped/0e76Mv3YWso/utts/000023.mp4,그 동생 각본이랑 이제 같이 해가지고 에 공동으로 이제 각본을 같이 쓴거고요.
0e76Mv3YWso_000024,0e76Mv3YWso,scie,train,2.52,kmsav_pilot/cropped/0e76Mv3YWso/utts/000024.mp4,그리고 이제 그
0e76Mv3YWso_000025,0e76Mv3YWso,scie,train,5.2,kmsav_pilot/cropped/0e76Mv3YWso/utts/000025.mp4,"하나 아, 네네 아 그리고 하나 더 말씀드리고 싶었던게 그겁니다. 그"
0e76Mv3YWso_000026,0e76Mv3YWso,scie,train,3.56,kmsav_pilot/cropped/0e76Mv3YWso/utts/000026.mp4,크리스토퍼 놀란 같은 경우는요. 아까도 말씀드렸듯이
0e76Mv3YWso_000027,0e76Mv3YWso,scie,train,5.2,kmsav_pilot/cropped/0e76Mv3YWso/utts/000027.mp4,고통스러운 과거의 기억이 이제 주요한 그런 그 테마로 오는데요.
0e76Mv3YWso_000030,0e76Mv3YWso,scie,train,6.4,kmsav_pilot/cropped/0e76Mv3YWso/utts/000030.mp4,기억을 조작하거나 아니면은 굉장히 그 심연 밑에 이렇게 묻어 두는 겁니다. 그래서
0e76Mv3YWso_000031,0e76Mv3YWso,scie,train,5.2,kmsav_pilot/cropped/0e76Mv3YWso/utts/000031.mp4,우스갯소리로 이런 말이 있어요. 그 크리스토퍼 놀란 감독 그 영화에서는
0e76Mv3YWso_000032,0e76Mv3YWso,scie,train,2.48,kmsav_pilot/cropped/0e76Mv3YWso/utts/000032.mp4,아내들이 다 죽는 거에요.
0e76Mv3YWso_000033,0e76Mv3YWso,scie,train,5.64,kmsav_pilot/cropped/0e76Mv3YWso/utts/000033.mp4,그 그러니까. 남자 주인공의 아내들이 다 죽은 상태로 많이 등장을 하거든요. 그래서
0e76Mv3YWso_000034,0e76Mv3YWso,scie,train,8.12,kmsav_pilot/cropped/0e76Mv3YWso/utts/000034.mp4,죽은 시인의 사회를 그 패러디해서 죽은 아내의 사회라고 흐 그 우스갯소리가 있어요. 그럴 정도로 이제 그
0e76Mv3YWso_000036,0e76Mv3YWso,scie,train,4.68,kmsav_pilot/cropped/0e76Mv3YWso/utts/000036.mp4,등장하는게 이제 그 놀란의 영화 세계에 중요한 테마라고 할 수 있겠습니다.
0e76Mv3YWso_000039,0e76Mv3YWso,scie,train,3.12,kmsav_pilot/cropped/0e76Mv3YWso/utts/000039.mp4,퇴행성 질환 치고는 그래도 제일 나은 편인데
0e76Mv3YWso_000040,0e76Mv3YWso,scie,train,6.88,kmsav_pilot/cropped/0e76Mv3YWso/utts/000040.mp4,알츠하이머는 주로 아세틸콜린이 많이 들어서 그 약을 주면은 잠시는 좋아져요. 이만큼 좋아지고 나빠지는게 이렇게 나빠지자면은
0e76Mv3YWso_000041,0e76Mv3YWso,scie,train,3.6,kmsav_pilot/cropped/0e76Mv3YWso/utts/000041.mp4,약을 쓰면 요만큼 나빠지니까. 좀 낫긴 하지만은 여전히 나빠는 지죠.
0e76Mv3YWso_000042,0e76Mv3YWso,scie,train,4.84,kmsav_pilot/cropped/0e76Mv3YWso/utts/000042.mp4,그리고 아세틸콜린 이외에 여러가지가 또 문제가 되기 때문에 하나 가지고 치료가 안돼서 문젠데
0e76Mv3YWso_000043,0e76Mv3YWso,scie,train,8.08,kmsav_pilot/cropped/0e76Mv3YWso/utts/000043.mp4,학자들 이야기는 이미 알츠하이머로 기억이 가물하고 이제 잘 모를때는 이미 늦었다는 거죠. 이미 뇌가 많이 망가진 다음에야 증상이 나오기 때문에
0e76Mv3YWso_000044,0e76Mv3YWso,scie,train,7.72,kmsav_pilot/cropped/0e76Mv3YWso/utts/000044.mp4,그래서 이제 초기에 기억력이 깜빡거리는 게 50 밖에 안됐을때부터 아 미리 치 치료를 해서 약을 쓰면 낫지 않을까
0e76Mv3YWso_000045,0e76Mv3YWso,scie,train,9.12,kmsav_pilot/cropped/0e76Mv3YWso/utts/000045.mp4,해서 요새 각광을 받고 있는게 이제 아밀로이드라는 물질이 뇌에 축적이 되면은 이제 그 생기는 건데 아밀로이드 이미징하여서 사 사진을 찍을 수가 있어요. 지금은요.
0e76Mv3YWso_000047,0e76Mv3YWso,scie,train,9.32,kmsav_pilot/cropped/0e76Mv3YWso/utts/000047.mp4,그때부터 무슨 약을 쓰면 되지 않을까 그래서 이제 임상 연구를 그런 사람들을 대상으로 할라고 그러는데 그런게 다 비싸기 때문에 그걸 많은 환자를 모아서 하기가 힘들어서
0e76Mv3YWso_000048,0e76Mv3YWso,scie,train,7.72,kmsav_pilot/cropped/0e76Mv3YWso/utts/000048.mp4,안되지만 그런 방향으로 앞으로 그렇게 나갈겁니다. 미리미리해서 또 알츠하이머가 생길만한 유전자도 있고 그러기 때문에 그런 사람을 미리 잡아서
0e76Mv3YWso_000052,0e76Mv3YWso,scie,train,4.04,kmsav_pilot/cropped/0e76Mv3YWso/utts/000052.mp4,몸을 머리에 이식한거냐 머리를 이식하냐 아규가 있죠.
0e76Mv3YWso_000053,0e76Mv3YWso,scie,train,7.52,kmsav_pilot/cropped/0e76Mv3YWso/utts/000053.mp4,그러나 다들 의사들은 몸을 이식했다고 그래요. 왜냐하면 뇌가 그 사람이지 뇌 몸은 아무나 붙어도 되는거거든요?
0e76Mv3YWso_000054,0e76Mv3YWso,scie,train,8.96,kmsav_pilot/cropped/0e76Mv3YWso/utts/000054.mp4,"그래서 머리 몸을 통째로 그런 사람을 이식하려는 시도가 있었어요. 1900 한 8, 70년대 사시 미 미국 사람들이 해서"
0e76Mv3YWso_000056,0e76Mv3YWso,scie,train,7.96,kmsav_pilot/cropped/0e76Mv3YWso/utts/000056.mp4,한참동안 수술을 하려면 해야 되는데 금방 은퇴하고 사라져 버렸어요 그 사람이. 아마 잘 안될 것 같아 실험이라는 게 끝까지 가다가 안되는 수가 많거든요.
0e76Mv3YWso_000057,0e76Mv3YWso,scie,train,8.88,kmsav_pilot/cropped/0e76Mv3YWso/utts/000057.mp4,뭐가 안됐으니까. 도망갔겠죠. 현재 그냥 그 사람 예약만 되어 있지 생전 수술을 안하는데 잘하면 몸을 이식할 수 있는 가능성이 아주 없는 건 아니라고 생각합니다. 제 생각엔
0e76Mv3YWso_000059,0e76Mv3YWso,scie,train,7.2,kmsav_pilot/cropped/0e76Mv3YWso/utts/000059.mp4,네 저는 신경과 의사이기 때문에 뇌가 손상 당하는 사람을 봐서 정신과 의사는 안 봅니다만은
0e76Mv3YWso_000060,0e76Mv3YWso,scie,train,5.6,kmsav_pilot/cropped/0e76Mv3YWso/utts/000060.mp4,정신과에선 요새 다중 인격 장애라고 그러죠. 갑자기 달라져가지고 딴 사람이 돼 버리는 거죠. 충격받은 다음에
0e76Mv3YWso_000061,0e76Mv3YWso,scie,train,7.24,kmsav_pilot/cropped/0e76Mv3YWso/utts/000061.mp4,그러니까. 그 그 인간으로 있기가 너무나 고통스럽기 때문에 사 자기를 바꿔 버리는 거죠. 그래서 다른 인간처럼 행동하는 거를 말하는데
0e76Mv3YWso_000062,0e76Mv3YWso,scie,train,8.88,kmsav_pilot/cropped/0e76Mv3YWso/utts/000062.mp4,어 정신과 의사한테 물어보니까. 그런 경우는 아주 희귀해서 그 영화에 쓰긴 좋으니까 영화엔 많이 나와요. 영화엔 많 옛날 옛날에도
0e76Mv3YWso_000063,0e76Mv3YWso,scie,train,7.76,kmsav_pilot/cropped/0e76Mv3YWso/utts/000063.mp4,마음의 행론가? 그리어 카슨이 나오는 영화가 그런 충격 받은 다음에 갑자기 딴 사람이 되는 뭐 그런게 있거든요. 요새는 더 많지만
0e76Mv3YWso_000064,0e76Mv3YWso,scie,train,7.44,kmsav_pilot/cropped/0e76Mv3YWso/utts/000064.mp4,그렇지만 실제로는 지극히 적어서 별로 연구가 안되어 있고 너무나 많은 스트레스 때문에 자기를 바꾼다고 일단 생각할 뿐이지
0e76Mv3YWso_000066,0e76Mv3YWso,scie,train,5.24,kmsav_pilot/cropped/0e76Mv3YWso/utts/000066.mp4,선생님 혹시 더 아시는 바 있으신가요? 선생님도 쥐 쥐 가지고 하지만 쥐도 바뀌나요? 성격이?
0e76Mv3YWso_000067,0e76Mv3YWso,scie,train,4.88,kmsav_pilot/cropped/0e76Mv3YWso/utts/000067.mp4,아 쥐도 사실은 다 개인차가 있습니다. 네 그게 굉장히 놀라운 건데요.
0e76Mv3YWso_000069,0e76Mv3YWso,scie,train,4.04,kmsav_pilot/cropped/0e76Mv3YWso/utts/000069.mp4,관심들이 많고요. 저희는 쥐를 모델로 해서 사람을 유추하기 때문에
0e76Mv3YWso_000070,0e76Mv3YWso,scie,train,5.68,kmsav_pilot/cropped/0e76Mv3YWso/utts/000070.mp4,실제로 이 각 개인들이 보이는 차에 대해서 굉장히 놀랍게 생각을 하고 있거든요.
0e76Mv3YWso_000071,0e76Mv3YWso,scie,train,3.68,kmsav_pilot/cropped/0e76Mv3YWso/utts/000071.mp4,실제로 쥐 같은 경우는 사람하고 좀 많이 달라요. 왜냐하면
0e76Mv3YWso_000072,0e76Mv3YWso,scie,train,4.0,kmsav_pilot/cropped/0e76Mv3YWso/utts/000072.mp4,유전적으로 이 이 쥐들은 거의 같아요. 그러니까 사람 같은 경우는
0e76Mv3YWso_000073,0e76Mv3YWso,scie,train,6.48,kmsav_pilot/cropped/0e76Mv3YWso/utts/000073.mp4,"사실은 자라온 환경, 교육 먹는거 다 틀리기 때문에 당연히 틀리거다 이렇게 사람들이 생각을"
0e76Mv3YWso_000074,0e76Mv3YWso,scie,train,6.64,kmsav_pilot/cropped/0e76Mv3YWso/utts/000074.mp4,많이들 해왔거든요. 근데 쥐 같은 경우는 저희가 쥐 이제 사육하는 이제 뭐 큰 연구소들마다 보면 이제
0e76Mv3YWso_000076,0e76Mv3YWso,scie,train,5.48,kmsav_pilot/cropped/0e76Mv3YWso/utts/000076.mp4,얘들이 뇌 기능이 많이 달라 다르거든요. 그래서 제가 좀 실망스러운 대답이긴 하지만 잘 모릅니다.
0e76Mv3YWso_000077,0e76Mv3YWso,scie,train,5.48,kmsav_pilot/cropped/0e76Mv3YWso/utts/000077.mp4,에 그게 왜 예를 들어서 어떤 밖에서 그니까 제가 또 하는 전공 중에 하나가 스트레스 거든요.
0e76Mv3YWso_000078,0e76Mv3YWso,scie,train,6.84,kmsav_pilot/cropped/0e76Mv3YWso/utts/000078.mp4,스트레스를 받으면은 이제 쥐들이 리액션을 하게 되는데 그게 다 다른데 스트레스는 이렇게 손에 만져지는게 아니라서
0e76Mv3YWso_000079,0e76Mv3YWso,scie,train,8.72,kmsav_pilot/cropped/0e76Mv3YWso/utts/000079.mp4,사실은 이게 뭐 밖에서 물리적으로 탁 때렸을 때는 여기가 딱 손상을 받겠다 이야기 할 수 있지만 스트레스는 뇌의 어느 부위에 어떻게 어루만지는지 잘 모르거든요.
0e76Mv3YWso_000080,0e76Mv3YWso,scie,train,3.76,kmsav_pilot/cropped/0e76Mv3YWso/utts/000080.mp4,그래서 저희 아직 많이 갖고 있는 질문이라고 답 해드릴 수 있을 것 같습니다.
0e76Mv3YWso_000082,0e76Mv3YWso,scie,train,6.04,kmsav_pilot/cropped/0e76Mv3YWso/utts/000082.mp4,네 이거 아주 깊은 질문인데 뇌성마비는 대개는 아이가 태어날때 너무 일찍 나왔거나
0e76Mv3YWso_000083,0e76Mv3YWso,scie,train,5.12,kmsav_pilot/cropped/0e76Mv3YWso/utts/000083.mp4,뭐 너무 늦게 나왔거나 아니면 너무 산모가 출혈이 있거나 아이가 거꾸로 안
0e76Mv3YWso_000084,0e76Mv3YWso,scie,train,6.72,kmsav_pilot/cropped/0e76Mv3YWso/utts/000084.mp4,누워 있다가 나왔거나 무슨 문제가 있을때 뇌에 문제가 생기는 건데 어 뇌성마비도 여러가지 증상이 있지만
0e76Mv3YWso_000085,0e76Mv3YWso,scie,train,5.48,kmsav_pilot/cropped/0e76Mv3YWso/utts/000085.mp4,제가 아까 말씀드렸던 대로 기저핵이라는 부분이 주로 망가지는 뇌성마비가 있거든요?
0e76Mv3YWso_000086,0e76Mv3YWso,scie,train,8.8,kmsav_pilot/cropped/0e76Mv3YWso/utts/000086.mp4,아까 그 문소리가 바로 그 연기를 한거예요. 뇌성마비 환자를 처음 어릴때부터 그랬거든요. 그런 사람은 어릴때 그래서 제가 말씀드린 긴장 이상증을 일으키는 병은 많아요.
0e76Mv3YWso_000087,0e76Mv3YWso,scie,train,7.16,kmsav_pilot/cropped/0e76Mv3YWso/utts/000087.mp4,뇌졸중도 기저핵이 망가지면 다 올 수 있는데 뇌성마비는 어릴때부터 이게 망가져서 이렇게 오랫동안 사는 건데
0e76Mv3YWso_000089,0e76Mv3YWso,scie,train,6.16,kmsav_pilot/cropped/0e76Mv3YWso/utts/000089.mp4,근데 일반적으로 뇌성마비는 다 망가져요. 온 몸이 다 이러기 때문에 그걸 다 보톡스를 할 수가 없어서
0e76Mv3YWso_000090,0e76Mv3YWso,scie,train,5.32,kmsav_pilot/cropped/0e76Mv3YWso/utts/000090.mp4,사실 가장 난제입니다. 뇌성마비는요. 아직까지도요. 계속 연구중인데 아직까지는 별 수가 없습니다.
0e76Mv3YWso_000092,0e76Mv3YWso,scie,train,7.32,kmsav_pilot/cropped/0e76Mv3YWso/utts/000092.mp4,"글쎄, 역시 어려운 문제인데 남자도 물론 변연계에서 사랑이 나오죠. 그런데 일반적으로 변연계의 활성화는"
0e76Mv3YWso_000093,0e76Mv3YWso,scie,train,8.56,kmsav_pilot/cropped/0e76Mv3YWso/utts/000093.mp4,우리 우리가 기능적 MRI라고 통 속에 들어가서 뭐뭐 손을 움직여버리면 여기 활성화되는 걸 보고 알 수가 있는게 있는데 여자들이 훨씬 더 강하죠.
0e76Mv3YWso_000094,0e76Mv3YWso,scie,train,8.52,kmsav_pilot/cropped/0e76Mv3YWso/utts/000094.mp4,그리고 어 엠퍼시라고 그럴까요? 애가 우는 소리를 들으면 여자는 변연계가 막 활성화돼요. 남자들은 별로 안해요. 긴가민가합니다.
0e76Mv3YWso_000097,0e76Mv3YWso,scie,train,5.0,kmsav_pilot/cropped/0e76Mv3YWso/utts/000097.mp4,오랫동안 삶이 달라왔기 때문에 여성이 오랫동안 아이를 키워야 했고 예민했기 때문에
0e76Mv3YWso_000098,0e76Mv3YWso,scie,train,9.24,kmsav_pilot/cropped/0e76Mv3YWso/utts/000098.mp4,모든 감각이 여성이 예민해요. 모든 감각이요. 뭐 근데 여 그건 길러져서 그런게 아니라 아기도 그래. 갓난아기도 여자가 훨씬 더 예민하다고 그 태어난 거죠.
0e76Mv3YWso_000099,0e76Mv3YWso,scie,train,6.48,kmsav_pilot/cropped/0e76Mv3YWso/utts/000099.mp4,그니까. 남녀가 같을 순 없어요. 뇌로 볼때는. 몰라요. 이게 똑같이 생활을 하다 보면은 똑같아질수도 있지만 아직까지는 그래요.
0e76Mv3YWso_000100,0e76Mv3YWso,scie,train,8.44,kmsav_pilot/cropped/0e76Mv3YWso/utts/000100.mp4,그렇기 때문에 서로의 특성을 특장을 살려서 서로서로 도와서 서로 가서 제가 보기엔 변연계와 심피질을 둘 다 쓰는게 제일 좋아요.
0e76Mv3YWso_000101,0e76Mv3YWso,scie,train,3.56,kmsav_pilot/cropped/0e76Mv3YWso/utts/000101.mp4,그니까. 남자가 도와줘야지. 남자가 애 봐주지 않으면 못하니까.
0e76Mv3YWso_000102,0e76Mv3YWso,scie,train,6.56,kmsav_pilot/cropped/0e76Mv3YWso/utts/000102.mp4,그렇게해서 그렇기 때문에 제가 말씀는 거에요. 사회적으로 우리가 다같이 그걸 이해해서 차이를 그런 좋은 사회를 이뤄야 되는 것 같아요.
0e76Mv3YWso_000104,0e76Mv3YWso,scie,train,5.76,kmsav_pilot/cropped/0e76Mv3YWso/utts/000104.mp4,그거는 약간 과장됐으나 아주 가능 안하 안하 안하지 하지 않다고 말 할 수는 없는 것이
0e76Mv3YWso_000105,0e76Mv3YWso,scie,train,7.04,kmsav_pilot/cropped/0e76Mv3YWso/utts/000105.mp4,치매 중에 알츠하이머 병이 제일 유명하지만 알츠하이머 병의 사촌쯤 되는 병이 있어요. 그건 전두엽 축두엽 치매라고
0e76Mv3YWso_000107,0e76Mv3YWso,scie,train,5.4,kmsav_pilot/cropped/0e76Mv3YWso/utts/000107.mp4,근데 고 놈은 약간 변동 되어가지고 앞 쪽에 전두엽이 망가지다 보니까 성격이 달라져요.
0e76Mv3YWso_000108,0e76Mv3YWso,scie,train,6.04,kmsav_pilot/cropped/0e76Mv3YWso/utts/000108.mp4,전두엽은 우리 우리 자아거든요. 자아가 전두엽이 망가지면 순하던 사람이 막 난폭해지고 어
0e76Mv3YWso_000109,0e76Mv3YWso,scie,train,5.0,kmsav_pilot/cropped/0e76Mv3YWso/utts/000109.mp4,난폭하던 사람이 얌전해지고 변합니다. 사람이 달 달라지면 그건 치매 징조가 있는거죠.
0e76Mv3YWso_000110,0e76Mv3YWso,scie,train,8.08,kmsav_pilot/cropped/0e76Mv3YWso/utts/000110.mp4,전두엽이 많이 망가지니까 평상시에 전두엽이 억누르고 있던 다른 것이 오히려 릴리즈가 됐어요. 해소 해소가 될 수가 있어요.
0e76Mv3YWso_000111,0e76Mv3YWso,scie,train,7.56,kmsav_pilot/cropped/0e76Mv3YWso/utts/000111.mp4,"전두엽은 경찰이에요. 우리 몸을 다 지배하고 뇌가 하면 하면 안돼, 살인자들이 전두엽 기능이 장애가 많은 거 아시죠?"
0e76Mv3YWso_000112,0e76Mv3YWso,scie,train,7.2,kmsav_pilot/cropped/0e76Mv3YWso/utts/000112.mp4,살인 살인자들 보면은 미국에 저 교도소에 있는 사람들하면 반 이상이 뭐가 문제가 있거나 해부학적으로
0e76Mv3YWso_000113,0e76Mv3YWso,scie,train,4.72,kmsav_pilot/cropped/0e76Mv3YWso/utts/000113.mp4,아니면 기능적으로 전두엽이 이상이 있는 겁니다. 그런 발작적인 살인 같은 거를
0e76Mv3YWso_000114,0e76Mv3YWso,scie,train,4.44,kmsav_pilot/cropped/0e76Mv3YWso/utts/000114.mp4,억누르지 못해서 생기는거 거든요. 전두엽이 누누 눌러주지 못해서
0e76Mv3YWso_000116,0e76Mv3YWso,scie,train,6.48,kmsav_pilot/cropped/0e76Mv3YWso/utts/000116.mp4,실제로 그런 그림들이 많이 레포트가 돼요. 그 그림을 더 멋있게 그리고 다르게 그리는 것들이 레포트가 많이 돼서
0fppXi4h5v8_000001,0fppXi4h5v8,issu,train,4.12,kmsav_pilot/cropped/0fppXi4h5v8/utts/000001.mp4,중국 정부의 문서가 위조된 것이라는 의혹이 제기 됐습니다.
0fppXi4h5v8_000013,0fppXi4h5v8,issu,train,3.6,kmsav_pilot/cropped/0fppXi4h5v8/utts/000013.mp4,아 지나치게 낮은 형을 선고한 것이 아닌가 생각이 듭니다.
1DKwTQ5yL6k_000005,1DKwTQ5yL6k,inte,train,5.08,kmsav_pilot/cropped/1DKwTQ5yL6k/utts/000005.mp4,형이 전역을 이번 이번 어 상부에서 그러니까.
1DKwTQ5yL6k_000013,1DKwTQ5yL6k,inte,train,3.48,kmsav_pilot/cropped/1DKwTQ5yL6k/utts/000013.mp4,안녕하세요. 군복무를 마치고 돌아온 정현철 입니다.
1DKwTQ5yL6k_000014,1DKwTQ5yL6k,inte,train,3.88,kmsav_pilot/cropped/1DKwTQ5yL6k/utts/000014.mp4,저도 현철이형과 같이 군복무를 마치고 돌아온 김주성 입니다.
1DKwTQ5yL6k_000023,1DKwTQ5yL6k,inte,train,2.36,kmsav_pilot/cropped/1DKwTQ5yL6k/utts/000023.mp4,군대에선 안 밝지 않았어? 허허허허
1DKwTQ5yL6k_000024,1DKwTQ5yL6k,inte,train,8.2,kmsav_pilot/cropped/1DKwTQ5yL6k/utts/000024.mp4,그냥 그래도 분위기 분위기가 그게 쳐지지 않게 노력하고 계속 밝게 있으려고 그런 거 똑같은 거 같아요. 저는
1DKwTQ5yL6k_000026,1DKwTQ5yL6k,inte,train,9.24,kmsav_pilot/cropped/1DKwTQ5yL6k/utts/000026.mp4,서울 두 2명 있었나? 그치? 이제 그 친구들 덕분에 저희가 좀 적응을 좀 빨리 했을 수 할 수 있었던 것 같아요. 항상 같이 다니면서 안에서 좀 추억도 많이 쌓고
1DKwTQ5yL6k_000027,1DKwTQ5yL6k,inte,train,2.08,kmsav_pilot/cropped/1DKwTQ5yL6k/utts/000027.mp4,같이 뭐 얘기하고 이러면 뭐
1DKwTQ5yL6k_000028,1DKwTQ5yL6k,inte,train,7.12,kmsav_pilot/cropped/1DKwTQ5yL6k/utts/000028.mp4,저희끼리 방에서 어디 나가질 못하니깐. 방에서 뭐 얘기 모여서 얘기하고 부르마블
1DKwTQ5yL6k_000030,1DKwTQ5yL6k,inte,train,8.8,kmsav_pilot/cropped/1DKwTQ5yL6k/utts/000030.mp4,저녁에 이제 할 게 할 게 없으니까. 저녁 먹고 막 부르마블 같은 거 하고 PX에서 막 맛있는 거 사갖고 저희 같이 먹고 막 그 그러면서 시간을 보냈던 것 같아요.
1DKwTQ5yL6k_000044,1DKwTQ5yL6k,inte,train,5.8,kmsav_pilot/cropped/1DKwTQ5yL6k/utts/000044.mp4,커피 한 잔 할래요. 커피 한 잔.
1DKwTQ5yL6k_000046,1DKwTQ5yL6k,inte,train,7.0,kmsav_pilot/cropped/1DKwTQ5yL6k/utts/000046.mp4,여기와서도 그렇게 할거라고 걔는 제가 짐작을 했었어요. 그렇게 말하는 거 보니까. 어떻게 행동하는지 짐작이 가네요.
54ULzusB3zU_000004,54ULzusB3zU,scie,train,10.0,kmsav_pilot/cropped/54ULzusB3zU/utts/000004.mp4,"여러가지 의미가 있을 것 같습니다. 근데 컴퓨터가 해결했다는 것이 무슨 의미가 있는건지, 예를 들어서 사색정리라는 문제를 푸는 것이 가장 어려운"
54ULzusB3zU_000005,54ULzusB3zU,scie,train,8.6,kmsav_pilot/cropped/54ULzusB3zU/utts/000005.mp4,"알고리즘을 이용해서 수학문제를 푼 것인지, 아니면 계산시간이 아까 이야기 했던 단순한 문제지만 계산시간이"
54ULzusB3zU_000006,54ULzusB3zU,scie,train,7.52,kmsav_pilot/cropped/54ULzusB3zU/utts/000006.mp4,뭐 1000대의 컴퓨터로 열흘을 풀어야지 비트코인 하나에 나오는 숫자를 찾을 수 있는 거니까 그게 가장 어려운 문제인지
54ULzusB3zU_000009,54ULzusB3zU,scie,train,9.32,kmsav_pilot/cropped/54ULzusB3zU/utts/000009.mp4,"어 너무나 어려운 걸로 생각했는데, 컴퓨터의 도움을 받아서 쉽게 해결한 문제가 뭐냐? 뭐 이렇게 나름 문제를 가져다가"
54ULzusB3zU_000010,54ULzusB3zU,scie,train,9.88,kmsav_pilot/cropped/54ULzusB3zU/utts/000010.mp4,"제가 재해석을 해보면, 비교적 그 우리가 이해는 잘 하고 있는 것들이 있습니다. 그니까 예를 들어서 뭐"
54ULzusB3zU_000011,54ULzusB3zU,scie,train,9.76,kmsav_pilot/cropped/54ULzusB3zU/utts/000011.mp4,뉴튼의 역학 같은 경우에는 굉장히 직관적으로 이해를 할 수 있죠. 그니까 간단한 어 물리 모형들 같은 경우에는 직관적으로 이해하는 데는 별 문제가 없습니다.
54ULzusB3zU_000013,54ULzusB3zU,scie,train,9.24,kmsav_pilot/cropped/54ULzusB3zU/utts/000013.mp4,현상입니다. 그렇지만 이 문제를 가져다가 사람보고 풀라고 그러면 미지수가 아까 이야기했던 우리 문제를 풀려고 하는 방정식의
54ULzusB3zU_000015,54ULzusB3zU,scie,train,7.28,kmsav_pilot/cropped/54ULzusB3zU/utts/000015.mp4,가능하지 않겠죠. 그 그 방정식이 아무리 간단한 거라 하더라도 상당히 복잡한 여러가지 것들을 포함하고 있는 문제니까
54ULzusB3zU_000016,54ULzusB3zU,scie,train,10.0,kmsav_pilot/cropped/54ULzusB3zU/utts/000016.mp4,틀림없이 어려운 문제일 것 같습니다. 사람의 관점에서는. 그렇지만 컴퓨터 제가 전공하고있는 수치에서 특히 미분방정식이라고 이야기하는 거는
54ULzusB3zU_000017,54ULzusB3zU,scie,train,9.84,kmsav_pilot/cropped/54ULzusB3zU/utts/000017.mp4,"일단 기본적인 원리만 이해한다면, 그러면 그 작업이 지난하고 굉장히 오래걸리고"
54ULzusB3zU_000023,54ULzusB3zU,scie,train,6.04,kmsav_pilot/cropped/54ULzusB3zU/utts/000023.mp4,그랬더니 그 기계는 움직이다가 벽에 부딪히면 스스로 물러나서 다른 데로 갑니다.
54ULzusB3zU_000024,54ULzusB3zU,scie,train,7.96,kmsav_pilot/cropped/54ULzusB3zU/utts/000024.mp4,"만약 이걸 사람들이 프로그램을 짜서 만든다 그러면, 자 벽에 부딪히면 뭐하라 이런식으로 명령을 만들겠죠. 그런데 그게 아니라 각 신경들이"
54ULzusB3zU_000025,54ULzusB3zU,scie,train,9.92,kmsav_pilot/cropped/54ULzusB3zU/utts/000025.mp4,"각 각 뉴런들이 어떻게 신호를 주는지만 결정해 주면, 걔가 마치 살아있는 것 처럼 움직인다라는 거죠. 사실 극단적으로 얘기하면 사람도 그런 존재일 지도 모릅니다."
54ULzusB3zU_000026,54ULzusB3zU,scie,train,8.28,kmsav_pilot/cropped/54ULzusB3zU/utts/000026.mp4,"우리가 의식이 있다고 하고 영혼이 있다고 하지만, 사실은 우리 착각일 수도 있는거죠. 우리는 다만 뇌가 그렇게 이해하는 것 일 지도 모릅니다. 뭐 알 수 없는 일이죠."
54ULzusB3zU_000027,54ULzusB3zU,scie,train,7.04,kmsav_pilot/cropped/54ULzusB3zU/utts/000027.mp4,그런데 이제 이런 건 굉장히 철학적인 질문이 되겠죠? 여기에서 이제 우리의 영혼이 있는지 없는지 이 이런 식으로
54ULzusB3zU_000028,54ULzusB3zU,scie,train,8.0,kmsav_pilot/cropped/54ULzusB3zU/utts/000028.mp4,뉴런에 따라 움직이는 생명체가 과연 생명체라고 할 수 있는 것인지 아닌지 어 수학적으로 결론 내릴 수 있는 일은 아닐 것 같고요.
54ULzusB3zU_000031,54ULzusB3zU,scie,train,7.52,kmsav_pilot/cropped/54ULzusB3zU/utts/000031.mp4,순서도 이렇게 해서 튜링의 알고리즘 프로그램을 짤 수 있을거 것처럼 보입니다. 그런데 또 하나는 인공
54ULzusB3zU_000034,54ULzusB3zU,scie,train,9.6,kmsav_pilot/cropped/54ULzusB3zU/utts/000034.mp4,"알파고는 컴퓨터를 만들어 놓는다고 해가지고 뭔가 일을 잘 하지 못합니다. 뭔가 계속해서 훈련시키고, 어떤 식으로 어떤 방식으로"
54ULzusB3zU_000037,54ULzusB3zU,scie,train,8.84,kmsav_pilot/cropped/54ULzusB3zU/utts/000037.mp4,"지금 현재는 어쨌든 튜링 머신으로 구현되어져 있기 때문에, 딱 그 상태로 그대로 찍어서 거기 있었던 학습경험도 옮겨 갈 수 있습니다."
54ULzusB3zU_000038,54ULzusB3zU,scie,train,9.32,kmsav_pilot/cropped/54ULzusB3zU/utts/000038.mp4,"그런데 더 복잡한 경우에 특히 이런 이제 생물체 같은 걸 만들면, 똑같은 모양으로 복잡한 이만큼 복잡한 걸 만든다 하더라도,"
54ULzusB3zU_000040,54ULzusB3zU,scie,train,8.48,kmsav_pilot/cropped/54ULzusB3zU/utts/000040.mp4,"알고리즘을 이제 확장을 해 왔을 거 같은데, 과연 상태라는 것들을 포괄적으로 포함하는 머신이 뭐냐?"
54ULzusB3zU_000043,54ULzusB3zU,scie,train,9.56,kmsav_pilot/cropped/54ULzusB3zU/utts/000043.mp4,말씀 듣다보니까 그 알파고의 동작을 지배하는 그 알고리즘은 수학자들의 손에 의해서 지금도 계속 발전하고 있는 건가요?
54ULzusB3zU_000047,54ULzusB3zU,scie,train,9.68,kmsav_pilot/cropped/54ULzusB3zU/utts/000047.mp4,"그래서 컴퓨팅이 가능하다는 건 알려져 있었어요. 90년에 그런데 90년부터 지금까지 20년, 30년 동안 발전을 못한 이유는 뭐냐면"
54ULzusB3zU_000048,54ULzusB3zU,scie,train,9.88,kmsav_pilot/cropped/54ULzusB3zU/utts/000048.mp4,그 의미있는 계산에 도달하는 시간이 너무나 오래 걸렸었거든요. 상상을 초월하게 오래 걸렸었거든요. 그 각각 다 해보는 것과 바둑을 다 둬보는게 좋은건지
54ULzusB3zU_000049,54ULzusB3zU,scie,train,3.36,kmsav_pilot/cropped/54ULzusB3zU/utts/000049.mp4,아님 바둑 두는 걸 갖다 훈련시키는게 좋을지 잘 몰랐는데
54ULzusB3zU_000051,54ULzusB3zU,scie,train,8.44,kmsav_pilot/cropped/54ULzusB3zU/utts/000051.mp4,"씰이나 이런 것들을 만드는데, 근데 과연 왜 그렇게 잘 되는지 잘 모르거든요. 그게 한계죠."
54ULzusB3zU_000057,54ULzusB3zU,scie,train,8.24,kmsav_pilot/cropped/54ULzusB3zU/utts/000057.mp4,그니까 새로운 수학 도구들이 많이 생겼습니다. 그니까 그걸 수학적 으로 분석해 봐야 되겠다는 건 굉장히 최근의 수학계의 관심사 거든요.
54ULzusB3zU_000064,54ULzusB3zU,scie,train,8.16,kmsav_pilot/cropped/54ULzusB3zU/utts/000064.mp4,어 이 사실 무식한 알고리듬들도 많죠. 그냥 일일이 뭐든 경우를 다 넣어본다. 이런것도 뭐 알고리듬이긴 합니다. 별로 의미가 없어서 그렇지
54ULzusB3zU_000066,54ULzusB3zU,scie,train,9.8,kmsav_pilot/cropped/54ULzusB3zU/utts/000066.mp4,"어 문제에 주어져 있는 그 밑에 깔려있는 숨어있는 구조가 무엇인지를 파악하고 이런걸 볼려고 내는 문제니까, 기본적으로는 어 그냥 유한한 단계를"
54ULzusB3zU_000068,54ULzusB3zU,scie,train,6.64,kmsav_pilot/cropped/54ULzusB3zU/utts/000068.mp4,어 어 그러니까 컴퓨 뭐 알고리듬으로 문제를 풀겠다는 생각은 안하시는 게 좋습니다.
54ULzusB3zU_000078,54ULzusB3zU,scie,train,9.36,kmsav_pilot/cropped/54ULzusB3zU/utts/000078.mp4,"사람한테 의미있는 종류의 그 학생이 이 문제를 받았을 때, 어떤 식의 수학적 사고를 가질 지 실측하기 위해서 문제를 내는 거지 않습니까?"
54ULzusB3zU_000080,54ULzusB3zU,scie,train,9.52,kmsav_pilot/cropped/54ULzusB3zU/utts/000080.mp4,저도 뭐 답을 모릅니다. 강 인공지능이라는 거가 본질적으로 존재할지 그런데 1가지 저의 생각은 우리가 우리가
54ULzusB3zU_000082,54ULzusB3zU,scie,train,9.56,kmsav_pilot/cropped/54ULzusB3zU/utts/000082.mp4,"정치 사회적인 문제는 잘 모르겠지만, 수학문제를 갖다가 푸는 도구로써 인공지능을 발전시킨다고 그러면, 우리는 아무런 할 일 이 없는 종류로 인공지능을"
54ULzusB3zU_000083,54ULzusB3zU,scie,train,2.32,kmsav_pilot/cropped/54ULzusB3zU/utts/000083.mp4,발전시킬 가능성은 없다고 보여지고요.
54ULzusB3zU_000084,54ULzusB3zU,scie,train,9.16,kmsav_pilot/cropped/54ULzusB3zU/utts/000084.mp4,"우리의 사고를 훨씬 더 넓히고, 우리가 관심있는 문제를 새로운 지평을 열어줄 수 있도록 도움을 주는 형태의 인공지능을 만들 것 같습니다."
54ULzusB3zU_000085,54ULzusB3zU,scie,train,9.44,kmsav_pilot/cropped/54ULzusB3zU/utts/000085.mp4,"제가 인공지능을 한다고 하더라도, 제가 이제까지 한 번도 해보지 못했던 종류의 새로운 생각을 할 수 있는 도움이 되는 인공지능이라고 한다면, 그러면"
54ULzusB3zU_000088,54ULzusB3zU,scie,train,9.04,kmsav_pilot/cropped/54ULzusB3zU/utts/000088.mp4,1가지 시각은 리만가설 자체가 우리가 갖고 있는 수학체계의 공리체계 극단적으로는 이거는 뭐
54ULzusB3zU_000094,54ULzusB3zU,scie,train,6.04,kmsav_pilot/cropped/54ULzusB3zU/utts/000094.mp4,그런 계산이 좀 더 빨라질 수 있을까? 뭐 이런 질문을 전 이제 해석을 하는 사람이니까 할 수 있을 거 같은데요.
54ULzusB3zU_000098,54ULzusB3zU,scie,train,9.16,kmsav_pilot/cropped/54ULzusB3zU/utts/000098.mp4,그러니까 컴퓨터의 도움이나 컴퓨터가 아까 말씀 드렸듯이 그런 리만 문제를 푸는데 도움이 되는 쪽으로 확장 할 수는 있지만
54ULzusB3zU_000099,54ULzusB3zU,scie,train,6.32,kmsav_pilot/cropped/54ULzusB3zU/utts/000099.mp4,본질적으론 나보다 더 빨리 그 문제의 본질을 이해하는 건 저는 사실 가능성은 상당히 낮다고 보여집니다.
54ULzusB3zU_000101,54ULzusB3zU,scie,train,8.28,kmsav_pilot/cropped/54ULzusB3zU/utts/000101.mp4,"리만 가설 사실 대부분의 수학자는 아마 참일꺼야. 라고 믿고 있는데, 그 이제 이 0되는 곳이 1/2 바깥쪽이 없어 라는 거죠."
54ULzusB3zU_000102,54ULzusB3zU,scie,train,6.24,kmsav_pilot/cropped/54ULzusB3zU/utts/000102.mp4,"그러면 이게 만약에 1/2 바깥쪽에 하나라도 있다는 게 우리가 알고 있다면 존재성을 알고 있다면,"
54ULzusB3zU_000105,54ULzusB3zU,scie,train,3.0,kmsav_pilot/cropped/54ULzusB3zU/utts/000105.mp4,인간이 할 수 있는 하나쯤은 남겨 놔야죠.
54ULzusB3zU_000108,54ULzusB3zU,scie,train,9.24,kmsav_pilot/cropped/54ULzusB3zU/utts/000108.mp4,반례를 찾아서 증명이 아니라 반례를 찾아서 몇 십 년 된 문제들이 더 이상 가설로 남지 않고 틀린 걸 발견하는 경우는
54ULzusB3zU_000109,54ULzusB3zU,scie,train,5.12,kmsav_pilot/cropped/54ULzusB3zU/utts/000109.mp4,최근에 꽤 있습니다. 그런데 리만 가설이 그럴 가능성은 글쎄요.
54ULzusB3zU_000110,54ULzusB3zU,scie,train,5.0,kmsav_pilot/cropped/54ULzusB3zU/utts/000110.mp4,"이 마지막 질문으로써, 제가 그냥 떠오르는 거 하나 좀 여쭤봐 좀 보도록 하겠습니다."
54ULzusB3zU_000115,54ULzusB3zU,scie,train,9.44,kmsav_pilot/cropped/54ULzusB3zU/utts/000115.mp4,"사색정리 증명이 나왔을 때, 전부다 대부분의 수학자들이 어글리라고 했던 이유가 그 증명 과정이 컴퓨터에 들어있기 때문에 우리가 알 수가 없잖아요. 눈에 보이지 않았기 때문에"
54ULzusB3zU_000116,54ULzusB3zU,scie,train,8.76,kmsav_pilot/cropped/54ULzusB3zU/utts/000116.mp4,그래서 어 증명을 인정하지 않는다의 뜻이 아니라 증명이 아름답지 않다. 분명히 아름다운 더 아름다운 증명이 있을꺼야. 이렇게 생각을 했습니다.
54ULzusB3zU_000119,54ULzusB3zU,scie,train,9.76,kmsav_pilot/cropped/54ULzusB3zU/utts/000119.mp4,그걸 컴퓨터로 구현을 해서 그게 이런 결과를 보여준다는 걸 봅니다. 그 그림을 딱 보면 아 역시 컴퓨터의 계산의 결과는
5lX4UInJwBU_000003,5lX4UInJwBU,beau,train,2.56,kmsav_pilot/cropped/5lX4UInJwBU/utts/000003.mp4,안녕하세요 다노의 에디터 례아입니다.
5lX4UInJwBU_000006,5lX4UInJwBU,beau,train,2.36,kmsav_pilot/cropped/5lX4UInJwBU/utts/000006.mp4,그걸 왜 가지고 싶어 하시죠?
5lX4UInJwBU_000009,5lX4UInJwBU,beau,train,2.24,kmsav_pilot/cropped/5lX4UInJwBU/utts/000009.mp4,저번에는 례아님께서 문제를 내주셨는데
5lX4UInJwBU_000011,5lX4UInJwBU,beau,train,2.56,kmsav_pilot/cropped/5lX4UInJwBU/utts/000011.mp4,오늘은 제가 문제를 내는 시간을 가지도록 할거에요
5lX4UInJwBU_000013,5lX4UInJwBU,beau,train,8.4,kmsav_pilot/cropped/5lX4UInJwBU/utts/000013.mp4,"다이어트 상식 퀴즈입니다. 오늘 퀴즈는 O, X로 답변을 해주시면 되고요. 보시는 우리 다노블리 분들도 한번 같이 도전 해보시도록 할게요."
5lX4UInJwBU_000027,5lX4UInJwBU,beau,train,2.52,kmsav_pilot/cropped/5lX4UInJwBU/utts/000027.mp4,저희 여기 뭐 프롬프터 이런거 없어요 여러분들
5lX4UInJwBU_000029,5lX4UInJwBU,beau,train,6.52,kmsav_pilot/cropped/5lX4UInJwBU/utts/000029.mp4,찬물 따듯한 물 굉장히 찬반 논란이 쎈걸로 전 알고있는데 저는 O 왜냐하면 제가 일단 찬물을 좋아해요
5lX4UInJwBU_000032,5lX4UInJwBU,beau,train,5.12,kmsav_pilot/cropped/5lX4UInJwBU/utts/000032.mp4,저는 완전 예스! 왜냐면? 물 이콜 천연 식욕 억제제 이렇게 알고 있어요.
5lX4UInJwBU_000035,5lX4UInJwBU,beau,train,6.6,kmsav_pilot/cropped/5lX4UInJwBU/utts/000035.mp4,좋습니다. 자 1번째 문제가 뭐였냐면요? 하루 2L 이상의 물을 마셔주면 살이 빠진다? 정답은
5lX4UInJwBU_000039,5lX4UInJwBU,beau,train,6.92,kmsav_pilot/cropped/5lX4UInJwBU/utts/000039.mp4,왜? X인지를 좀 이렇게 설명을 드리면은 물이 다이어트에 좋다는 사실 몸에 좋다는 사실은 다들 알고 계시죠?
5lX4UInJwBU_000043,5lX4UInJwBU,beau,train,3.76,kmsav_pilot/cropped/5lX4UInJwBU/utts/000043.mp4,네 여기에 이제 문제 속에 함정이 있다라고 말씀을 드리고 싶은데요.
5lX4UInJwBU_000051,5lX4UInJwBU,beau,train,5.28,kmsav_pilot/cropped/5lX4UInJwBU/utts/000051.mp4,네 맞아요. 이렇게 해서 2L를 목표로 먹을 수 있도록 기준을 정해 놓았거든요.
5lX4UInJwBU_000052,5lX4UInJwBU,beau,train,9.84,kmsav_pilot/cropped/5lX4UInJwBU/utts/000052.mp4,그러면 제 몸무게 곱하기 0.033을 하면은 나오는 숫자가 내가 하루에 먹어야 될 물 양이라고 인지가 되는데 그럼 그렇게 먹으면 되는 건가요?
5lX4UInJwBU_000060,5lX4UInJwBU,beau,train,2.88,kmsav_pilot/cropped/5lX4UInJwBU/utts/000060.mp4,어 약간 레몬 색깔? 레몬의 껍데기 말고 레몬의
5lX4UInJwBU_000068,5lX4UInJwBU,beau,train,9.6,kmsav_pilot/cropped/5lX4UInJwBU/utts/000068.mp4,예스. 네 그래서 이런 개인차도 존재하니까요. 아까 말씀드렸던 소변 체크를 통해서 내 수분이 지금 충분한지를 확인해 보시면은 더 좋을거 같습니다.
5lX4UInJwBU_000072,5lX4UInJwBU,beau,train,5.88,kmsav_pilot/cropped/5lX4UInJwBU/utts/000072.mp4,X입니다. 우리가 이 물에 좋은 효과를 가져가기 위해서는 맹물을 마시는게 더 좋습니다.
5lX4UInJwBU_000073,5lX4UInJwBU,beau,train,8.44,kmsav_pilot/cropped/5lX4UInJwBU/utts/000073.mp4,카페인이 근데 다이어트에 도움이 많이 된다고 그래 가지고 근육 막 운동하기 전에 아이스 아메리카노 마시고 시작하는 분들도 계시고 그러시던데
5lX4UInJwBU_000076,5lX4UInJwBU,beau,train,9.04,kmsav_pilot/cropped/5lX4UInJwBU/utts/000076.mp4,그래서 오히려 몸에 더 수분이 더 부족한 상태가 되겠죠. 그러다 보니까 아까 말했던 신진대사 있잖아요 그런게 잘 안 이루어 질수 있겠죠 그러니까 다이어트에는 더 도움이 안될 수 있겠죠
5lX4UInJwBU_000079,5lX4UInJwBU,beau,train,4.12,kmsav_pilot/cropped/5lX4UInJwBU/utts/000079.mp4,나는 맹물이 너무 먹기가 어렵다 하시는 분들은 어떡하죠 그러면
5lX4UInJwBU_000080,5lX4UInJwBU,beau,train,4.56,kmsav_pilot/cropped/5lX4UInJwBU/utts/000080.mp4,그런 분들은 오히려 이런 카페인이 없는 차 종류를 드시는걸 좀 권장드려요
5lX4UInJwBU_000082,5lX4UInJwBU,beau,train,2.4,kmsav_pilot/cropped/5lX4UInJwBU/utts/000082.mp4,어 그렇죠 보리차나 뭐 현미차
5lX4UInJwBU_000085,5lX4UInJwBU,beau,train,5.56,kmsav_pilot/cropped/5lX4UInJwBU/utts/000085.mp4,그래서 카페에 레몬물이 있나? 어 오늘 케이크 먹었는데 레몬물 먹으니까 조금 좀 똔또니 친거 같다. 약간
5lX4UInJwBU_000090,5lX4UInJwBU,beau,train,2.56,kmsav_pilot/cropped/5lX4UInJwBU/utts/000090.mp4,물의 온도가 영향을 그렇게 크게 주진 않아요.
5lX4UInJwBU_000093,5lX4UInJwBU,beau,train,3.48,kmsav_pilot/cropped/5lX4UInJwBU/utts/000093.mp4,아아 그럼 온도에 굳이 일희일비할 필요가 없겠네요.
5lX4UInJwBU_000095,5lX4UInJwBU,beau,train,2.48,kmsav_pilot/cropped/5lX4UInJwBU/utts/000095.mp4,좋습니다. 그러면 다음 문제로 넘어가 볼게요.
5lX4UInJwBU_000101,5lX4UInJwBU,beau,train,4.12,kmsav_pilot/cropped/5lX4UInJwBU/utts/000101.mp4,습관 성형을 아마 열심히 하신 우리 다노블리 분들은 다 맞추셨겠죠?
5lX4UInJwBU_000105,5lX4UInJwBU,beau,train,4.32,kmsav_pilot/cropped/5lX4UInJwBU/utts/000105.mp4,우리가 자면서 노폐물을 배출하는 시간을 갖다 보니까
5lX4UInJwBU_000109,5lX4UInJwBU,beau,train,3.8,kmsav_pilot/cropped/5lX4UInJwBU/utts/000109.mp4,그러면은 아침에 일어났을때 가장 먼저 하는 행동이 어떤 거에요?
5lX4UInJwBU_000115,5lX4UInJwBU,beau,train,8.52,kmsav_pilot/cropped/5lX4UInJwBU/utts/000115.mp4,나머지 7잔을 드시는 것도 이제 좀 습관으로 만들기 어렵잖아요. 그래서 그거는 알람 설정을 해서 드셔보시는 거를 권장을 드려요.
5lX4UInJwBU_000119,5lX4UInJwBU,beau,train,9.4,kmsav_pilot/cropped/5lX4UInJwBU/utts/000119.mp4,네 되게 간단한 건데 이 하나가 굉장히 강력해요. 나에게 그 습관 신호를 주는 거죠. 여러분도 한번 나의 싸이클에 맞춰서 알람 설정을 해보세요.
75AWLc2tQIQ_000005,75AWLc2tQIQ,scie,train,9.36,kmsav_pilot/cropped/75AWLc2tQIQ/utts/000005.mp4,"어 각각의 각각의 방법이 분자를 움직이게 하는 건 있는데, 트위저 같은 경우에는 어 빛을 이용해 갖고, 어떤 빛의 어떤 압력을"
75AWLc2tQIQ_000008,75AWLc2tQIQ,scie,train,8.4,kmsav_pilot/cropped/75AWLc2tQIQ/utts/000008.mp4,"어 팁 자체는 그렇게 크게 상호 작용을 하지 않지만, 집어넣어준 전자가 분자와 상호 작용을 해서 분자를 얻은 거가 어디론가"
75AWLc2tQIQ_000009,75AWLc2tQIQ,scie,train,7.64,kmsav_pilot/cropped/75AWLc2tQIQ/utts/000009.mp4,"움직이게 하는 어 그런 차이가 있습니다. 뭐 간단하게 말씀해갖고 빛이냐? 전자냐? 요, 이런 구분이 있는 것 같다고 생각합니다."
75AWLc2tQIQ_000012,75AWLc2tQIQ,scie,train,7.8,kmsav_pilot/cropped/75AWLc2tQIQ/utts/000012.mp4,더 기다려요. 라고 얘기를 들어야만 될 거라고 생각을 하구요. 그리고 STM이라는 그 도구 자체가 그렇게
75AWLc2tQIQ_000013,75AWLc2tQIQ,scie,train,9.28,kmsav_pilot/cropped/75AWLc2tQIQ/utts/000013.mp4,"어 분자를 자르는 거에는 특허가 돼 있는데, 결합을 만드는 쪽에는 아직도 해결해야 될 문제들이 굉장히 많습니다. 그 이유가,"
75AWLc2tQIQ_000014,75AWLc2tQIQ,scie,train,6.44,kmsav_pilot/cropped/75AWLc2tQIQ/utts/000014.mp4,어 STM 팁에서 나오는 아주 제한된 어
75AWLc2tQIQ_000015,75AWLc2tQIQ,scie,train,6.44,kmsav_pilot/cropped/75AWLc2tQIQ/utts/000015.mp4,"그 영역에서만, 어 전자를 집어넣어서"
75AWLc2tQIQ_000016,75AWLc2tQIQ,scie,train,8.56,kmsav_pilot/cropped/75AWLc2tQIQ/utts/000016.mp4,"그거를 흥분시켜갖고 깨는데, 2분자를 합쳐 갖고 화학 결합을 시키려면 그 2개를 동시에"
75AWLc2tQIQ_000018,75AWLc2tQIQ,scie,train,4.52,kmsav_pilot/cropped/75AWLc2tQIQ/utts/000018.mp4,어 아직 제가 알고 있는 기술로서는 그게 어
75AWLc2tQIQ_000019,75AWLc2tQIQ,scie,train,8.12,kmsav_pilot/cropped/75AWLc2tQIQ/utts/000019.mp4,"실현이 되지 않았다고 생각합니다. 그리고, 결론은 굉장히 어렵다. 하지만 불가능이라고 얘기하고 싶진 않다. 입니다."
75AWLc2tQIQ_000021,75AWLc2tQIQ,scie,train,6.12,kmsav_pilot/cropped/75AWLc2tQIQ/utts/000021.mp4,사실 이거 어떤 분자를 만드는 게 레고 조각 붙이듯이 붙이는 건 아니거든요.
75AWLc2tQIQ_000022,75AWLc2tQIQ,scie,train,9.84,kmsav_pilot/cropped/75AWLc2tQIQ/utts/000022.mp4,그래서 합성화학자들이 열심히 연구를 하고 실험실에서 불을 밝히고 그러는 것 같습니다. 그래서 사실은 이
75AWLc2tQIQ_000023,75AWLc2tQIQ,scie,train,5.44,kmsav_pilot/cropped/75AWLc2tQIQ/utts/000023.mp4,"화학자 1사람, 1사람의 노력으로 지금 분자들이 새로운 분자들도 만들어지고,"
75AWLc2tQIQ_000024,75AWLc2tQIQ,scie,train,8.92,kmsav_pilot/cropped/75AWLc2tQIQ/utts/000024.mp4,"뭐 신약도 개발되고 그러는데요, 물론 물리화학자들이 이제 아주 극한에 도전해가지고 좋은 연구를 많이 하고 계시지만,"
75AWLc2tQIQ_000025,75AWLc2tQIQ,scie,train,9.4,kmsav_pilot/cropped/75AWLc2tQIQ/utts/000025.mp4,"그것들이 또 발전이 돼서 언젠가는 그렇게 되겠지만, 적어도 저희가 살아있을 때는 안 생길 것 같습니다. 예."
75AWLc2tQIQ_000028,75AWLc2tQIQ,scie,train,9.84,kmsav_pilot/cropped/75AWLc2tQIQ/utts/000028.mp4,"아까 말씀드렸죠? 전자를 잘 받기 위해서 필요한 어떤 상태들이 존재하는데, 그게 각각 고유한 에너지의 그 레벨로 표현이 된다고요."
75AWLc2tQIQ_000029,75AWLc2tQIQ,scie,train,7.84,kmsav_pilot/cropped/75AWLc2tQIQ/utts/000029.mp4,"그 다음에 거기에 맞춰서 공명상 오낫, 그 똑같은 에너지 레벨을 맞추는 게 공명이라는 작업을 시키는 작업인데,"
75AWLc2tQIQ_000030,75AWLc2tQIQ,scie,train,6.32,kmsav_pilot/cropped/75AWLc2tQIQ/utts/000030.mp4,그 공명을 시키기 위해서 우리가 해야 될 일은 STM의 전압을 걸어주는 겁니다.
75AWLc2tQIQ_000032,75AWLc2tQIQ,scie,train,7.72,kmsav_pilot/cropped/75AWLc2tQIQ/utts/000032.mp4,"그래서 결론적으로 말씀드리면 STM 쪽에 전압을 바꿔줌으로써, 공명 상태를 만들어준다. 입니다."
75AWLc2tQIQ_000034,75AWLc2tQIQ,scie,train,9.76,kmsav_pilot/cropped/75AWLc2tQIQ/utts/000034.mp4,"우리가 어 그 전자 상태만 갖고 따져보면요. 분자가 기체 상태에 있을 때는,"
75AWLc2tQIQ_000035,75AWLc2tQIQ,scie,train,9.36,kmsav_pilot/cropped/75AWLc2tQIQ/utts/000035.mp4,"전자 상태가 굉장히 큰 간격을 갖고 떨어져 있어요. 서로. 그래서 말씀하신 대로 전자적으로 여기를 시키려면은,"
75AWLc2tQIQ_000036,75AWLc2tQIQ,scie,train,8.6,kmsav_pilot/cropped/75AWLc2tQIQ/utts/000036.mp4,뭐 몇 일렉트로 5V 6V 정도 되는 전자볼트 되는 에너지를 줘야만 되는 경우도 굉장히 많아요.
75AWLc2tQIQ_000037,75AWLc2tQIQ,scie,train,4.96,kmsav_pilot/cropped/75AWLc2tQIQ/utts/000037.mp4,"특히 아까 말씀드린 CO 일산화탄소 같은 경우는. 하지만,"
75AWLc2tQIQ_000038,75AWLc2tQIQ,scie,train,7.12,kmsav_pilot/cropped/75AWLc2tQIQ/utts/000038.mp4,"이 분자가 표면에 달라붙어, 금속 표면에 달라붙으면은, 금속 표면이 갖고 있는"
75AWLc2tQIQ_000039,75AWLc2tQIQ,scie,train,9.56,kmsav_pilot/cropped/75AWLc2tQIQ/utts/000039.mp4,"무수히 많은 전자, 자유전자와 이 분자가 새로 결합을 해서, 이 분자가 갖고 있는 상태를 훨씬 더 복잡하고,"
75AWLc2tQIQ_000040,75AWLc2tQIQ,scie,train,7.8,kmsav_pilot/cropped/75AWLc2tQIQ/utts/000040.mp4,"아주 넓게 만들어 버립니다. 그래서 상태가, 그렇게 멀리 떨어져 있는 상태가 아주 좁아지고,"
75AWLc2tQIQ_000041,75AWLc2tQIQ,scie,train,5.8,kmsav_pilot/cropped/75AWLc2tQIQ/utts/000041.mp4,"그 우리가 이용할 수 있는 범위도 굉장히 어 가능성이 높아지고,"
75AWLc2tQIQ_000042,75AWLc2tQIQ,scie,train,8.68,kmsav_pilot/cropped/75AWLc2tQIQ/utts/000042.mp4,그래서 1.5V 정도의 에너지만 줘도 이 물 분자를 전자적으로 역이시킬 수 있는 그런 상황이 되는 겁니다.
75AWLc2tQIQ_000047,75AWLc2tQIQ,scie,train,7.88,kmsav_pilot/cropped/75AWLc2tQIQ/utts/000047.mp4,"어 입자를 써야지만 볼 수가 있으니까, 혹시 중간자 정도의 크기를 가진 빔이 있어서,"
75AWLc2tQIQ_000048,75AWLc2tQIQ,scie,train,5.2,kmsav_pilot/cropped/75AWLc2tQIQ/utts/000048.mp4,"뭐 그걸로 현미경으로 이용한다고 그러면, 볼 수 있을지도 잘 모르겠지만,"
75AWLc2tQIQ_000049,75AWLc2tQIQ,scie,train,8.4,kmsav_pilot/cropped/75AWLc2tQIQ/utts/000049.mp4,"음 굉장히 꿈으로 가득 찬 질문이어서, 저도 좀 놀랐습니다. 가지고 갖고 한 번 물어보겠습니다. 전문가들한테. 감사합니다."
75AWLc2tQIQ_000063,75AWLc2tQIQ,scie,train,9.8,kmsav_pilot/cropped/75AWLc2tQIQ/utts/000063.mp4,"어 STM 팁은 표면에 직접 닿지 않습니다. 한 1n 정도 정도 떨어져 있어갖고, 직접적으로 팁이 표면에"
75AWLc2tQIQ_000064,75AWLc2tQIQ,scie,train,7.64,kmsav_pilot/cropped/75AWLc2tQIQ/utts/000064.mp4,"닿아서 원자가 바뀌거나, 뭐 이런 가능성은 없게끔 합니다. 그래서 잘 조심스럽게 해야 되고요."
75AWLc2tQIQ_000066,75AWLc2tQIQ,scie,train,6.24,kmsav_pilot/cropped/75AWLc2tQIQ/utts/000066.mp4,"전장이 걸리기 때문에, 어 원자의 이동이 일어날 수도 있어요. 팁에. 그래서,"
75AWLc2tQIQ_000067,75AWLc2tQIQ,scie,train,9.04,kmsav_pilot/cropped/75AWLc2tQIQ/utts/000067.mp4,"원래 팁은 텅스텐이나 금 , 은 아니면 백금, 이리듐, 합금, 이 정도가 보통 팁으로 많이 쓰이는 것들인데,"
75AWLc2tQIQ_000068,75AWLc2tQIQ,scie,train,8.28,kmsav_pilot/cropped/75AWLc2tQIQ/utts/000068.mp4,"그걸로 막 표면을 이 스캔하다 보면은, 언젠가 그 팁 표면이 표면에 있는 원자로 뒤덮이는 경우도 있어요."
75AWLc2tQIQ_000069,75AWLc2tQIQ,scie,train,7.84,kmsav_pilot/cropped/75AWLc2tQIQ/utts/000069.mp4,"그래서 굉장히 조심스럽게 해야 되는 거고요. 그 다음 2번째 질문은, 원자 번호가 큰 것만 보일 수 있지 않을까? 라는 질문이었는데,"
75AWLc2tQIQ_000070,75AWLc2tQIQ,scie,train,4.72,kmsav_pilot/cropped/75AWLc2tQIQ/utts/000070.mp4,어 지금 수소는 안 보여요. 리튬도 본 사람이 거의 없어요.
75AWLc2tQIQ_000071,75AWLc2tQIQ,scie,train,6.52,kmsav_pilot/cropped/75AWLc2tQIQ/utts/000071.mp4,"그래 갖고, 한 탄소 정도부터는 어 보이기 시작합니다. 그래 갖고 원자 번호가 너무 낮은 것들은,"
75AWLc2tQIQ_000072,75AWLc2tQIQ,scie,train,7.48,kmsav_pilot/cropped/75AWLc2tQIQ/utts/000072.mp4,"음 사실 어 좀 어려운 얘기긴 하지만, 그 전, 그 원소의 전자 상태가 굉장히 로컬 하게"
75AWLc2tQIQ_000073,75AWLc2tQIQ,scie,train,6.16,kmsav_pilot/cropped/75AWLc2tQIQ/utts/000073.mp4,"국소적으로 모여만 있어야지만, 어 STM으로 잘 보이거든요. 근데 그렇게 작은 원소들은"
75AWLc2tQIQ_000074,75AWLc2tQIQ,scie,train,5.72,kmsav_pilot/cropped/75AWLc2tQIQ/utts/000074.mp4,"그렇게 국소적으로 많이 모여 있지가 않기 때문에, 아주 확실한 STM 이미지를 얻기는 쉽지가 않습니다."
75AWLc2tQIQ_000076,75AWLc2tQIQ,scie,train,9.32,kmsav_pilot/cropped/75AWLc2tQIQ/utts/000076.mp4,"1번째는 옆으로 움직이려면, 굉장히 정확도가 있는 무브먼트가 있어야 되지 않냐? 라는 질문이셨잖아요? 그럼 피에조 소자라는"
75AWLc2tQIQ_000077,75AWLc2tQIQ,scie,train,6.36,kmsav_pilot/cropped/75AWLc2tQIQ/utts/000077.mp4,"이름을 갖고 있는 물질을 어 사용하면요, 거기다 전압을 얼마만큼 걸어주느냐에 따라서,"
75AWLc2tQIQ_000078,75AWLc2tQIQ,scie,train,5.8,kmsav_pilot/cropped/75AWLc2tQIQ/utts/000078.mp4,그 물질이 얼마만큼 늘어나고 줄어드느냐 그런 특성을 갖고 있습니다. 근데 그걸로 팁
75AWLc2tQIQ_000079,75AWLc2tQIQ,scie,train,5.8,kmsav_pilot/cropped/75AWLc2tQIQ/utts/000079.mp4,을 유지하는 그런 틀을 만들거든요. 거기다가 전압을 걸어줘서 조금
75AWLc2tQIQ_000080,75AWLc2tQIQ,scie,train,7.64,kmsav_pilot/cropped/75AWLc2tQIQ/utts/000080.mp4,"이렇게 옆으로 가게끔 하고 이런 어 굉장히 높은 정확도를, 정밀도를 갖고 제어를 할 수 있습니다. 그건 기술적으로는,"
75AWLc2tQIQ_000081,75AWLc2tQIQ,scie,train,6.56,kmsav_pilot/cropped/75AWLc2tQIQ/utts/000081.mp4,"문제가 없는 상태고요. 2번째 빛을 이용하는 거는 어 지금 저희들이 이미,"
75AWLc2tQIQ_000083,75AWLc2tQIQ,scie,train,6.56,kmsav_pilot/cropped/75AWLc2tQIQ/utts/000083.mp4,"저희들이 검출할 수가 있게 됐습니다. 그래서 분자 1개에서의 발광을 계측을 할 수가 있고요. 또 하나는,"
75AWLc2tQIQ_000085,75AWLc2tQIQ,scie,train,8.84,kmsav_pilot/cropped/75AWLc2tQIQ/utts/000085.mp4,네 그런 면에서 여러 가지 어 빛과 결합된 여러 가지 반응들이 이제부터 마구마구 연구가 될 예정입니다. 감사합니다.
AAAW5DgParc_000004,AAAW5DgParc,mukb,train,7.44,kmsav_pilot/cropped/AAAW5DgParc/utts/000004.mp4,"네, 여러분 안녕하십니까. 인기 있는 미키! 꽈라라라라라라라라라라라라라라라라라 광수입니다!"
AAAW5DgParc_000008,AAAW5DgParc,mukb,train,2.96,kmsav_pilot/cropped/AAAW5DgParc/utts/000008.mp4,아 미키광수 대 단양 띠리띠리
AAAW5DgParc_000016,AAAW5DgParc,mukb,train,3.08,kmsav_pilot/cropped/AAAW5DgParc/utts/000016.mp4,저 새끼도 힘들 것 같은데 지금 먹은 먹은 상태에서 먹으니까.
AAAW5DgParc_000022,AAAW5DgParc,mukb,train,2.28,kmsav_pilot/cropped/AAAW5DgParc/utts/000022.mp4,똑같이 5갠데 왜 내가 더 높지.
AAAW5DgParc_000024,AAAW5DgParc,mukb,train,8.08,kmsav_pilot/cropped/AAAW5DgParc/utts/000024.mp4,솔직히 내가 양은 더 많은 것 같은데 빨리 대결하기 편하게 에 제가 OK
AAAW5DgParc_000052,AAAW5DgParc,mukb,train,5.52,kmsav_pilot/cropped/AAAW5DgParc/utts/000052.mp4,"페러글라이딩을 타면서 뭣이 어쩌고 어째? 흐, 이건 아니잖아요?"
AAAW5DgParc_000053,AAAW5DgParc,mukb,train,2.04,kmsav_pilot/cropped/AAAW5DgParc/utts/000053.mp4,아 진짜 죽는 줄 알았다. 나는 어?
AAAW5DgParc_000054,AAAW5DgParc,mukb,train,3.2,kmsav_pilot/cropped/AAAW5DgParc/utts/000054.mp4,아 이제 뭐 페러글라이딩도 탔으니까. 이거 지는 사람이 번지
AAAW5DgParc_000057,AAAW5DgParc,mukb,train,2.24,kmsav_pilot/cropped/AAAW5DgParc/utts/000057.mp4,구독자 여러분의 힘이 필요합니다. 댓글로
AAAW5DgParc_000069,AAAW5DgParc,mukb,train,3.4,kmsav_pilot/cropped/AAAW5DgParc/utts/000069.mp4,"야, 이게 블랙이 맵구나."
AAAW5DgParc_000073,AAAW5DgParc,mukb,train,4.6,kmsav_pilot/cropped/AAAW5DgParc/utts/000073.mp4,"야, 오짬 먹을 걸 그랬는데?"
AAAW5DgParc_000092,AAAW5DgParc,mukb,train,2.88,kmsav_pilot/cropped/AAAW5DgParc/utts/000092.mp4,뭐 핵불닭볶으면 이런거 있잖아요. 그런 막
AAAW5DgParc_000096,AAAW5DgParc,mukb,train,2.12,kmsav_pilot/cropped/AAAW5DgParc/utts/000096.mp4,자 저도 하나 다 먹었습니다.
AAAW5DgParc_000100,AAAW5DgParc,mukb,train,5.36,kmsav_pilot/cropped/AAAW5DgParc/utts/000100.mp4,"하, 잘못 선택했네 바꿔먹으면 안되냐?"
AAAW5DgParc_000101,AAAW5DgParc,mukb,train,2.04,kmsav_pilot/cropped/AAAW5DgParc/utts/000101.mp4,아니 일단 이거까지는 다 먹어요. 그러면.
AAAW5DgParc_000105,AAAW5DgParc,mukb,train,2.36,kmsav_pilot/cropped/AAAW5DgParc/utts/000105.mp4,"하, 와!"
AAAW5DgParc_000128,AAAW5DgParc,mukb,train,2.36,kmsav_pilot/cropped/AAAW5DgParc/utts/000128.mp4,아이 입천장이 아침에 국밥 먹다가 까지긴 까졌거든.
AAAW5DgParc_000143,AAAW5DgParc,mukb,train,4.92,kmsav_pilot/cropped/AAAW5DgParc/utts/000143.mp4,형 이제 그거까지 만약에 먹고 뭐 핑계대면은 이제 형은 진짜
AAAW5DgParc_000146,AAAW5DgParc,mukb,train,5.32,kmsav_pilot/cropped/AAAW5DgParc/utts/000146.mp4,하아! 아. 이건 안 맵겠지. 아! 와 죽을 것 같다.
AAAW5DgParc_000150,AAAW5DgParc,mukb,train,2.04,kmsav_pilot/cropped/AAAW5DgParc/utts/000150.mp4,아니 근데 여기까지와서 이걸 왜 하고 있는거야?
AAAW5DgParc_000151,AAAW5DgParc,mukb,train,6.52,kmsav_pilot/cropped/AAAW5DgParc/utts/000151.mp4,아니 아까 전에 형이 뭐 먹방대결 하자면서요. 뭐 쯔양인가 많이 먹어서 조회수 나오니까.
AAAW5DgParc_000164,AAAW5DgParc,mukb,train,2.32,kmsav_pilot/cropped/AAAW5DgParc/utts/000164.mp4,엄살이 심한거고 형은.
AAAW5DgParc_000165,AAAW5DgParc,mukb,train,2.08,kmsav_pilot/cropped/AAAW5DgParc/utts/000165.mp4,난 이것도 매운데?
AAAW5DgParc_000181,AAAW5DgParc,mukb,train,2.52,kmsav_pilot/cropped/AAAW5DgParc/utts/000181.mp4,와우!
AAAW5DgParc_000184,AAAW5DgParc,mukb,train,2.28,kmsav_pilot/cropped/AAAW5DgParc/utts/000184.mp4,어 와 했다 후만 하면 돼요. 와 했으니까.
AAAW5DgParc_000195,AAAW5DgParc,mukb,train,2.36,kmsav_pilot/cropped/AAAW5DgParc/utts/000195.mp4,이게 무슨 사골가루 같은게 들어있으니까.
AAAW5DgParc_000197,AAAW5DgParc,mukb,train,4.28,kmsav_pilot/cropped/AAAW5DgParc/utts/000197.mp4,맛이 맛은 또 저 저낙 저 염라 맛이 아니더라고. 아우씨!
AAAW5DgParc_000200,AAAW5DgParc,mukb,train,4.76,kmsav_pilot/cropped/AAAW5DgParc/utts/000200.mp4,와! 와 진짜 정신이 하나도 없네.
AAAW5DgParc_000201,AAAW5DgParc,mukb,train,5.6,kmsav_pilot/cropped/AAAW5DgParc/utts/000201.mp4,이거 사 이거 사람 먹으라고 만들어 놓은거야? 왜 만드는거야 저런 걸.
ET54EeUHHig_000001,ET54EeUHHig,mukb,train,9.24,kmsav_pilot/cropped/ET54EeUHHig/utts/000001.mp4,"네 안녕하세요, 윤솔 아빠입니다. 오늘은 우리 딸이 가장 좋아하는 라면 그래서 오늘은 신라면, 라면 먹방을 찍어보도록 하겠습니다."
ET54EeUHHig_000028,ET54EeUHHig,mukb,train,2.68,kmsav_pilot/cropped/ET54EeUHHig/utts/000028.mp4,네 이제 바로 먹어보도록 하겠습니다.
ET54EeUHHig_000037,ET54EeUHHig,mukb,train,9.76,kmsav_pilot/cropped/ET54EeUHHig/utts/000037.mp4,"제가 영상에 올라갈 건데 고추무침 찜을 했어요. 꽈리무추 찜 무침 찜인데요, 같이 한번 먹어볼게요."
HHNmbwo8kPg_000017,HHNmbwo8kPg,scie,train,9.36,kmsav_pilot/cropped/HHNmbwo8kPg/utts/000017.mp4,"최초의 생명체를 탄생을 한 환경이 결국, 그 생명체 특징을 규정하지 않을까 생각을 합니다. 앞서 윤교수님께서"
HHNmbwo8kPg_000022,HHNmbwo8kPg,scie,train,9.92,kmsav_pilot/cropped/HHNmbwo8kPg/utts/000022.mp4,이러한 것을 먹고사는 자가영양생물이지 않았을까? 그리고 질소를 고정하는 생물의 원형이지 않았을까라는 추정을 하고 있습니다.
HHNmbwo8kPg_000024,HHNmbwo8kPg,scie,train,9.96,kmsav_pilot/cropped/HHNmbwo8kPg/utts/000024.mp4,자가영양은 우리가 많이 그 생각하기는 광합성이죠. 그래서 중학교 때까지는 사실은 광합성 정도만 자가영양이라고 하는대요.
HHNmbwo8kPg_000029,HHNmbwo8kPg,scie,train,7.12,kmsav_pilot/cropped/HHNmbwo8kPg/utts/000029.mp4,"그리고 뜨거운 데 살았다고 추측한다고 하셨는데요, 어느 정도의 온도를 말하시나요?"
HHNmbwo8kPg_000031,HHNmbwo8kPg,scie,train,8.76,kmsav_pilot/cropped/HHNmbwo8kPg/utts/000031.mp4,"100도 이하에서 100도 이상으로 되면 어 단백질이 변성이 되기 때문에, 생명을 유지하기는 굉장히 어려울 거라고 생각합니다."
HHNmbwo8kPg_000037,HHNmbwo8kPg,scie,train,5.6,kmsav_pilot/cropped/HHNmbwo8kPg/utts/000037.mp4,아 그 겉에 표면에서는 약 한 100도 이하의 그런 환경이라고 생각합니다.
HHNmbwo8kPg_000038,HHNmbwo8kPg,scie,train,4.52,kmsav_pilot/cropped/HHNmbwo8kPg/utts/000038.mp4,"아 그럼, 지금도 이렇게 높은 온도에서 사는 세균이 많이 존재하나요?"
HHNmbwo8kPg_000040,HHNmbwo8kPg,scie,train,8.64,kmsav_pilot/cropped/HHNmbwo8kPg/utts/000040.mp4,"살아남는 세균들이 있고요. 100도, 110도는 그냥 껌으로 게 아주 쉽게 그 정도 온도에서 살아 갈 수가 있습니다."
HHNmbwo8kPg_000041,HHNmbwo8kPg,scie,train,7.88,kmsav_pilot/cropped/HHNmbwo8kPg/utts/000041.mp4,"그리고 이제 앞서 윤교수님께서 말씀을 하셨는데요. 사실은 이렇게 그 알카리성 분출공을 자세히 보았더니,"
HHNmbwo8kPg_000042,HHNmbwo8kPg,scie,train,8.56,kmsav_pilot/cropped/HHNmbwo8kPg/utts/000042.mp4,원시세포의 어떤 막이 되는 구조물들이 생기더라고요. 그래서 지금 우리가 뭐 고등학교때 생물 지식을 돌이켜 보면요.
HHNmbwo8kPg_000043,HHNmbwo8kPg,scie,train,9.76,kmsav_pilot/cropped/HHNmbwo8kPg/utts/000043.mp4,"그래서, 전자가 전달이 되어서 에너지를 만들거든요. 이때 이 전자가 전달되는 과정에서 단백질이, 철이나 황 어떤 그"
HHNmbwo8kPg_000044,HHNmbwo8kPg,scie,train,9.84,kmsav_pilot/cropped/HHNmbwo8kPg/utts/000044.mp4,"그런 그룹들을 가지면서 전자를 전달하게 되는데, 이 철하고 황을 가만히 놔두었더니, 막처럼 원시적인 막이 생겨가지고요, 아마 그러한 그"
HHNmbwo8kPg_000049,HHNmbwo8kPg,scie,train,4.08,kmsav_pilot/cropped/HHNmbwo8kPg/utts/000049.mp4,"재미있는, 그러나 꼭 알려드리고 싶은, 그러한 이제 세균의 특징이기도 합니다."
HHNmbwo8kPg_000053,HHNmbwo8kPg,scie,train,7.72,kmsav_pilot/cropped/HHNmbwo8kPg/utts/000053.mp4,"진화를 거듭해 왔었던 것은 그동안 나중에 이제 바다가 생기고, 물이 생기고, 그 다음에 우주에서 오는 우주선들이"
HHNmbwo8kPg_000054,HHNmbwo8kPg,scie,train,9.16,kmsav_pilot/cropped/HHNmbwo8kPg/utts/000054.mp4,"차단이 되면서 인제 진화를 거듭한건데, 지금 화성에 미생물을 보내면, 인간은 절대 안 될 것 같고 죽을 겁니다. 그래서 질문을 다시, 만약에"
HHNmbwo8kPg_000056,HHNmbwo8kPg,scie,train,8.4,kmsav_pilot/cropped/HHNmbwo8kPg/utts/000056.mp4,"인간이 될 수 있을까? 라는 질문으로 한번 바꿔본다 그러면요, 어 저는 아마 화성은 미생물의 천국이 되었을 것 같아요. 그래서,"
HHNmbwo8kPg_000059,HHNmbwo8kPg,scie,train,7.08,kmsav_pilot/cropped/HHNmbwo8kPg/utts/000059.mp4,"그 우연적인 사건이 필연적으로 다시 거기서 등장할까 이렇게 생각을 해보면, 참"
HHNmbwo8kPg_000060,HHNmbwo8kPg,scie,train,6.16,kmsav_pilot/cropped/HHNmbwo8kPg/utts/000060.mp4,"어려웠던 과정일 것, 어려웠을꺼다 라고 저는 일단은 생각은 하고 있습니다."
HHNmbwo8kPg_000063,HHNmbwo8kPg,scie,train,8.8,kmsav_pilot/cropped/HHNmbwo8kPg/utts/000063.mp4,"이 스트레스가 되는 그런 조건이 된다면, 산소에서 잘 견딜 수 있도록 2개가 어떤 연합해서 연합체를 만드는 즉,"
HHNmbwo8kPg_000064,HHNmbwo8kPg,scie,train,9.76,kmsav_pilot/cropped/HHNmbwo8kPg/utts/000064.mp4,세포 내 공생설을 다시 한번 거치지 않을까요? 저는 그래서 아마 그 세포내 공생설이 있다 라고 하면 구조적으로 조금 더 더
HHNmbwo8kPg_000066,HHNmbwo8kPg,scie,train,10.0,kmsav_pilot/cropped/HHNmbwo8kPg/utts/000066.mp4,"진화적인 그 바퀴가 돌아간다가고 하면, 어 다세포성 진핵 생물도 충분히 가능하기 않을까! 그렇게 생각하고 있습니다."
HHNmbwo8kPg_000068,HHNmbwo8kPg,scie,train,9.64,kmsav_pilot/cropped/HHNmbwo8kPg/utts/000068.mp4,"항상 우리가 시간을 거꾸로 돌리면, 다시 그대로 돌아갔을 때, 똑같은 일이 일어날까는 참 고민, 입증하기 어려운 일단 그러한 사건 같은데요,"
HHNmbwo8kPg_000071,HHNmbwo8kPg,scie,train,9.04,kmsav_pilot/cropped/HHNmbwo8kPg/utts/000071.mp4,"미생물이 혼자 분열을 해가지고 진핵 생물로 갈 수 있다라는 가설이 되는 것이고요, 그게 아니라 다른 가설은 그럴 수 없다. 얘야."
HHNmbwo8kPg_000072,HHNmbwo8kPg,scie,train,9.44,kmsav_pilot/cropped/HHNmbwo8kPg/utts/000072.mp4,"2개가 연합하지 않으면, 절대 진핵 생물로 갈 수 없다는 가설 그 자체가 2개가 대립되는데, 저는 개인적으로는 2번째 가설을 사실은,"
HHNmbwo8kPg_000074,HHNmbwo8kPg,scie,train,5.44,kmsav_pilot/cropped/HHNmbwo8kPg/utts/000074.mp4,"다시, 그 미생물들은 어쨌든 또 답을 또 스스로 찾아 갈 수 있지 않을까도 생각도 해봅니다."
HHNmbwo8kPg_000078,HHNmbwo8kPg,scie,train,8.52,kmsav_pilot/cropped/HHNmbwo8kPg/utts/000078.mp4,"그래야만, 환경이 뭐 A라는 환경이 있다면, 그 A라는 환경에 맞게, 환경이 그 A라고 하는 환경에"
HHNmbwo8kPg_000082,HHNmbwo8kPg,scie,train,6.04,kmsav_pilot/cropped/HHNmbwo8kPg/utts/000082.mp4,"마이트 미토콘드리아가 없던 진핵 생, 생물이 마이트콘드리아를 획득해서,"
HHNmbwo8kPg_000085,HHNmbwo8kPg,scie,train,4.36,kmsav_pilot/cropped/HHNmbwo8kPg/utts/000085.mp4,어 이런 그 그 뭐야 반론들이 많이 있는 것 같습니다.
HHNmbwo8kPg_000087,HHNmbwo8kPg,scie,train,9.32,kmsav_pilot/cropped/HHNmbwo8kPg/utts/000087.mp4,"그러니까 가만히 두었더니, 미생물 중에서 변이가 생기고, 미생물은 세포벽이 있잖아요. 어떤 녀석이 세포 벽이 없어집니다. 흐물흐물해졌죠?"
HHNmbwo8kPg_000088,HHNmbwo8kPg,scie,train,9.2,kmsav_pilot/cropped/HHNmbwo8kPg/utts/000088.mp4,"흐물흐물해지니까, 어때요? 좀 더 많은 먹이를 먹으려고 몸집이 커졌겠죠? 그러다가 몸집이 커지면서, 아까 말했던 세포 골격같은"
HHNmbwo8kPg_000089,HHNmbwo8kPg,scie,train,9.4,kmsav_pilot/cropped/HHNmbwo8kPg/utts/000089.mp4,"액팅과 미오신 같은 게 만들어져가지,고 다른 미생물을 앙하고 삼켜 먹었더니, 그게 기분좋게 미토콘드리아의 조상이었다 라고 하는게,"
HHNmbwo8kPg_000092,HHNmbwo8kPg,scie,train,7.8,kmsav_pilot/cropped/HHNmbwo8kPg/utts/000092.mp4,"부피가 더 많이, 부피는 더 크게 삼승배로 커지잖아요. 그러니까 제곱으로 커지고, 세제곱으로 커지기 때문에,"
HHNmbwo8kPg_000093,HHNmbwo8kPg,scie,train,7.68,kmsav_pilot/cropped/HHNmbwo8kPg/utts/000093.mp4,"표면적대 부피의 비가 세포의 크기가 커지면 작아집니다. 그렇기 때문에, 세포는 무한정 커질 수가 없죠. 그 다음에"
HHNmbwo8kPg_000095,HHNmbwo8kPg,scie,train,8.52,kmsav_pilot/cropped/HHNmbwo8kPg/utts/000095.mp4,"그러니까, 이 원핵 세포는 세포막에서 온 몸으로 에너지를 받아들이는 녀석들은, 그대로는 진핵 세포가 안돼고,"
HHNmbwo8kPg_000096,HHNmbwo8kPg,scie,train,9.64,kmsav_pilot/cropped/HHNmbwo8kPg/utts/000096.mp4,"미토콘드리아를 받아들이므로 인해가지고, 야 미토콘드리야 너 에너지 만들어. 나는 다른 일 할께. 그래서, 다른 애들을 잡아 먹는 쪽으로 이렇게"
HHNmbwo8kPg_000097,HHNmbwo8kPg,scie,train,5.64,kmsav_pilot/cropped/HHNmbwo8kPg/utts/000097.mp4,진화했다는 가설이죠. 그 2가지가 이제 이렇게 좀 팽팽하게 싸우고 있는 것 같습니다.
K10oVqHs5XU_000001,K10oVqHs5XU,issu,train,6.28,kmsav_pilot/cropped/K10oVqHs5XU/utts/000001.mp4,범죄 뭐 일람표라 범죄 행 행위에 대해서 나는 고 딱 두 아주 간단합니다. 그
K10oVqHs5XU_000002,K10oVqHs5XU,issu,train,5.16,kmsav_pilot/cropped/K10oVqHs5XU/utts/000002.mp4,조남욱 회장의 그 연회장에서 만났다는 그게 허위 저
K10oVqHs5XU_000003,K10oVqHs5XU,issu,train,4.2,kmsav_pilot/cropped/K10oVqHs5XU/utts/000003.mp4,당시 열린공감에서 했던 인터뷰가 허위라는 사실 고 한 거 하나하고
K10oVqHs5XU_000004,K10oVqHs5XU,issu,train,3.44,kmsav_pilot/cropped/K10oVqHs5XU/utts/000004.mp4,김어준의 뉴스공장에 나가서 이제
K10oVqHs5XU_000005,K10oVqHs5XU,issu,train,4.8,kmsav_pilot/cropped/K10oVqHs5XU/utts/000005.mp4,그때 전화로 인터뷰 하면서 그거 전시회를 했고 전시회상에서
K10oVqHs5XU_000006,K10oVqHs5XU,issu,train,5.2,kmsav_pilot/cropped/K10oVqHs5XU/utts/000006.mp4,지금 김건희 어머니인 최은순을 그때 어 만났다는 이야기를 했는데
K10oVqHs5XU_000009,K10oVqHs5XU,issu,train,5.76,kmsav_pilot/cropped/K10oVqHs5XU/utts/000009.mp4,그것도 어 그것보담 쫌 뭐 기가 막히는 뭐 여러 가지가 뭐 이야기가 있는데
K10oVqHs5XU_000011,K10oVqHs5XU,issu,train,5.08,kmsav_pilot/cropped/K10oVqHs5XU/utts/000011.mp4,이거는 이제 어 수사종결권을 경찰이 갖고 경찰이 수사를 끝내고
K10oVqHs5XU_000015,K10oVqHs5XU,issu,train,2.96,kmsav_pilot/cropped/K10oVqHs5XU/utts/000015.mp4,그럼 검사는 기소여부만 판단해가지고
K10oVqHs5XU_000016,K10oVqHs5XU,issu,train,7.96,kmsav_pilot/cropped/K10oVqHs5XU/utts/000016.mp4,자기들이 기소를 하든지 아니면 불기소 처분을 하든지 또 뭐 아니면 뭐 약식으로 하든지 그 여러가지 그 행정조사를
K10oVqHs5XU_000017,K10oVqHs5XU,issu,train,5.12,kmsav_pilot/cropped/K10oVqHs5XU/utts/000017.mp4,형법에 따른 뭐 절차를 갖다 진행하면 될것인데
K10oVqHs5XU_000018,K10oVqHs5XU,issu,train,2.48,kmsav_pilot/cropped/K10oVqHs5XU/utts/000018.mp4,꼭 검 거기 북부지검 검사들이
K10oVqHs5XU_000020,K10oVqHs5XU,issu,train,6.44,kmsav_pilot/cropped/K10oVqHs5XU/utts/000020.mp4,기소되지 아니하고도 치 어 언론사 등에 제보했던 그 제보자들
K10oVqHs5XU_000021,K10oVqHs5XU,issu,train,5.44,kmsav_pilot/cropped/K10oVqHs5XU/utts/000021.mp4,그걸 어디서 하는지 모르겠어요. 전화번호 등을 전부. 그게 내가 볼 때는 그
K10oVqHs5XU_000022,K10oVqHs5XU,issu,train,6.92,kmsav_pilot/cropped/K10oVqHs5XU/utts/000022.mp4,전에 더탐사 뭐 압수수색의 그 목적이지 싶은데 거기 압수수색해서 그 그 사람들이 전화번호를 알아가지고
K10oVqHs5XU_000023,K10oVqHs5XU,issu,train,5.04,kmsav_pilot/cropped/K10oVqHs5XU/utts/000023.mp4,그것도 평일도 아닌 일요일 뭐 야밤에 전화를 걸어가지고 검사들이
K10oVqHs5XU_000024,K10oVqHs5XU,issu,train,3.64,kmsav_pilot/cropped/K10oVqHs5XU/utts/000024.mp4,뭐 자기 딴에는 그 뭐 어디 뭐 위문공연하려고 전화했겠습니까?
K10oVqHs5XU_000028,K10oVqHs5XU,issu,train,3.72,kmsav_pilot/cropped/K10oVqHs5XU/utts/000028.mp4,거 머라고 그러나 증인등으로 나서지 못하게 요렇게
K10oVqHs5XU_000030,K10oVqHs5XU,issu,train,4.12,kmsav_pilot/cropped/K10oVqHs5XU/utts/000030.mp4,뭐 있을 수 없는 일들이 지금 좀 일어 나고 그렇게 했습니다.
K10oVqHs5XU_000031,K10oVqHs5XU,issu,train,7.84,kmsav_pilot/cropped/K10oVqHs5XU/utts/000031.mp4,"어후 진짜 이거 충격인데 잠깐만요, 그럼 제가 지금 정리를 좀 해 핼 필요가 느끼는데 안회장님이 지금 그럼 기소된 사실은 딱 2개밖에 없어요."
K10oVqHs5XU_000033,K10oVqHs5XU,issu,train,6.48,kmsav_pilot/cropped/K10oVqHs5XU/utts/000033.mp4,"나머지 뭐 여러 신문들 트 특히 조선일보, 중앙일보, 동아일보에서 그렇게 주구장창 떠들었던"
K10oVqHs5XU_000035,K10oVqHs5XU,issu,train,5.28,kmsav_pilot/cropped/K10oVqHs5XU/utts/000035.mp4,유흥 뭐 접대부였다라는 식으루만 이렇게 얘기했던거 그런것들은 전부다 허위로 밝혀진 거고
K10oVqHs5XU_000037,K10oVqHs5XU,issu,train,6.04,kmsav_pilot/cropped/K10oVqHs5XU/utts/000037.mp4,오히려 나는 그 안해욱이 연회장에서 쥴리를 만났다 라는 사실
K10oVqHs5XU_000039,K10oVqHs5XU,issu,train,8.32,kmsav_pilot/cropped/K10oVqHs5XU/utts/000039.mp4,요고와 그 다음에 그 르네상스에서 있었던 전시회서 장모를 소개받았다. 이 2가지 사실을 허위 사실이라고 기소된 거에요.
K10oVqHs5XU_000042,K10oVqHs5XU,issu,train,2.52,kmsav_pilot/cropped/K10oVqHs5XU/utts/000042.mp4,아니 이걸 왜 언론들이 보도를 하지 않죠?
K10oVqHs5XU_000043,K10oVqHs5XU,issu,train,3.08,kmsav_pilot/cropped/K10oVqHs5XU/utts/000043.mp4,모르지요. 뭐 언론이 보도하고 안하고는
K10oVqHs5XU_000044,K10oVqHs5XU,issu,train,6.16,kmsav_pilot/cropped/K10oVqHs5XU/utts/000044.mp4,오 진짜 충격이에요. 그리고 나서 지금 안해욱 회장님의 말씀속에서
K10oVqHs5XU_000045,K10oVqHs5XU,issu,train,6.96,kmsav_pilot/cropped/K10oVqHs5XU/utts/000045.mp4,더탐사를 왜 압수수색 했는지 심지어 강진구 기자의 휴대폰을 왜 빼앗았는지가 드러났어요.
K10oVqHs5XU_000047,K10oVqHs5XU,issu,train,3.92,kmsav_pilot/cropped/K10oVqHs5XU/utts/000047.mp4,결국은 증언을 할 수 있는 사람들에게 전화를 걸어서 압박을
K10oVqHs5XU_000048,K10oVqHs5XU,issu,train,2.08,kmsav_pilot/cropped/K10oVqHs5XU/utts/000048.mp4,넣었다는거 아닙니까. 그것도 밤에 전화하고 이래 가지고.
K10oVqHs5XU_000050,K10oVqHs5XU,issu,train,7.0,kmsav_pilot/cropped/K10oVqHs5XU/utts/000050.mp4,아니 나같은 경우에는 고 2건이니까 누군가가 증언자가 아 그거 맞습니다. 그때에 그
K10oVqHs5XU_000051,K10oVqHs5XU,issu,train,5.56,kmsav_pilot/cropped/K10oVqHs5XU/utts/000051.mp4,쥴리라는 말을 썼습니다. 또는 전시회에 김명신이
K10oVqHs5XU_000052,K10oVqHs5XU,issu,train,6.12,kmsav_pilot/cropped/K10oVqHs5XU/utts/000052.mp4,쥴리라고 전시를 한 건 맞습니다. 하고 뭐 증언한사람 뭐 한 증언이 뭐 나오면
K10oVqHs5XU_000053,K10oVqHs5XU,issu,train,4.24,kmsav_pilot/cropped/K10oVqHs5XU/utts/000053.mp4,뭐 뭐 사 이거는 뭐 더 이상 뭐 진전할 만한 스 사안이 아니고
K10oVqHs5XU_000054,K10oVqHs5XU,issu,train,3.12,kmsav_pilot/cropped/K10oVqHs5XU/utts/000054.mp4,거 뭐 무죄로 판명 될 터이니까
K10oVqHs5XU_000055,K10oVqHs5XU,issu,train,7.0,kmsav_pilot/cropped/K10oVqHs5XU/utts/000055.mp4,그러니까 증인들을 압박하기 위한 말하자면 증인이나 증거물 등을 갖다가 압박할 목적으로
K10oVqHs5XU_000056,K10oVqHs5XU,issu,train,2.2,kmsav_pilot/cropped/K10oVqHs5XU/utts/000056.mp4,검찰이 그렇게 한것이고
K10oVqHs5XU_000057,K10oVqHs5XU,issu,train,6.4,kmsav_pilot/cropped/K10oVqHs5XU/utts/000057.mp4,내가 인제 그 제일 처음에 경찰서에 갈때도 어 내 나름대로의 정리를 해서
K10oVqHs5XU_000058,K10oVqHs5XU,issu,train,4.28,kmsav_pilot/cropped/K10oVqHs5XU/utts/000058.mp4,이걸 여기다 조금 하게 되면 또 다른 유튜브에 나가는 걸 또 불러요.
K10oVqHs5XU_000059,K10oVqHs5XU,issu,train,2.48,kmsav_pilot/cropped/K10oVqHs5XU/utts/000059.mp4,다른 경찰서에 끝도 없어 그래서
K10oVqHs5XU_000060,K10oVqHs5XU,issu,train,8.56,kmsav_pilot/cropped/K10oVqHs5XU/utts/000060.mp4,아예 그냥 자기들이 모르는 유튜브 나간거까지 내가 다 명시를 해가 여기 여여 여기 여기 여기서 나갔다.
K10oVqHs5XU_000061,K10oVqHs5XU,issu,train,6.6,kmsav_pilot/cropped/K10oVqHs5XU/utts/000061.mp4,그리고 이제 김명신과 만난게 내가 정확한 기억으로만 13번인데
K10oVqHs5XU_000063,K10oVqHs5XU,issu,train,5.72,kmsav_pilot/cropped/K10oVqHs5XU/utts/000063.mp4,그러니까 결혼식까지 이제 날짜를 그 99년 3월 28일 특정해서만 땡해야지.
K10oVqHs5XU_000064,K10oVqHs5XU,issu,train,5.0,kmsav_pilot/cropped/K10oVqHs5XU/utts/000064.mp4,결혼식 뒤에 또 이야기를 한다는게 너무 그거는 차마 참 너무 구질구질한 소리라서
K10oVqHs5XU_000065,K10oVqHs5XU,issu,train,3.6,kmsav_pilot/cropped/K10oVqHs5XU/utts/000065.mp4,그거는 빼고 고걸 전부 정리해가지고 이제
K10oVqHs5XU_000068,K10oVqHs5XU,issu,train,3.68,kmsav_pilot/cropped/K10oVqHs5XU/utts/000068.mp4,어 진술서로 갖다 조사에 편철해볼려고 먼저 제출을 했죠.
K10oVqHs5XU_000069,K10oVqHs5XU,issu,train,4.0,kmsav_pilot/cropped/K10oVqHs5XU/utts/000069.mp4,먼저 보내니까 그 사람들이 자기도 모르는 이야기 워낙 많으니까
K10oVqHs5XU_000070,K10oVqHs5XU,issu,train,3.32,kmsav_pilot/cropped/K10oVqHs5XU/utts/000070.mp4,그걸 읽어보고 뭐 밤새도록 뭐 이 뭐
K10oVqHs5XU_000071,K10oVqHs5XU,issu,train,6.76,kmsav_pilot/cropped/K10oVqHs5XU/utts/000071.mp4,거 영상도 보고 하느라고 잠도 못자고 해가지고 나한테 뭐 묻는게 그리 많지는 않았어요.
K10oVqHs5XU_000073,K10oVqHs5XU,issu,train,8.96,kmsav_pilot/cropped/K10oVqHs5XU/utts/000073.mp4,고 하길래 아이 그 증인 그 조선일보 잘못 조선일보 그 순엉터리고 또 그놈들 1개도 안맞다고 이 전부 다가 그 엉터리란걸 설명해주니까
K10oVqHs5XU_000075,K10oVqHs5XU,issu,train,4.6,kmsav_pilot/cropped/K10oVqHs5XU/utts/000075.mp4,"그런거 1, 2개 가지고 뭐 묻고 뭐 그런식으로 했지 뭐 끝난 겁니다. 조사는"
K10oVqHs5XU_000076,K10oVqHs5XU,issu,train,3.04,kmsav_pilot/cropped/K10oVqHs5XU/utts/000076.mp4,아니 근데 조사가 꽤 길게 진행된 것처럼 그렇게
K10oVqHs5XU_000079,K10oVqHs5XU,issu,train,6.24,kmsav_pilot/cropped/K10oVqHs5XU/utts/000079.mp4,길게 진행된거는 내가 낸 진술서 자체를 다 그거 함 물어보는거만 시간이 상당히 오래 걸리니까
K10oVqHs5XU_000080,K10oVqHs5XU,issu,train,2.16,kmsav_pilot/cropped/K10oVqHs5XU/utts/000080.mp4,그것 전체를 갖다가 물어보느라고
K10oVqHs5XU_000082,K10oVqHs5XU,issu,train,8.6,kmsav_pilot/cropped/K10oVqHs5XU/utts/000082.mp4,경찰의 수사가 자기네들이 수사한 내용을 갖고 질문한게 아니라 선생님께서 진술한거를 가지고 이게 맞냐 틀리냐
K10oVqHs5XU_000088,K10oVqHs5XU,issu,train,4.36,kmsav_pilot/cropped/K10oVqHs5XU/utts/000088.mp4,저 연회장에 저 아니 그 그림 전시회를 했는거 이건데 딱 2개인데
K10oVqHs5XU_000089,K10oVqHs5XU,issu,train,6.64,kmsav_pilot/cropped/K10oVqHs5XU/utts/000089.mp4,연회장이고 그림전시회 회랑이고 라마다르네상스를 다 이제 철거해버리고 건물도 없고 하니까
K10oVqHs5XU_000091,K10oVqHs5XU,issu,train,7.32,kmsav_pilot/cropped/K10oVqHs5XU/utts/000091.mp4,조사할게 없잖아요. 그래서 그사람들이 그 안좋은걸 크 이거는 어렵게 구한 뭐 히든카드처럼
K10oVqHs5XU_000092,K10oVqHs5XU,issu,train,5.88,kmsav_pilot/cropped/K10oVqHs5XU/utts/000092.mp4,라마다르네상스 호텔 설계도를 어렵게 구했다고 인제 제시를 하더라고.
K10oVqHs5XU_000094,K10oVqHs5XU,issu,train,5.56,kmsav_pilot/cropped/K10oVqHs5XU/utts/000094.mp4,그래서 내가 고 고 거 으 헛된 고생만 하셨다.
K10oVqHs5XU_000095,K10oVqHs5XU,issu,train,3.8,kmsav_pilot/cropped/K10oVqHs5XU/utts/000095.mp4,조남욱 회장의 그 연회장이고 사무실은
K10oVqHs5XU_000099,K10oVqHs5XU,issu,train,4.12,kmsav_pilot/cropped/K10oVqHs5XU/utts/000099.mp4,거기 옆에 있는 볼케이노라는 지하에 있는 나이트클럽 그
K10oVqHs5XU_000103,K10oVqHs5XU,issu,train,6.96,kmsav_pilot/cropped/K10oVqHs5XU/utts/000103.mp4,5층 위에 좌 좌측편 절반을 갖다가 불법 건물로 지은 건물이고
K10oVqHs5XU_000105,K10oVqHs5XU,issu,train,2.8,kmsav_pilot/cropped/K10oVqHs5XU/utts/000105.mp4,거 그냥 그 다음부터 그 사람이 물을게 없잖아요.
K10oVqHs5XU_000107,K10oVqHs5XU,issu,train,4.32,kmsav_pilot/cropped/K10oVqHs5XU/utts/000107.mp4,진짜아 정말 희대의 일들이 벌어지고 있습니다.
K10oVqHs5XU_000108,K10oVqHs5XU,issu,train,2.96,kmsav_pilot/cropped/K10oVqHs5XU/utts/000108.mp4,지금 경찰은 수사할 거리가 없어서
K10oVqHs5XU_000112,K10oVqHs5XU,issu,train,4.04,kmsav_pilot/cropped/K10oVqHs5XU/utts/000112.mp4,시간이 걸렸는데 그거를 보도하는 놈들은 마치 엄청난 그런
K10oVqHs5XU_000114,K10oVqHs5XU,issu,train,4.48,kmsav_pilot/cropped/K10oVqHs5XU/utts/000114.mp4,거기 내가 한대로에요. 그 사람 할라 수사를 해가 하 했으면
K10oVqHs5XU_000119,K10oVqHs5XU,issu,train,2.72,kmsav_pilot/cropped/K10oVqHs5XU/utts/000119.mp4,최은순이를 만나 소개했다 딱 요 2꼭지에요.
K10oVqHs5XU_000120,K10oVqHs5XU,issu,train,6.56,kmsav_pilot/cropped/K10oVqHs5XU/utts/000120.mp4,"네. 그럼 이 사실은 진짜 그러면 말씀하신 대로 증언하는 사람이 한 2, 3명씩만 나오면 끝나는 거잖아요."
K10oVqHs5XU_000121,K10oVqHs5XU,issu,train,2.64,kmsav_pilot/cropped/K10oVqHs5XU/utts/000121.mp4,"뭐 2, 3명이로 1명도 되지요. 왜냐하면"
K10oVqHs5XU_000122,K10oVqHs5XU,issu,train,3.28,kmsav_pilot/cropped/K10oVqHs5XU/utts/000122.mp4,저 쪽은 최은순이 그날 거기 안갔다고 증언을 할 사람이 있어요?
K10oVqHs5XU_000125,K10oVqHs5XU,issu,train,5.48,kmsav_pilot/cropped/K10oVqHs5XU/utts/000125.mp4,아 내 최은순이 그날 나 입고 나온 거 한복 색깔도 뭔지 다 알아요. 와서 거 기억합니다.
K10oVqHs5XU_000127,K10oVqHs5XU,issu,train,3.88,kmsav_pilot/cropped/K10oVqHs5XU/utts/000127.mp4,그리고 거기서 전시회를 했다는 사실은 또 증언자가 굉장히 많죠.
K10oVqHs5XU_000128,K10oVqHs5XU,issu,train,2.92,kmsav_pilot/cropped/K10oVqHs5XU/utts/000128.mp4,아이구 뭐 수만명이 봤으니까 뭐 옷 그거
K10oVqHs5XU_000129,K10oVqHs5XU,issu,train,3.4,kmsav_pilot/cropped/K10oVqHs5XU/utts/000129.mp4,그림도 그림 같지 않은것도 드럽게 오래 걸어 놨어요. 거기에다가.
K10oVqHs5XU_000130,K10oVqHs5XU,issu,train,2.12,kmsav_pilot/cropped/K10oVqHs5XU/utts/000130.mp4,요기에요 요기. 공소사실 요거.
K10oVqHs5XU_000131,K10oVqHs5XU,issu,train,3.8,kmsav_pilot/cropped/K10oVqHs5XU/utts/000131.mp4,사실은 윤석열 후보의 배우자인 피의자 김건희가
K10oVqHs5XU_000132,K10oVqHs5XU,issu,train,5.48,kmsav_pilot/cropped/K10oVqHs5XU/utts/000132.mp4,"라마다르네상스 호텔 나이트클럽에서 쥴리라는 예명을 사용하는 접대부로 일, 접대부란 얘기는 하지도 않았는데."
K10oVqHs5XU_000135,K10oVqHs5XU,issu,train,4.0,kmsav_pilot/cropped/K10oVqHs5XU/utts/000135.mp4,일하거나 1997년경 성신여대 시간강사로 근무한 사실이 없었다.
K10oVqHs5XU_000139,K10oVqHs5XU,issu,train,2.48,kmsav_pilot/cropped/K10oVqHs5XU/utts/000139.mp4,자기가 교수라고 얘기했잖아요. 오히려.
K10oVqHs5XU_000146,K10oVqHs5XU,issu,train,4.0,kmsav_pilot/cropped/K10oVqHs5XU/utts/000146.mp4,안회장님은 동료교사한테 전화걸어서 이런 사람 교수로 있어?
K10oVqHs5XU_000147,K10oVqHs5XU,issu,train,2.0,kmsav_pilot/cropped/K10oVqHs5XU/utts/000147.mp4,물어본 것밖에 없잖아요.
K10oVqHs5XU_000155,K10oVqHs5XU,issu,train,3.08,kmsav_pilot/cropped/K10oVqHs5XU/utts/000155.mp4,성북서 사람들이 이를 그 이거는 잘하네 왜냐하니까
K10oVqHs5XU_000160,K10oVqHs5XU,issu,train,4.16,kmsav_pilot/cropped/K10oVqHs5XU/utts/000160.mp4,르네상스 호텔 6층 연회장에서 조남욱 회장의 소개로 처음 쥴리 알게 되었다.
K10oVqHs5XU_000164,K10oVqHs5XU,issu,train,6.16,kmsav_pilot/cropped/K10oVqHs5XU/utts/000164.mp4,그 쥴리가 라마다르네상스 호텔 2층 해랑에서 1번째전시회를 열어 초대를 받아 갔었는데
K10oVqHs5XU_000174,K10oVqHs5XU,issu,train,2.4,kmsav_pilot/cropped/K10oVqHs5XU/utts/000174.mp4,또 다른 기소건이고 이게 이 2건이에요.
Ml2W6PvzCCM_000009,Ml2W6PvzCCM,scie,train,7.8,kmsav_pilot/cropped/Ml2W6PvzCCM/utts/000009.mp4,오늘은 지구와 생명의 대화가 주제이니 만큼 지구 과학자와 생명 과학자가 대화하는 방식으로 진행해 보도록 하죠.
Ml2W6PvzCCM_000012,Ml2W6PvzCCM,scie,train,8.48,kmsav_pilot/cropped/Ml2W6PvzCCM/utts/000012.mp4,"그렇지만 지구 과학자들은 가능한 물리 화학적, 생물학적 지식과 지질학적 기록을 바탕으로 어"
Ml2W6PvzCCM_000013,Ml2W6PvzCCM,scie,train,4.28,kmsav_pilot/cropped/Ml2W6PvzCCM/utts/000013.mp4,그 때의 당시를 재느해 재현해내려고 노력하고 있습니다.
Ml2W6PvzCCM_000016,Ml2W6PvzCCM,scie,train,7.88,kmsav_pilot/cropped/Ml2W6PvzCCM/utts/000016.mp4,여러분 달을 보시면 표면에 많은 아 웅덩이 같이 움푹 파인 게 있죠. 크레이터들이 많이 있는데
Ml2W6PvzCCM_000020,Ml2W6PvzCCM,scie,train,2.16,kmsav_pilot/cropped/Ml2W6PvzCCM/utts/000020.mp4,어 생각하고 있습니다.
Ml2W6PvzCCM_000021,Ml2W6PvzCCM,scie,train,5.8,kmsav_pilot/cropped/Ml2W6PvzCCM/utts/000021.mp4,또 하나의 이 그 소스가 될 수 있는 거는 뭔가 하면은 지구 내부로부터 오는 건데요.
Ml2W6PvzCCM_000022,Ml2W6PvzCCM,scie,train,4.4,kmsav_pilot/cropped/Ml2W6PvzCCM/utts/000022.mp4,지구 초기에 지구는 굉장히 뜨거웠을 것으로 지금 예상하고 있습니다.
Ml2W6PvzCCM_000023,Ml2W6PvzCCM,scie,train,3.92,kmsav_pilot/cropped/Ml2W6PvzCCM/utts/000023.mp4,뜨거웠다는 말은 굉장히 마그마 활동이 활발했다는 것입니다.
Ml2W6PvzCCM_000024,Ml2W6PvzCCM,scie,train,3.8,kmsav_pilot/cropped/Ml2W6PvzCCM/utts/000024.mp4,"여러분, 화산에 가보신 적이 있으신 분이 있을지 모르겠는데"
Ml2W6PvzCCM_000025,Ml2W6PvzCCM,scie,train,7.84,kmsav_pilot/cropped/Ml2W6PvzCCM/utts/000025.mp4,아 지금 활발히 이제 화산 활동이 있는 화산에 가시게 되면 여러 가지 가스가 나오는 것을 아 볼 수가 있습니다.
Ml2W6PvzCCM_000028,Ml2W6PvzCCM,scie,train,7.8,kmsav_pilot/cropped/Ml2W6PvzCCM/utts/000028.mp4,아마 지구 초기에도 이러한 가스들이 지구 내부로부터 굉장히 상당히 많은 양이 나왔을 것이라고 생각하고 있습니다.
Ml2W6PvzCCM_000030,Ml2W6PvzCCM,scie,train,8.04,kmsav_pilot/cropped/Ml2W6PvzCCM/utts/000030.mp4,어 나온 가스들이 아에 모여서 지구 초기의 대기를 만들었을 것으로 보고 있습니다.
Ml2W6PvzCCM_000031,Ml2W6PvzCCM,scie,train,3.76,kmsav_pilot/cropped/Ml2W6PvzCCM/utts/000031.mp4,아 여러분 잘 아시지만 지구는 굉장히 독특한 행성이죠.
Ml2W6PvzCCM_000036,Ml2W6PvzCCM,scie,train,2.84,kmsav_pilot/cropped/Ml2W6PvzCCM/utts/000036.mp4,아 바다가 형성되었을 것이라고 보고 있습니다.
Ml2W6PvzCCM_000037,Ml2W6PvzCCM,scie,train,5.88,kmsav_pilot/cropped/Ml2W6PvzCCM/utts/000037.mp4,이러한 대기 조건과 이러한 바다의 형성 이런 조건은 아
Ml2W6PvzCCM_000066,Ml2W6PvzCCM,scie,train,7.16,kmsav_pilot/cropped/Ml2W6PvzCCM/utts/000066.mp4,그래서 여러분들의 이해를 돕기 위해서 이 지구의 46억 년 역사를 24시간으로 한번 줄여보도록 하겠습니다.
Ml2W6PvzCCM_000078,Ml2W6PvzCCM,scie,train,7.0,kmsav_pilot/cropped/Ml2W6PvzCCM/utts/000078.mp4,반면 생명체는 지구 환경을 또한 변화시킬 수 있습니다.
Ml2W6PvzCCM_000079,Ml2W6PvzCCM,scie,train,6.28,kmsav_pilot/cropped/Ml2W6PvzCCM/utts/000079.mp4,지구 초기부터 지금까지 지구 환경은 똑같이 유지됐다고 보지 않습니다.
Ml2W6PvzCCM_000080,Ml2W6PvzCCM,scie,train,4.72,kmsav_pilot/cropped/Ml2W6PvzCCM/utts/000080.mp4,많은 변화가 있었는데요. 그러한 변화는 어떻게 일어났을까요?
Ml2W6PvzCCM_000081,Ml2W6PvzCCM,scie,train,8.32,kmsav_pilot/cropped/Ml2W6PvzCCM/utts/000081.mp4,먼저 생명과 아 지구 환경에 대해서 어떤 관계가 있는지 간단한 그림을 보여드리겠습니다.
Ml2W6PvzCCM_000082,Ml2W6PvzCCM,scie,train,6.72,kmsav_pilot/cropped/Ml2W6PvzCCM/utts/000082.mp4,여러분 몸을 구성하는 우리 몸은 유기물로 되어 있다 그랬죠? 유기물의 중요한 성분이 탄소입니다.
Ml2W6PvzCCM_000083,Ml2W6PvzCCM,scie,train,8.6,kmsav_pilot/cropped/Ml2W6PvzCCM/utts/000083.mp4,우리 몸의 탄소는 어디서 왔을까요? 아 아마 우리 음식물에서 왔을 겁니다. 그쵸? 우리 음 음식물 아
Ml2W6PvzCCM_000084,Ml2W6PvzCCM,scie,train,9.24,kmsav_pilot/cropped/Ml2W6PvzCCM/utts/000084.mp4,야채가 될 수도 있고요. 고기가 될 수도 있고요. 쌀이 될 수도 있고 이러한 것들은 궁극적으로 식물체가 광합성을 통해서 탄소를
Ml2W6PvzCCM_000092,Ml2W6PvzCCM,scie,train,7.72,kmsav_pilot/cropped/Ml2W6PvzCCM/utts/000092.mp4,자 지구 초기에 아까 제가 말씀드린 것처럼 운석으로부터 또는 지구 내부로부터
Ml2W6PvzCCM_000131,Ml2W6PvzCCM,scie,train,4.6,kmsav_pilot/cropped/Ml2W6PvzCCM/utts/000131.mp4,그 저는 이제 생명체에서 광합성이 어떤 의미인가를 설명드리면
Ml2W6PvzCCM_000139,Ml2W6PvzCCM,scie,train,6.24,kmsav_pilot/cropped/Ml2W6PvzCCM/utts/000139.mp4,이제 요런 구조를 영어로는 슈거라고 부르고 우리 말로는 당이라고 부르죠. 대표적인 게 포도당 있습니다.
Ml2W6PvzCCM_000141,Ml2W6PvzCCM,scie,train,4.72,kmsav_pilot/cropped/Ml2W6PvzCCM/utts/000141.mp4,그런데 이제 모든 생명체가 다 광합성을 하는 거 아니죠. 우리들은 광합성을 하지 못합니다.
Ml2W6PvzCCM_000142,Ml2W6PvzCCM,scie,train,8.8,kmsav_pilot/cropped/Ml2W6PvzCCM/utts/000142.mp4,그런데 광합성하지 못하는 생명체는 어떻게 하냐면 되냐면 광합성을 하는 생명체를 잡아먹어서 그 안에 있는 당을 빼내면 됩니다.
Ml2W6PvzCCM_000143,Ml2W6PvzCCM,scie,train,9.64,kmsav_pilot/cropped/Ml2W6PvzCCM/utts/000143.mp4,그 다음에 그 당을 빼낸 다음에 당에 있는 탄소를 잘라 가지고 다시 이산화탄소로 만들면서 그 안에서 튀어나오는 전자를 다시 에너지로 이용을 하는 것이죠.
Ml2W6PvzCCM_000144,Ml2W6PvzCCM,scie,train,10.0,kmsav_pilot/cropped/Ml2W6PvzCCM/utts/000144.mp4,그래서 요런 식으로 하면서 모든 생명체가 무한정한 태양 에너지를 쓰게 되면서 이제 조그마한 방에서 근근이 먹고 살던 시대를 벗어나게 되죠.
Ml2W6PvzCCM_000145,Ml2W6PvzCCM,scie,train,9.4,kmsav_pilot/cropped/Ml2W6PvzCCM/utts/000145.mp4,그래서 사람이 이제 방 1칸에서 근근이 먹고살다가 이제 많은 돈을 갖게 되면 이제 맨 먼저 하는 게 자기가 살고 있는 방을 꾸미는 게 되겠습니다.
Ml2W6PvzCCM_000147,Ml2W6PvzCCM,scie,train,5.48,kmsav_pilot/cropped/Ml2W6PvzCCM/utts/000147.mp4,여기 보면 이제 원핵세포라고 돼 있는데 요건 이제 어떤 종류의 세포냐면 아까 전에 말씀드린 대로
Ml2W6PvzCCM_000148,Ml2W6PvzCCM,scie,train,8.28,kmsav_pilot/cropped/Ml2W6PvzCCM/utts/000148.mp4,어떤 가구 없이 그냥 필요한 걸 여기저기 줄줄 늘어놓는 그런 방과 같은 그런 상태 세포를 가진 그런 생물을 원핵세포라고 하고요.
OMJ9i30zBIw_000010,OMJ9i30zBIw,mukb,train,4.0,kmsav_pilot/cropped/OMJ9i30zBIw/utts/000010.mp4,원샷! 노 브레끼!
OMJ9i30zBIw_000025,OMJ9i30zBIw,mukb,train,3.12,kmsav_pilot/cropped/OMJ9i30zBIw/utts/000025.mp4,"어! 고환 한번 먹자! 그래! 소, 소."
OMJ9i30zBIw_000027,OMJ9i30zBIw,mukb,train,2.72,kmsav_pilot/cropped/OMJ9i30zBIw/utts/000027.mp4,소 거시기 그 저 전에 한번 먹자 그랬었잖아?
OMJ9i30zBIw_000039,OMJ9i30zBIw,mukb,train,2.72,kmsav_pilot/cropped/OMJ9i30zBIw/utts/000039.mp4,고환아! 흐흐흐.
OMJ9i30zBIw_000041,OMJ9i30zBIw,mukb,train,3.44,kmsav_pilot/cropped/OMJ9i30zBIw/utts/000041.mp4,"이게 섬진강에서 나는 거, 강하고 바다하고"
OMJ9i30zBIw_000043,OMJ9i30zBIw,mukb,train,4.28,kmsav_pilot/cropped/OMJ9i30zBIw/utts/000043.mp4,"응, 벚, 벚꽃 필 때쯤 나서, 이게 벚"
OMJ9i30zBIw_000045,OMJ9i30zBIw,mukb,train,3.2,kmsav_pilot/cropped/OMJ9i30zBIw/utts/000045.mp4,"그 저기 뭐야. 벚굴, 벚굴"
OMJ9i30zBIw_000062,OMJ9i30zBIw,mukb,train,8.48,kmsav_pilot/cropped/OMJ9i30zBIw/utts/000062.mp4,와아! 너 지나가는 사람한테 돌 맞아. 송승헌 팬들한테. 간혹 가다가 누가 얘기하시더라고 그 좀 눈이 안 좋으신가 봐. 그러신 분들도 있어.
OMJ9i30zBIw_000064,OMJ9i30zBIw,mukb,train,4.48,kmsav_pilot/cropped/OMJ9i30zBIw/utts/000064.mp4,"진짜 박재범인데, 왜 여기 와서, 헬스장 와서 노래 부르고 다니냐고."
OMJ9i30zBIw_000072,OMJ9i30zBIw,mukb,train,2.08,kmsav_pilot/cropped/OMJ9i30zBIw/utts/000072.mp4,야이야!
OMJ9i30zBIw_000081,OMJ9i30zBIw,mukb,train,3.8,kmsav_pilot/cropped/OMJ9i30zBIw/utts/000081.mp4,"요때 딱 2달 나온대. 2달, 2달인가? 그 정도밖에 안 나올 거야"
OMJ9i30zBIw_000083,OMJ9i30zBIw,mukb,train,7.08,kmsav_pilot/cropped/OMJ9i30zBIw/utts/000083.mp4,"아니지. 요때만 채취를 하는 거지. 옛날에는 진짜 쌌어. 개굴이라 그래 가지고, 이 개굴이야 개굴, 이름이 아유 비싸더라고 지금은."
OMJ9i30zBIw_000088,OMJ9i30zBIw,mukb,train,4.2,kmsav_pilot/cropped/OMJ9i30zBIw/utts/000088.mp4,여러분 안녕하십니까? 여러분의 미키! 빠라라라라 광수입니다.
OMJ9i30zBIw_000097,OMJ9i30zBIw,mukb,train,6.68,kmsav_pilot/cropped/OMJ9i30zBIw/utts/000097.mp4,"아! 원주 백화점에 그냥 옷 사러 가면 사! 그 저기 여기 누구야 사장님, 사장님도"
OMJ9i30zBIw_000105,OMJ9i30zBIw,mukb,train,4.36,kmsav_pilot/cropped/OMJ9i30zBIw/utts/000105.mp4,"코닥 칼라 필름, 이거 읽는데 왜 영어만 나오면 이렇게 민감해 하냐고요?"
OMJ9i30zBIw_000114,OMJ9i30zBIw,mukb,train,2.84,kmsav_pilot/cropped/OMJ9i30zBIw/utts/000114.mp4,아니! 시옷이야! 시옷. 뭐!
OMJ9i30zBIw_000116,OMJ9i30zBIw,mukb,train,4.48,kmsav_pilot/cropped/OMJ9i30zBIw/utts/000116.mp4,"아니, 그러니까, 시옷이라고요? 형은? 시옷?"
OMJ9i30zBIw_000118,OMJ9i30zBIw,mukb,train,4.8,kmsav_pilot/cropped/OMJ9i30zBIw/utts/000118.mp4,"아니, 뭘 본 게 아니라 물어보잖아요. 알고는 먹어야지."
OMJ9i30zBIw_000119,OMJ9i30zBIw,mukb,train,2.4,kmsav_pilot/cropped/OMJ9i30zBIw/utts/000119.mp4,맞다고. 시옷이라고. 시옷
OMJ9i30zBIw_000120,OMJ9i30zBIw,mukb,train,2.56,kmsav_pilot/cropped/OMJ9i30zBIw/utts/000120.mp4,나는 지읒으로 난 알고 있었거든요.
OMJ9i30zBIw_000125,OMJ9i30zBIw,mukb,train,4.92,kmsav_pilot/cropped/OMJ9i30zBIw/utts/000125.mp4,뭘 먹을 때 그래도 최소한에 알고는 사람들한테 설명을 해야 되니까.
OMJ9i30zBIw_000126,OMJ9i30zBIw,mukb,train,5.56,kmsav_pilot/cropped/OMJ9i30zBIw/utts/000126.mp4,우리끼리 먹으면 뭐 지읒이든 옷을 벗고 먹든 뭐 아무 상관이 없죠.
OMJ9i30zBIw_000127,OMJ9i30zBIw,mukb,train,4.4,kmsav_pilot/cropped/OMJ9i30zBIw/utts/000127.mp4,"치읓인지, 지읒인지 몸에 좋은 거여."
OMJ9i30zBIw_000128,OMJ9i30zBIw,mukb,train,4.72,kmsav_pilot/cropped/OMJ9i30zBIw/utts/000128.mp4,성장 호르몬까지 들어 있어서 남성 기능에 엄청 좋다 그러더라고요.
OMJ9i30zBIw_000131,OMJ9i30zBIw,mukb,train,2.12,kmsav_pilot/cropped/OMJ9i30zBIw/utts/000131.mp4,와아!
OMJ9i30zBIw_000139,OMJ9i30zBIw,mukb,train,4.6,kmsav_pilot/cropped/OMJ9i30zBIw/utts/000139.mp4,이게 요때만 잠깐 나오는 거더라고 나도 옛날에 먹어 보고 안 먹어 봤어.
OMJ9i30zBIw_000146,OMJ9i30zBIw,mukb,train,3.2,kmsav_pilot/cropped/OMJ9i30zBIw/utts/000146.mp4,내가 볼 땐 코끼리 코보다 다른 거랑 비슷하더라고.
OMJ9i30zBIw_000152,OMJ9i30zBIw,mukb,train,3.56,kmsav_pilot/cropped/OMJ9i30zBIw/utts/000152.mp4,말? 말죽거리 잔혹사
OMJ9i30zBIw_000167,OMJ9i30zBIw,mukb,train,3.44,kmsav_pilot/cropped/OMJ9i30zBIw/utts/000167.mp4,이게 생으로 하나
OMJ9i30zBIw_000180,OMJ9i30zBIw,mukb,train,5.04,kmsav_pilot/cropped/OMJ9i30zBIw/utts/000180.mp4,뭐 입이 돌아간 거야? 아까 저 저 뭐 매운 거 많이 먹어서? 정신 똑똑히 차리라고!
RBo3QndKgrE_000003,RBo3QndKgrE,issu,train,7.36,kmsav_pilot/cropped/RBo3QndKgrE/utts/000003.mp4,어 일단 우리 교수님과의 이제 첫 만남인데 학교 요즘 분위기는 좀 어떻습니까? 코로나 상황 땜에. 네
RBo3QndKgrE_000006,RBo3QndKgrE,issu,train,3.96,kmsav_pilot/cropped/RBo3QndKgrE/utts/000006.mp4,그리고 뭐 기말고사도 비대면으로 치는 경우도 있고 대면으로 치는 경우도 있고
RBo3QndKgrE_000012,RBo3QndKgrE,issu,train,5.76,kmsav_pilot/cropped/RBo3QndKgrE/utts/000012.mp4,그 연준위에 선임 이코노미스트로 일하신 그런 어 이력이 있으신데 어떤 업무를 담당하셨습니까?
RBo3QndKgrE_000013,RBo3QndKgrE,issu,train,8.88,kmsav_pilot/cropped/RBo3QndKgrE/utts/000013.mp4,처음에 제가 박사를 받은 해가 96년인데요. 첫 직장이 연준위였습니다. 네 그때는 물론 이제 선임은 아니었고 그냥 예 이코노미스트로서
RBo3QndKgrE_000015,RBo3QndKgrE,issu,train,9.36,kmsav_pilot/cropped/RBo3QndKgrE/utts/000015.mp4,어 우리나라 이제 한국은행으로 치면 조사국 모형부와 같은 데에서 일을 한 2년 했습니다. 98년까지 말씀하신 대로요.
RBo3QndKgrE_000016,RBo3QndKgrE,issu,train,8.08,kmsav_pilot/cropped/RBo3QndKgrE/utts/000016.mp4,그러면서 이제 미국 경제를 거시경제학 모형으로 이해하는 네 그러한 시도를 하는 그룹에서
RBo3QndKgrE_000022,RBo3QndKgrE,issu,train,9.96,kmsav_pilot/cropped/RBo3QndKgrE/utts/000022.mp4,"자 아무래도 기축통화국의 통화정책이 이제 미 증시를 비롯해서, 전 세계 증시에 큰 영향이 있기 때문일 텐데. 일단 12월 우리 FOMC 그 회의 결과가"
RBo3QndKgrE_000023,RBo3QndKgrE,issu,train,6.4,kmsav_pilot/cropped/RBo3QndKgrE/utts/000023.mp4,자 앞으로 금리 인상 한 3차례 단행한다는 거. 네 그리고 또 그 시기가 좀 앞당겨진 부분.
RBo3QndKgrE_000030,RBo3QndKgrE,issu,train,7.2,kmsav_pilot/cropped/RBo3QndKgrE/utts/000030.mp4,"훨씬 더 앞당겨졌다. 그러니까 9월 같으면은 내년에 금리 인상이 뭐 없을지, 있을지 한 반반 정도"
RBo3QndKgrE_000034,RBo3QndKgrE,issu,train,2.8,kmsav_pilot/cropped/RBo3QndKgrE/utts/000034.mp4,학교에 가서 한 5년 가르치고 버지니아 대학에서 한 5년 가르치다가
RBo3QndKgrE_000036,RBo3QndKgrE,issu,train,8.64,kmsav_pilot/cropped/RBo3QndKgrE/utts/000036.mp4,"다시 이제 연준위에 가서 일을 할 때, 그때 어떻게 보면 금리정책에 대해서 또 일을 했고요. 지금 질문 주신 대로 과연 금리 정책을 어떻게"
RBo3QndKgrE_000038,RBo3QndKgrE,issu,train,5.32,kmsav_pilot/cropped/RBo3QndKgrE/utts/000038.mp4,"설정하는 것이 좋은가, 에 뭐 좋다는 뜻의 여러 가지가 있을 수 있겠지만요. 그런 거에서 일을 했습니다."
RBo3QndKgrE_000044,RBo3QndKgrE,issu,train,5.8,kmsav_pilot/cropped/RBo3QndKgrE/utts/000044.mp4,"얼마나 오래갈 것인가, 네 과연 그것이 70년대에 있던 것처럼"
RBo3QndKgrE_000049,RBo3QndKgrE,issu,train,4.36,kmsav_pilot/cropped/RBo3QndKgrE/utts/000049.mp4,근데 그게 이제 어법이 바뀐 거가 있고 또 이제 일시적이라는 단어를 시장에서 어떻게 해석하느
RBo3QndKgrE_000060,RBo3QndKgrE,issu,train,4.08,kmsav_pilot/cropped/RBo3QndKgrE/utts/000060.mp4,또 더 길게 보는 사람들은 영원하지만 않으면 일시적이라고 볼 수도 있는 것이죠.
RBo3QndKgrE_000063,RBo3QndKgrE,issu,train,3.0,kmsav_pilot/cropped/RBo3QndKgrE/utts/000063.mp4,그게 사실 중앙은행 소통이 가장 어려운 점인데요.
RBo3QndKgrE_000065,RBo3QndKgrE,issu,train,7.72,kmsav_pilot/cropped/RBo3QndKgrE/utts/000065.mp4,뭐 그렇다는 면에서 이번에 일시적이라는 표현을 에 삭제 하면서 소통을 했다라고 평가하고 싶습니다.
RBo3QndKgrE_000068,RBo3QndKgrE,issu,train,8.56,kmsav_pilot/cropped/RBo3QndKgrE/utts/000068.mp4,"우리 또 작가, 사전에 얘기 나누다 보니까 이게 중요한 거라고 흐흐 얘기하더라고요. 자 그러면 이 점도표가 뭔지 좀 간략한 설명을 좀 부탁드리고"
RBo3QndKgrE_000070,RBo3QndKgrE,issu,train,9.28,kmsav_pilot/cropped/RBo3QndKgrE/utts/000070.mp4,뭐 시간이 또 저희에게 또 한정되어 있다 보니까. 또 이런 또 점도표가 그대로 그 그 금리 인상의 진행 일정이 그대로 진행될지 이런 부분도 좀 말씀해 주시죠.
RBo3QndKgrE_000072,RBo3QndKgrE,issu,train,5.28,kmsav_pilot/cropped/RBo3QndKgrE/utts/000072.mp4,"그 버냉키 의장께서 하신 것 중의 하나가 아, 중앙은행에 소통을 좀 더 하자."
RBo3QndKgrE_000074,RBo3QndKgrE,issu,train,9.96,kmsav_pilot/cropped/RBo3QndKgrE/utts/000074.mp4,는 것을 많이 이야기를 하셨습니다. 그러면서 중앙은행 금리 결정에 참여하는 사람들에 경기 전망을 좀 내놓자. 라고 얘기를 했었고요.
RBo3QndKgrE_000078,RBo3QndKgrE,issu,train,4.48,kmsav_pilot/cropped/RBo3QndKgrE/utts/000078.mp4,사실 틀려지고 약속이 바뀌는 거에 대한 부담이 조금은 다르거든요.
RBo3QndKgrE_000081,RBo3QndKgrE,issu,train,2.08,kmsav_pilot/cropped/RBo3QndKgrE/utts/000081.mp4,그 처음에는 경제 전망만 하다가
RBo3QndKgrE_000083,RBo3QndKgrE,issu,train,2.52,kmsav_pilot/cropped/RBo3QndKgrE/utts/000083.mp4,나중에 이제 점도표를 더 넣으면서
RBo3QndKgrE_000087,RBo3QndKgrE,issu,train,7.48,kmsav_pilot/cropped/RBo3QndKgrE/utts/000087.mp4,과연 중앙은행의 정책 금리가 어느 정도에 가 있을까 라는 것에 대한 자기들의
RBo3QndKgrE_000089,RBo3QndKgrE,issu,train,5.44,kmsav_pilot/cropped/RBo3QndKgrE/utts/000089.mp4,그 전체가 다 있으면 19명인데 지금 아마 1자리가 공석이어서 18명이
RBo3QndKgrE_000093,RBo3QndKgrE,issu,train,4.48,kmsav_pilot/cropped/RBo3QndKgrE/utts/000093.mp4,어 연준의 영혼을 들여다볼 수 있는 창문이다!
RBo3QndKgrE_000099,RBo3QndKgrE,issu,train,7.2,kmsav_pilot/cropped/RBo3QndKgrE/utts/000099.mp4,라고 하는데 시장에선 아무래도 연준이 정한다는 데에 더 방점을 찍고
RBo3QndKgrE_000100,RBo3QndKgrE,issu,train,3.0,kmsav_pilot/cropped/RBo3QndKgrE/utts/000100.mp4,점 약속으로 이해하고 싶은
RBo3QndKgrE_000102,RBo3QndKgrE,issu,train,8.56,kmsav_pilot/cropped/RBo3QndKgrE/utts/000102.mp4,것이 많은데 그게 사실은 다른 나라들에서는 점도표를 이야기하지 않는 이유 중의 하나인데요. 그건 국가마다 금융시장에
RBo3QndKgrE_000103,RBo3QndKgrE,issu,train,5.08,kmsav_pilot/cropped/RBo3QndKgrE/utts/000103.mp4,"이 중앙은행을 이해하는 방식이 달라서 그러한 차이가 나오지 않나, 그렇게 생각을 합니다."
RBo3QndKgrE_000113,RBo3QndKgrE,issu,train,5.32,kmsav_pilot/cropped/RBo3QndKgrE/utts/000113.mp4,그런 걱정에 조금 동의해서 네 연준도 일시적이라는 표현도 삭제하고
RBo3QndKgrE_000115,RBo3QndKgrE,issu,train,7.0,kmsav_pilot/cropped/RBo3QndKgrE/utts/000115.mp4,점점 더 이제 조금은 더 빨리 올린다. 금리를 더 빨리 올린다라는 방식으로
RBo3QndKgrE_000118,RBo3QndKgrE,issu,train,9.0,kmsav_pilot/cropped/RBo3QndKgrE/utts/000118.mp4,"네. 어 지금 이제 금리 인상 변동성, 이것 때문에 증시에선 이제 악재로 단기적으로 이제 보고 있는 부분이 있는데"
RBo3QndKgrE_000119,RBo3QndKgrE,issu,train,3.64,kmsav_pilot/cropped/RBo3QndKgrE/utts/000119.mp4,우리 이제 결국은 우리 신흥국을 포함 우리나라에 어떤 영향을 미칠지가
RBo3QndKgrE_000122,RBo3QndKgrE,issu,train,5.8,kmsav_pilot/cropped/RBo3QndKgrE/utts/000122.mp4,사실 그동안 계속 얘기 나왔기 때문에 선반영된 측면도 좀 증시에는 좀 있습니다. 어떻게 보시나요?
RBo3QndKgrE_000124,RBo3QndKgrE,issu,train,5.04,kmsav_pilot/cropped/RBo3QndKgrE/utts/000124.mp4,몇몇 신흥국은 영향을 받을 수밖에 없는 게 그게 금융시장의 생리라고 생각을 합니다.
RBo3QndKgrE_000127,RBo3QndKgrE,issu,train,4.84,kmsav_pilot/cropped/RBo3QndKgrE/utts/000127.mp4,그렇다면 과연 그 나라가 되지 않으려는 각 신흥국들의 노력이
RBo3QndKgrE_000129,RBo3QndKgrE,issu,train,5.0,kmsav_pilot/cropped/RBo3QndKgrE/utts/000129.mp4,현재 보여지고 있고요. 네 우리나라도 마찬가지라고 생각을 합니다.
RBo3QndKgrE_000133,RBo3QndKgrE,issu,train,4.0,kmsav_pilot/cropped/RBo3QndKgrE/utts/000133.mp4,이 고민 속에서 그래도 한은은 선제 대응 차원에서 지금 금리 인상을 했단 말이에요.
RBo3QndKgrE_000135,RBo3QndKgrE,issu,train,2.68,kmsav_pilot/cropped/RBo3QndKgrE/utts/000135.mp4,내년 1월 또 한차례 금리 인상 얘기를 하고 있는데
RBo3QndKgrE_000139,RBo3QndKgrE,issu,train,7.96,kmsav_pilot/cropped/RBo3QndKgrE/utts/000139.mp4,네 상황에 많이 의존하는 하는 거 같습니다. 그래서 우리나라도 이 연말연시 방역이 중요하다고도 말씀을 하시는데요.
RBo3QndKgrE_000141,RBo3QndKgrE,issu,train,8.36,kmsav_pilot/cropped/RBo3QndKgrE/utts/000141.mp4,"한국은행에서도 뭐 연준도 마찬가지입니다. 연준에 있는 과거 친구들하고 얘기를 해도 내가 이게 경제학자인지, 보건학자인지 모르겠다."
RBo3QndKgrE_000145,RBo3QndKgrE,issu,train,7.48,kmsav_pilot/cropped/RBo3QndKgrE/utts/000145.mp4,"영끌, 빛투 이게 난무할 정도로 사실 과열 양상이었는데 이제 시장은 변동성 국면에 접어들었단 말이에요."
RBo3QndKgrE_000148,RBo3QndKgrE,issu,train,8.32,kmsav_pilot/cropped/RBo3QndKgrE/utts/000148.mp4,그 과거에 그린스펀이 네 그 비이성적인 과열 얘기할 때부터 해서 가장 어려운 문제고요. 이건 제 생각에
RBo3QndKgrE_000154,RBo3QndKgrE,issu,train,8.36,kmsav_pilot/cropped/RBo3QndKgrE/utts/000154.mp4,그러다 보면 모든 사람들은 그에 따라가게 마련인 것이고요. 거기에 너무 안 따라가도 그럼 작동을 안해서 문제지만
RBo3QndKgrE_000156,RBo3QndKgrE,issu,train,5.16,kmsav_pilot/cropped/RBo3QndKgrE/utts/000156.mp4,지역적인 특수성 네 그런 것 때문에 더 심하게 나오고 있 있다고 생각을 합니다.
RBo3QndKgrE_000158,RBo3QndKgrE,issu,train,8.2,kmsav_pilot/cropped/RBo3QndKgrE/utts/000158.mp4,"자 이제, 이제 끝으로 좀 질문드릴 것들, 이제 마무리해야 될 텐데요. 한미 통화스와프 이제 연말에 종료가 되는데"
RBo3QndKgrE_000162,RBo3QndKgrE,issu,train,7.44,kmsav_pilot/cropped/RBo3QndKgrE/utts/000162.mp4,큰 문제는 없을 것이다라는 게 이해라고 생각을 합니다. 물론 코로나나 다른 일로 인한 불확실성은 여전히
RBo3QndKgrE_000169,RBo3QndKgrE,issu,train,3.16,kmsav_pilot/cropped/RBo3QndKgrE/utts/000169.mp4,우리나라 경제에 대한 예상도 결국은 코로나
RBo3QndKgrE_000172,RBo3QndKgrE,issu,train,5.6,kmsav_pilot/cropped/RBo3QndKgrE/utts/000172.mp4,미국의 중앙은행의 정책이나 그런 식의 그 간접적인 파고? 추가 파고
RBo3QndKgrE_000173,RBo3QndKgrE,issu,train,6.96,kmsav_pilot/cropped/RBo3QndKgrE/utts/000173.mp4,를 막는 예 그런 면에서 그 경제정책이 집중되어야 된다고 생각을 하고요.
RBo3QndKgrE_000175,RBo3QndKgrE,issu,train,7.28,kmsav_pilot/cropped/RBo3QndKgrE/utts/000175.mp4,네 그런 추가 파고를 잘 막을 수 있는 정책이 나온다면 뭐 통화정책 그리고 경제정책 전체로도
RBo3QndKgrE_000178,RBo3QndKgrE,issu,train,7.4,kmsav_pilot/cropped/RBo3QndKgrE/utts/000178.mp4,"이번 코로나 위기 아주 잘 예 대응했다 라고 평가할 수 있지 않을까, 네 그렇게 바라보고 기대하고 있습니다."
RBo3QndKgrE_000179,RBo3QndKgrE,issu,train,5.88,kmsav_pilot/cropped/RBo3QndKgrE/utts/000179.mp4,네. 저는 사실 경제학자 모시고 호호 코로나 얘기를 하는 으허허
RG5Kpfiw-Kw_000001,RG5Kpfiw-Kw,issu,train,3.32,kmsav_pilot/cropped/RG5Kpfiw-Kw/utts/000001.mp4,이데일리의 이광수 기자와 함께 하시죠 안녕하세요?
RG5Kpfiw-Kw_000003,RG5Kpfiw-Kw,issu,train,7.32,kmsav_pilot/cropped/RG5Kpfiw-Kw/utts/000003.mp4,네 뭐 여러 가지 시장의 이슈들이 계속해서 나오고 있는 상황입니다. 실적에 대한 부분도 당연히 있을거고요. 거기에다가
RG5Kpfiw-Kw_000004,RG5Kpfiw-Kw,issu,train,6.08,kmsav_pilot/cropped/RG5Kpfiw-Kw/utts/000004.mp4,저는 굉장히 좀 파격적이다 라고 생각이 들었던게 신세계와 네이버의 행봅니다.
RG5Kpfiw-Kw_000006,RG5Kpfiw-Kw,issu,train,3.2,kmsav_pilot/cropped/RG5Kpfiw-Kw/utts/000006.mp4,거기에다가 신세계 같은 경우는 또 얼마 전에 SK 와이번스
RG5Kpfiw-Kw_000009,RG5Kpfiw-Kw,issu,train,5.4,kmsav_pilot/cropped/RG5Kpfiw-Kw/utts/000009.mp4,"인수에 대한 이야기도 있었고요. 자, 이런 파격적인 행보들에 대해서 좀 어떻게 보세요."
RG5Kpfiw-Kw_000013,RG5Kpfiw-Kw,issu,train,9.6,kmsav_pilot/cropped/RG5Kpfiw-Kw/utts/000013.mp4,삐에로 쇼핑이라던지 막 등등등 약간 실험을 약간 좋아하는 그런 성향을 나타내고 있기 때문에 그런 차원에서 좀 네이버를 좀 만난 것이 아닌가 좀 이런 생각이 드는데요.
RG5Kpfiw-Kw_000014,RG5Kpfiw-Kw,issu,train,9.12,kmsav_pilot/cropped/RG5Kpfiw-Kw/utts/000014.mp4,"그 네이버 예전에 그 고위 관계자분 만나가지고 예전에 CJ 대한통운과 이렇게 주식교환 했을 때 와, 어떻게 이렇게 온라인 쇼핑을 강화하는거냐 막 이렇게"
RG5Kpfiw-Kw_000015,RG5Kpfiw-Kw,issu,train,7.24,kmsav_pilot/cropped/RG5Kpfiw-Kw/utts/000015.mp4,물론 언론의 보도에도 그렇게 많이 나왔었고 그런 얘기를 한번 여쭤봤었는데 그렇게까지 생각 안하고 있는데 자꾸 언론에서 그렇게까지 해석해
RG5Kpfiw-Kw_000020,RG5Kpfiw-Kw,issu,train,5.56,kmsav_pilot/cropped/RG5Kpfiw-Kw/utts/000020.mp4,아마 양사도 물론 그걸 고려하고 있겠지만 아직까지는 뭐 구체적인 단계는 당연히 아닐 것으로 그렇게 예상이 됩니
RG5Kpfiw-Kw_000022,RG5Kpfiw-Kw,issu,train,6.76,kmsav_pilot/cropped/RG5Kpfiw-Kw/utts/000022.mp4,만약에 두 기업이 만난다고 하면 오프라인과 온라인이 합쳐지면서 엄청난 좀
RG5Kpfiw-Kw_000024,RG5Kpfiw-Kw,issu,train,3.36,kmsav_pilot/cropped/RG5Kpfiw-Kw/utts/000024.mp4,"맞습니다, 그래서 돈을 벌어야 되는데"
RG5Kpfiw-Kw_000025,RG5Kpfiw-Kw,issu,train,9.8,kmsav_pilot/cropped/RG5Kpfiw-Kw/utts/000025.mp4,"돈이 안벌리는, 지금 적자거든요 SK 와이번스가. 그래서 그 야구단을 왜 샀냐, 아무리 싸게 샀어도 좀 그런 시너지 자체 의문이 든다 좀 이런 시장에서 해석을 했던거 같아요."
RG5Kpfiw-Kw_000029,RG5Kpfiw-Kw,issu,train,7.52,kmsav_pilot/cropped/RG5Kpfiw-Kw/utts/000029.mp4,"온라인 쇼핑 역, 역량을 좀 키우려고 하는 행보로 보이는데 아마 네이버를 만난 것도 그에 일환이지 않을까 좀 이렇게 생각이 듭니다."
RG5Kpfiw-Kw_000033,RG5Kpfiw-Kw,issu,train,7.6,kmsav_pilot/cropped/RG5Kpfiw-Kw/utts/000033.mp4,또 경쟁심이 또 불타오를 수도 있지 않을까 라는 생각도 드네요. 어찌 됐든 이런 행보들을 지켜보도록 하겠습니다. 파격적인 행보니까요.
S8OsACnjTUY_000005,S8OsACnjTUY,scie,train,10.0,kmsav_pilot/cropped/S8OsACnjTUY/utts/000005.mp4,어 그런데 제가 아까 강연시간에 말씀 하시기를 컴퓨터가 있기 전에도 알고리즘이 있다고 말씀을 하신 것 같습니다. 어 그게 이제 어떤 건가요? 소개를 좀 부탁드리겠습니다.
S8OsACnjTUY_000007,S8OsACnjTUY,scie,train,6.2,kmsav_pilot/cropped/S8OsACnjTUY/utts/000007.mp4,10세기 정도에 활동했던 페르시아 수학자로 알 콰리즈미라고 하는 분이 있습니다.
S8OsACnjTUY_000008,S8OsACnjTUY,scie,train,7.68,kmsav_pilot/cropped/S8OsACnjTUY/utts/000008.mp4,"그 여러분들이 중학교 때 방정식 풀 때, 어떻게 했는지 잘 생각해 보시면, 양쪽에 같은 수를 뭐 더하고, 빼고, 나누고 이렇게 해서"
S8OsACnjTUY_000009,S8OsACnjTUY,scie,train,9.04,kmsav_pilot/cropped/S8OsACnjTUY/utts/000009.mp4,미지수 X의 값을 구하잖아요. 이런 식으로 어떤 절차에 따라서 문제를 푼다라는 이 과정을 어 체계적으로 정리한 사람이 알 콰리즈미이었습니다.
S8OsACnjTUY_000011,S8OsACnjTUY,scie,train,8.16,kmsav_pilot/cropped/S8OsACnjTUY/utts/000011.mp4,"어 알고리드미 선생께서 말씀하시기를, 알고리드미 가라사대 이런 식으로 이제 라틴어로 적혔던 거죠. 그게 나중에 세월이 지나면서,"
S8OsACnjTUY_000012,S8OsACnjTUY,scie,train,9.0,kmsav_pilot/cropped/S8OsACnjTUY/utts/000012.mp4,알고리듬이라고 하는 우리가 알고 있는 그 용어로 바뀌게 된 겁니다. 그래서 알고리듬이라고 하는 용어 자체는 한 1000년 이상 되었다고 할 수 있겠습니다.
S8OsACnjTUY_000016,S8OsACnjTUY,scie,train,5.6,kmsav_pilot/cropped/S8OsACnjTUY/utts/000016.mp4,의미있는 알고리즘은 유클리드 알고리즘이 아닌가 싶습니다. 유클리드가 제안한 건데요.
S8OsACnjTUY_000018,S8OsACnjTUY,scie,train,8.28,kmsav_pilot/cropped/S8OsACnjTUY/utts/000018.mp4,"그 때는 알고리즘이라는 말이 없었지만, 2천 년 전이죠. 지금도 여러분이 쓰는 공인인증서를 계산할 때 가장 중요한 알고리즘이 유클리드 알고리즘이니깐,"
S8OsACnjTUY_000019,S8OsACnjTUY,scie,train,7.68,kmsav_pilot/cropped/S8OsACnjTUY/utts/000019.mp4,"사실은 컴퓨터 생기기 이전부터도 굉장히 오랜 시간 동안 알고리즘이라는 게, 우리 생활과 우리 사고에 중요한 부분을 차지 했었던 것 같습니다."
S8OsACnjTUY_000024,S8OsACnjTUY,scie,train,9.08,kmsav_pilot/cropped/S8OsACnjTUY/utts/000024.mp4,"예, 아 그러면 이 아까 강연 시간 역시 그 수학자가 이런 컴퓨터 알고리즘 개발을 주도적으로 했다는 점을 우리가 이제 알게 되었는데,"
S8OsACnjTUY_000025,S8OsACnjTUY,scie,train,5.88,kmsav_pilot/cropped/S8OsACnjTUY/utts/000025.mp4,어 반대로 이 컴퓨터가 수학에도 영향을 많이 미쳤을 것 같습니다. 이 어떤 영향을 주었는지 궁금하네요.
S8OsACnjTUY_000026,S8OsACnjTUY,scie,train,7.96,kmsav_pilot/cropped/S8OsACnjTUY/utts/000026.mp4,"여기 실례가 있죠. 제가 예를 들어서, 컴퓨터가 없었으면, 수치해석 전공으로 수학자를 못 했었을니까, 사실 굉장히 많은"
S8OsACnjTUY_000027,S8OsACnjTUY,scie,train,7.76,kmsav_pilot/cropped/S8OsACnjTUY/utts/000027.mp4,"부분에 요즘 응용이라고 불리는 부분들은 실제로 아까 보셨다시피, 다른 분야에서 필요로 하는 계산들을"
S8OsACnjTUY_000028,S8OsACnjTUY,scie,train,8.36,kmsav_pilot/cropped/S8OsACnjTUY/utts/000028.mp4,"적용하려고 그러면, 컴퓨터 도움이라는게 인제 굉장히 많이 필요하니까요, 응용을 하시는 굉장히 많은 분들은 내용이 무어든간에 관계없이 컴퓨터라는 것들을"
S8OsACnjTUY_000029,S8OsACnjTUY,scie,train,6.0,kmsav_pilot/cropped/S8OsACnjTUY/utts/000029.mp4,"자기가 주전공자처럼 수치해석이 아니라 하더라도 많이 사용하십니다. 그러니까 평균 방정식 전공 하시더라도,"
S8OsACnjTUY_000030,S8OsACnjTUY,scie,train,7.6,kmsav_pilot/cropped/S8OsACnjTUY/utts/000030.mp4,"그러더라도 어 컴퓨터를 활용해서 계산하시고, 이런 경우엔 알고리즘이란게 굉장히 중요한 부분이 되겠죠."
S8OsACnjTUY_000031,S8OsACnjTUY,scie,train,8.16,kmsav_pilot/cropped/S8OsACnjTUY/utts/000031.mp4,"이 컴퓨터, 사실 컴퓨터 시대죠, 지금은. 이 컴퓨터가 수학에 미치는 영향이 굉장히 클 텐데요. 저는 그 알고리듬이라는 관점에서,"
S8OsACnjTUY_000033,S8OsACnjTUY,scie,train,8.96,kmsav_pilot/cropped/S8OsACnjTUY/utts/000033.mp4,"어 이 계산을 몇 십년 동안 해도 1000자리를 넘는게 인간의 힘으로는 불가능한 일이었거든요. 그런데, 컴퓨터가 개발되면서 이젠 뭐"
S8OsACnjTUY_000037,S8OsACnjTUY,scie,train,8.68,kmsav_pilot/cropped/S8OsACnjTUY/utts/000037.mp4,"미지수가 하나 짜리인 방적식은 푸는게 뭐 그렇게 어렵지 않습니다. 근데 이제 미지수가 두 개가 되면, 굉장히 복잡해지거든요. 이런 구조를 다루는게"
S8OsACnjTUY_000039,S8OsACnjTUY,scie,train,8.08,kmsav_pilot/cropped/S8OsACnjTUY/utts/000039.mp4,"사실 이 아이디어 자체는 여러분도 아마 잘 아실 것 같은데, 히로나카 헤이스케라고 하는 필즈메달 받으신 일본 수학자 있으시죠?"
S8OsACnjTUY_000040,S8OsACnjTUY,scie,train,7.72,kmsav_pilot/cropped/S8OsACnjTUY/utts/000040.mp4,"이 분이 이제 자기 최대 업적인 그 논문에서 그 내용을, 기본적 개념을 어 사실 사용하고 있습니다."
S8OsACnjTUY_000042,S8OsACnjTUY,scie,train,9.28,kmsav_pilot/cropped/S8OsACnjTUY/utts/000042.mp4,이제 이 대수기하나 이런 쪽 연구하는 분들한테는 완전히 새로운 무기가 하나 등장을 한 것이죠. 지금 대수기하 하시는 분들은 계산하는 프로그램을 다 가지고 있거든요.
S8OsACnjTUY_000043,S8OsACnjTUY,scie,train,9.96,kmsav_pilot/cropped/S8OsACnjTUY/utts/000043.mp4,"뭔가 이제 필요한 계산을 여기 한번 넣어보고 나온 결과물들을 보고, 뭐 이런 공통점이 있구나, 이런 구조가 있구나 이런 것들을 파악해서, 자기 연구에서 이뤄내는 일들이 굉장히 많아졌습니다."
S8OsACnjTUY_000048,S8OsACnjTUY,scie,train,9.04,kmsav_pilot/cropped/S8OsACnjTUY/utts/000048.mp4,"수학적 실험들이 가능하겠죠? 예를 들어서, 2강에서 여러분 보셨던, 들으셨다면 하승열 교수님의 그 플럭세이션"
S8OsACnjTUY_000050,S8OsACnjTUY,scie,train,6.52,kmsav_pilot/cropped/S8OsACnjTUY/utts/000050.mp4,"뭐 이런 것들을 말씀해 주실 수 있고요, 뭐 심지어 기하서 교수님 같은 경우도 전혀 컴퓨터하고도 관련 없을 것 같은,"
S8OsACnjTUY_000052,S8OsACnjTUY,scie,train,9.56,kmsav_pilot/cropped/S8OsACnjTUY/utts/000052.mp4,"어 문제를 갖다가 리만 가설을 푸시지만, 아 그 리만 가설에 이런 식의 적용이 가능하겠다, 말씀하시기를 컴퓨터에 굉장히 많은 도움을 받았다. 그러니까,"
S8OsACnjTUY_000053,S8OsACnjTUY,scie,train,9.36,kmsav_pilot/cropped/S8OsACnjTUY/utts/000053.mp4,"컴퓨터가 단순히 계산하는 도구일 뿐만 아니라, 우리 수학자들에게 있어서는, 새로운 지평을 열어주는, 그런 도구인 것 같습니다."
S8OsACnjTUY_000061,S8OsACnjTUY,scie,train,8.2,kmsav_pilot/cropped/S8OsACnjTUY/utts/000061.mp4,"뭔가 좀 다른 방향에 도움이 되고 있는 것 같습니다. 어 세상 일이 다 그런 거겠죠. 어느 한 쪽이 잘 안되면, 다른 쪽에 도움이 생길 수 있는 거니까요."
S8OsACnjTUY_000062,S8OsACnjTUY,scie,train,8.36,kmsav_pilot/cropped/S8OsACnjTUY/utts/000062.mp4,"컴퓨터라고 하는 도구도, 좀 그 이전과는 다른 접근 방법의 다른 사고를 할 수 있도록 도와주는 그런 도구가 아닐까 생각을 하고 있습니다."
S8OsACnjTUY_000067,S8OsACnjTUY,scie,train,9.12,kmsav_pilot/cropped/S8OsACnjTUY/utts/000067.mp4,"계산의 결과에 집착하는게 아니라, 과정을 생각하기 때문에, 컴퓨터라는 거는 결과를 내는데는 요긴하지만"
S8OsACnjTUY_000071,S8OsACnjTUY,scie,train,4.72,kmsav_pilot/cropped/S8OsACnjTUY/utts/000071.mp4,수학을 잘못 이해하고 있는거죠. 최소한 수학자들은 그렇지는 않은 것 같습니다.
S8OsACnjTUY_000072,S8OsACnjTUY,scie,train,8.04,kmsav_pilot/cropped/S8OsACnjTUY/utts/000072.mp4,"무엇이든 어떻게 쓰느지가 정말 중요한 거 같습니다. 자, 그럼 거꾸로 한번 생각을 해보면, 어 수학이라는 것이 최근에서는,"
S8OsACnjTUY_000073,S8OsACnjTUY,scie,train,5.68,kmsav_pilot/cropped/S8OsACnjTUY/utts/000073.mp4,"대부분 이제 알고리즘의 형태로 만들어지는지 이런것도 좀 궁금해지는데, 어떤가요?"
S8OsACnjTUY_000075,S8OsACnjTUY,scie,train,9.52,kmsav_pilot/cropped/S8OsACnjTUY/utts/000075.mp4,"그 결과가 대개의 경우에는, 현재 인제 손으로 할 수 있는, 혹은 사고로 할 수 있는 범위를 넘어선 경우가 많기 때문에, 기본적인 개념은 충분히 갖고 있지만,"
S8OsACnjTUY_000076,S8OsACnjTUY,scie,train,9.28,kmsav_pilot/cropped/S8OsACnjTUY/utts/000076.mp4,"아, 내가 이런 모델을 통해서 이렇게 하면 이런 결과가 나올 것이다 라는 상상력은 존재하지만, 구체적인 경우에 다들 적용하기 어렵기 때문에, 응용수학의 많은 부분들은"
S8OsACnjTUY_000077,S8OsACnjTUY,scie,train,8.48,kmsav_pilot/cropped/S8OsACnjTUY/utts/000077.mp4,"알고리즘화 되어져있는 결과, 혹은 그에 준하는 그런 식의 사고를 요구하는 건 맞습니다. 그렇지만, 그거가 다는 아니고요."
S8OsACnjTUY_000079,S8OsACnjTUY,scie,train,3.84,kmsav_pilot/cropped/S8OsACnjTUY/utts/000079.mp4,"예, 응용수학을 하지 않으신 분도 알고리즘에 대해서 생각하십니다."
S8OsACnjTUY_000083,S8OsACnjTUY,scie,train,9.92,kmsav_pilot/cropped/S8OsACnjTUY/utts/000083.mp4,"20세기 수학자들이 풀어야 할 문제로, 23개의 문제를 제시합니다. 그 중에 10번째 문제가 무엇이냐면, 어떤 주어진 정수계수 당 방정식의 해가,"
S8OsACnjTUY_000084,S8OsACnjTUY,scie,train,7.16,kmsav_pilot/cropped/S8OsACnjTUY/utts/000084.mp4,"존재하는지, 존재하지 않는지를 판정할 수 있는지 알고리듬을 만들어봐라, 이런 문제였습니다. 어 근데,"
S8OsACnjTUY_000085,S8OsACnjTUY,scie,train,9.92,kmsav_pilot/cropped/S8OsACnjTUY/utts/000085.mp4,"너무 거창하죠. 이 되게 거창한 일들은 안되게 마련입니다. 이게 사실은 그런 알고리듬이 없습니다. 근데, 없다는 걸 어떻게 보이느냐가 문제가 되는거죠."
S8OsACnjTUY_000086,S8OsACnjTUY,scie,train,9.52,kmsav_pilot/cropped/S8OsACnjTUY/utts/000086.mp4,"이걸 하는 과정에서 미국에 줄리아 로빈슨이라고 하는 어 여성 수학자신데, 저는 여성이 수학 못한다는 말을 전혀 이해 못하는 사람 중의 1명인데요."
S8OsACnjTUY_000087,S8OsACnjTUY,scie,train,8.72,kmsav_pilot/cropped/S8OsACnjTUY/utts/000087.mp4,줄리아 로빈슨이 여기에 굉장히 많은 업적을 세웠고요. 최종적으로 문제를 해결한 사람은 러시아 사람인 마티야세비치라고 하는 사람이 문제를 해결합니다.
S8OsACnjTUY_000089,S8OsACnjTUY,scie,train,8.64,kmsav_pilot/cropped/S8OsACnjTUY/utts/000089.mp4,"만약에 그런 알고리듬이 힐베르트가 원했던 그런 알고리즘이 정말로 존재하는 거라면, 전 먹고 살수가 없겠죠. 다행히 그런게 안 통하기 때문에,"
S8OsACnjTUY_000092,S8OsACnjTUY,scie,train,4.8,kmsav_pilot/cropped/S8OsACnjTUY/utts/000092.mp4,"이 컴퓨터로 많은 일을 할 수 있지만, 이 컴퓨터로 풀 수 없는 문제가 존재한다를 증명하기 위해서,"
S8OsACnjTUY_000096,S8OsACnjTUY,scie,train,3.2,kmsav_pilot/cropped/S8OsACnjTUY/utts/000096.mp4,생각해 내는 거다. 중요한 부분이죠.
S8OsACnjTUY_000098,S8OsACnjTUY,scie,train,7.84,kmsav_pilot/cropped/S8OsACnjTUY/utts/000098.mp4,"어 혹시 강연에서 다 다루지 못한 부분이 있다면, 어 알고리즘이 어디에 쓰이는지 좀 더 덧붙여 주실만한 사례가 있을까요?"
S8OsACnjTUY_000099,S8OsACnjTUY,scie,train,8.28,kmsav_pilot/cropped/S8OsACnjTUY/utts/000099.mp4,"예 뭐 알고리즘이 다룬 분야들하고 공동으로 수학자들이 기여하는 부분들은 굉장히 많고요. 그중에 뭐 특히 소개를 드리자 그러면,"
S8OsACnjTUY_000100,S8OsACnjTUY,scie,train,8.44,kmsav_pilot/cropped/S8OsACnjTUY/utts/000100.mp4,"그러면, 굉장히 수학적인 내용으로는, 어떤 맨 끝에 이제 나왔던 예시로만 나왔는데, 영지식 검증."
S8OsACnjTUY_000101,S8OsACnjTUY,scie,train,9.2,kmsav_pilot/cropped/S8OsACnjTUY/utts/000101.mp4,"그러니까 지식을 아무것도 가지지 않고, 검증하는 뭐 이런 겁니다. 예를 들어서, 내가 의료보험을 드는데, 나의 건강정보는 하나도 안 알려주고,"
S8OsACnjTUY_000102,S8OsACnjTUY,scie,train,9.48,kmsav_pilot/cropped/S8OsACnjTUY/utts/000102.mp4,"나의 적정한 보험료가 얼마인지를 계산해서 보험회사에 보내면, 보험회사는 어 맞았어, 틀렸어를 검증할 수 있는 이런 종류의 알고리즘들은"
S8OsACnjTUY_000104,S8OsACnjTUY,scie,train,9.52,kmsav_pilot/cropped/S8OsACnjTUY/utts/000104.mp4,"영역입니다. 굉장히 많은, 영상을 다루는 분야가 굉장히 많은데, 가장 기본적으로 영상을 갖다 어떻게 다루고, 이야기 했던 두 영상이 얼마큼 차이가 있는지 거리를 갖다가"
S8OsACnjTUY_000107,S8OsACnjTUY,scie,train,9.08,kmsav_pilot/cropped/S8OsACnjTUY/utts/000107.mp4,"그 수학자들이 사실 하는 일은 문제를 풀어서 답을 구하는 게 아니라, 증명을 하는 거잖아요. 근데, 증명이라고 하는 것은 어떤 주어진 전제로부터,"
S8OsACnjTUY_000108,S8OsACnjTUY,scie,train,8.04,kmsav_pilot/cropped/S8OsACnjTUY/utts/000108.mp4,"논리적으로 결과를 이끌어 내는 겁니다. 근데 이게 대부분의 경우에는, 굉장히 복잡하지요. 예를 들어, 작년에 설, 강연하셨던"
S8OsACnjTUY_000109,S8OsACnjTUY,scie,train,8.16,kmsav_pilot/cropped/S8OsACnjTUY/utts/000109.mp4,내용 중에 보면 4색 문제 같은 경우에 지도를 4가지 색으로 칠하는 4색 문제 같은 경우에 중간에 컴퓨터를 써가지고 결과를 만들어 내거든요.
S8OsACnjTUY_000111,S8OsACnjTUY,scie,train,9.52,kmsav_pilot/cropped/S8OsACnjTUY/utts/000111.mp4,"지금 정반대로 더 많이 나가서, 아니 아예 그러면 그 모든, 증명의 모든 단계를, 사람을 못 믿는거죠. 모든 단계를,"
S8OsACnjTUY_000113,S8OsACnjTUY,scie,train,9.44,kmsav_pilot/cropped/S8OsACnjTUY/utts/000113.mp4,"어 수학적인 증명을 검증하기 이런 프로그램들도 지금 개발되어 있습니다. 프랑스에서 개발한 코크라고, COQ라고 부르는 그 프로그램 같은 경우에는,"
S8OsACnjTUY_000114,S8OsACnjTUY,scie,train,9.4,kmsav_pilot/cropped/S8OsACnjTUY/utts/000114.mp4,"어떤 형, 그 형식에 맞춰서 증명을 적어주면, 그게 맞는지 논리적으로 합당하게 인도되는 것인지를 확인해 주는 그런 프로그램들도 있습니다."
S8OsACnjTUY_000115,S8OsACnjTUY,scie,train,2.76,kmsav_pilot/cropped/S8OsACnjTUY/utts/000115.mp4,"예, 지금 말씀하신건 결국 알고리즘을 이용해서 수학을 하는 것이"
S8OsACnjTUY_000117,S8OsACnjTUY,scie,train,6.08,kmsav_pilot/cropped/S8OsACnjTUY/utts/000117.mp4,"그리고, 다양한 어떤 이게 응용 분야도 있을 수 있으니까, 정말 우리 실생활에 밀접하게 관련이 되는 것 같습니다."
foHGym4mQR8_000004,foHGym4mQR8,issu,train,3.44,kmsav_pilot/cropped/foHGym4mQR8/utts/000004.mp4,이 레미콘 3600대 분량에 달하는 모래 대부분이
foHGym4mQR8_000006,foHGym4mQR8,issu,train,3.84,kmsav_pilot/cropped/foHGym4mQR8/utts/000006.mp4,복원 사업 종료 약 2달만에 파도에 모두 쓸려 나갑니다.
foHGym4mQR8_000010,foHGym4mQR8,issu,train,8.88,kmsav_pilot/cropped/foHGym4mQR8/utts/000010.mp4,어 교육위원들이 교육위원장을 맡아야 한다. 그런 얘기가 또 나오기도 했습니다. 하지만 어 교육위원들 결국 합의하지는 못했다고 했나요? 예.
foHGym4mQR8_000015,foHGym4mQR8,issu,train,5.44,kmsav_pilot/cropped/foHGym4mQR8/utts/000015.mp4,네. 어 제주의 자연 어 특히 요즘 같은 날
foHGym4mQR8_000017,foHGym4mQR8,issu,train,7.32,kmsav_pilot/cropped/foHGym4mQR8/utts/000017.mp4,더욱 어 빛나는 것 같습니다. 해변의 경우 말이죠. 많이 인제 햇빛도 좋고 또 어 뜨겁지만요.
foHGym4mQR8_000019,foHGym4mQR8,issu,train,9.0,kmsav_pilot/cropped/foHGym4mQR8/utts/000019.mp4,그리고 구름도 원체 좀 보기 좋잖습니까? 장마철에 또 제주도의 구름 또 볼 만하고요. 바닷가에 가서 여름철에 볼 면 또 굉장한 장관인데.
foHGym4mQR8_000022,foHGym4mQR8,issu,train,5.56,kmsav_pilot/cropped/foHGym4mQR8/utts/000022.mp4,그런데 화순항 개발 사업으로 인해서 이 금모래 해변이 완전히 사라질 위기입니다.
foHGym4mQR8_000024,foHGym4mQR8,issu,train,6.72,kmsav_pilot/cropped/foHGym4mQR8/utts/000024.mp4,지금 그렇게 추진되고 있습니다. 그 모래 해변을 갖다가 이제 매립을 할려고 지금 어 국가에서는 지금 준비를 하고 있는데
foHGym4mQR8_000027,foHGym4mQR8,issu,train,6.4,kmsav_pilot/cropped/foHGym4mQR8/utts/000027.mp4,"사계리의 앞바다의 해삼, 성게, 그 소라 등의 해양 생물의 주요 서식 공간이자"
foHGym4mQR8_000029,foHGym4mQR8,issu,train,5.8,kmsav_pilot/cropped/foHGym4mQR8/utts/000029.mp4,그리고 어류들이 알을 산란하는 산란장인 바위들이 모래에 파묻혀 버린 겁니다.
foHGym4mQR8_000034,foHGym4mQR8,issu,train,4.48,kmsav_pilot/cropped/foHGym4mQR8/utts/000034.mp4,화순항 2단계 개발 사업을 통한 방파제 축조 등이 원인으로 지목이 되는데요.
foHGym4mQR8_000036,foHGym4mQR8,issu,train,6.12,kmsav_pilot/cropped/foHGym4mQR8/utts/000036.mp4,화순항 화순항 인근 어장 모래 퇴적 원인 조사 용역 보고서를 입수해서 들여다봤는데요.
foHGym4mQR8_000038,foHGym4mQR8,issu,train,5.28,kmsav_pilot/cropped/foHGym4mQR8/utts/000038.mp4,길다란 그 화순항 방파제를 쌓은 뒤에 황우치 해변에 모래 유실이 급격히 증가했습니다.
foHGym4mQR8_000043,foHGym4mQR8,issu,train,2.68,kmsav_pilot/cropped/foHGym4mQR8/utts/000043.mp4,네. 어 화순항 방파제 안쪽
foHGym4mQR8_000045,foHGym4mQR8,issu,train,3.0,kmsav_pilot/cropped/foHGym4mQR8/utts/000045.mp4,삼방산 바로 밑에 있는 모래 해변이었습니다.
foHGym4mQR8_000047,foHGym4mQR8,issu,train,2.04,kmsav_pilot/cropped/foHGym4mQR8/utts/000047.mp4,용머리 해안과 바로 이어지는데요.
foHGym4mQR8_000051,foHGym4mQR8,issu,train,4.16,kmsav_pilot/cropped/foHGym4mQR8/utts/000051.mp4,그 그 넓은 백사장의 그 땅바닥 지반이 드러나 버렸습니다.
foHGym4mQR8_000054,foHGym4mQR8,issu,train,6.32,kmsav_pilot/cropped/foHGym4mQR8/utts/000054.mp4,나름의 어떤 노력은 했다고 볼 수 있겠는데 물속에 방파제도 공사했습니다. 이게 한 1700억?
foHGym4mQR8_000059,foHGym4mQR8,issu,train,7.32,kmsav_pilot/cropped/foHGym4mQR8/utts/000059.mp4,아 또 백원 아 백사장 복원 사업도 펼쳤습니다. 모래를 갖다 쏟아 붓는 복원 사업도 펼쳤는데 모두 수포로 돌아갔습니다.
foHGym4mQR8_000061,foHGym4mQR8,issu,train,5.16,kmsav_pilot/cropped/foHGym4mQR8/utts/000061.mp4,그냥 수포로 돌아간 게 아니라 오히려 상황을 더 악화시키고 말았습니다.
foHGym4mQR8_000064,foHGym4mQR8,issu,train,2.68,kmsav_pilot/cropped/foHGym4mQR8/utts/000064.mp4,이게 어느 정도 분량이냐? 22만 입방미터?
foHGym4mQR8_000066,foHGym4mQR8,issu,train,3.72,kmsav_pilot/cropped/foHGym4mQR8/utts/000066.mp4,일반 레미콘 차량 한 대가 6입방미터입니다.
foHGym4mQR8_000067,foHGym4mQR8,issu,train,6.84,kmsav_pilot/cropped/foHGym4mQR8/utts/000067.mp4,레미콘 이 레미콘 3600대에 달하는 그런 분량을 황우치 해변에 쏟아 부었습니다. 그런데
foHGym4mQR8_000069,foHGym4mQR8,issu,train,4.88,kmsav_pilot/cropped/foHGym4mQR8/utts/000069.mp4,이 황우치 해변 백사장 복원 사업 직후에 황당한 일이 벌어졌습니다.
foHGym4mQR8_000071,foHGym4mQR8,issu,train,3.44,kmsav_pilot/cropped/foHGym4mQR8/utts/000071.mp4,이 레미콘 3600대 분량에 달하는 모래 대부분이
foHGym4mQR8_000073,foHGym4mQR8,issu,train,4.2,kmsav_pilot/cropped/foHGym4mQR8/utts/000073.mp4,복원 사업 종료 약 2달만에 파도에 모두 쓸려 나갑니다. 대부분
foHGym4mQR8_000075,foHGym4mQR8,issu,train,2.56,kmsav_pilot/cropped/foHGym4mQR8/utts/000075.mp4,네네. 3 레미콘 3600대 분량입니다.
foHGym4mQR8_000079,foHGym4mQR8,issu,train,4.76,kmsav_pilot/cropped/foHGym4mQR8/utts/000079.mp4,"네, 이 쓸려 나간 모래들 어디로 갔을까? 마을 어장 마을 어장을 덮쳤습니다."
foHGym4mQR8_000081,foHGym4mQR8,issu,train,5.96,kmsav_pilot/cropped/foHGym4mQR8/utts/000081.mp4,네네. 지난 2019년에 용역을 맡아서 수행한 한국항만기술단은
foHGym4mQR8_000082,foHGym4mQR8,issu,train,5.16,kmsav_pilot/cropped/foHGym4mQR8/utts/000082.mp4,태풍 등에 의해서 발생하는 강한 해빈류로 인해서 황우치 해변에 모래가 쓸려 나오고
foHGym4mQR8_000084,foHGym4mQR8,issu,train,5.72,kmsav_pilot/cropped/foHGym4mQR8/utts/000084.mp4,화순항 방파제 인근의 조류를 타고 사계리 어장 부근으로 이동한 것으로 이렇게 판단을 했습니다.
foHGym4mQR8_000089,foHGym4mQR8,issu,train,7.08,kmsav_pilot/cropped/foHGym4mQR8/utts/000089.mp4,"네, 사계리 어장과 또 어 화순 화순리 그 어촌 계 그 관리하는 그 어장 도 덮쳤는데요."
foHGym4mQR8_000091,foHGym4mQR8,issu,train,5.64,kmsav_pilot/cropped/foHGym4mQR8/utts/000091.mp4,용역진은 어 황우치 해변에 단기간에 많은 양의 모래를 쏟아 부은 것이
foHGym4mQR8_000093,foHGym4mQR8,issu,train,4.84,kmsav_pilot/cropped/foHGym4mQR8/utts/000093.mp4,황 이 화순항 내측에서 유출되는 모래의 양까지 증가시키면서
foHGym4mQR8_000100,foHGym4mQR8,issu,train,7.56,kmsav_pilot/cropped/foHGym4mQR8/utts/000100.mp4,"네, 토목 사업들로 인해서 악화된 문제를 또 다른 토목 사업으로 풀어 내게 될 그런 상황으로 보입니다. 그래서 아까 삽질에 삽질"
foHGym4mQR8_000104,foHGym4mQR8,issu,train,9.36,kmsav_pilot/cropped/foHGym4mQR8/utts/000104.mp4,거기다가 인제 또 인공 구조물들을 갖다가 설치를 하는 거죠. 이런 상황을 야기한 근본이라고 할 수 있는 즉 화순항 방파제를 그대로 두고서
foHGym4mQR8_000106,foHGym4mQR8,issu,train,9.56,kmsav_pilot/cropped/foHGym4mQR8/utts/000106.mp4,"어 또 다른 토목 공사를 추진하는 것이 얼마나 효과가 있을지 미지수입니다. 이 방파제 때문에 방파제가 원체 길거든요. 800인, 800m 이상 가까이 되는데요."
foHGym4mQR8_000117,foHGym4mQR8,issu,train,2.84,kmsav_pilot/cropped/foHGym4mQR8/utts/000117.mp4,"어 피해 보상을 위한 용역을 실시하고 있는데요,"
foHGym4mQR8_000120,foHGym4mQR8,issu,train,4.08,kmsav_pilot/cropped/foHGym4mQR8/utts/000120.mp4,어업 어업 피해 조사 용역 내년 초에 마무리 된다고 합니다.
foHGym4mQR8_000123,foHGym4mQR8,issu,train,2.6,kmsav_pilot/cropped/foHGym4mQR8/utts/000123.mp4,관심 갖고 바라볼 필요가 있겠습니다. 먼저
foHGym4mQR8_000124,foHGym4mQR8,issu,train,9.36,kmsav_pilot/cropped/foHGym4mQR8/utts/000124.mp4,화순 아 하수 처리장 포화호로 인해서 바다 환경이 악화된 다른 지역의 어민들도 이번 피해 보상 결과를 유의 깊게 바라보게 될 거 같구요.
foHGym4mQR8_000126,foHGym4mQR8,issu,train,9.96,kmsav_pilot/cropped/foHGym4mQR8/utts/000126.mp4,"그리고 무엇보다 국책 사업으로 인해서 도민들을 화순 금모래 해변과 황우치 해변 2곳의 빼어난 그 해수욕장을 잃게 되었다는 점, 기억할 필요가 있겠습니다."
foHGym4mQR8_000129,foHGym4mQR8,issu,train,3.2,kmsav_pilot/cropped/foHGym4mQR8/utts/000129.mp4,무투표 교육위원장입니다.
foHGym4mQR8_000138,foHGym4mQR8,issu,train,6.56,kmsav_pilot/cropped/foHGym4mQR8/utts/000138.mp4,교육 정치라는 것이 이 나이가 굉장히 중요한 부분인가 그런 생각도 어 들게 되는 그런 대목입니다.
foHGym4mQR8_000160,foHGym4mQR8,issu,train,5.0,kmsav_pilot/cropped/foHGym4mQR8/utts/000160.mp4,그런 문제 무투표 당선 문제 교육위원 제도의 문제점으로 거론되기도 했었거든요.
foHGym4mQR8_000164,foHGym4mQR8,issu,train,8.88,kmsav_pilot/cropped/foHGym4mQR8/utts/000164.mp4,어 교육위원들이 교육위원장을 맡아야 한다. 그런 얘기가 또 나오기도 했습니다. 하지만 아 교육위원들 결국 합의하지는 못했다고 했나요?
foHGym4mQR8_000173,foHGym4mQR8,issu,train,3.56,kmsav_pilot/cropped/foHGym4mQR8/utts/000173.mp4,상호 발전적 동반 관계를 유지하도록 노력하겠다. 그렇게 밝혔습니다.
h_oWNspfDU0_000001,h_oWNspfDU0,beau,train,8.6,kmsav_pilot/cropped/h_oWNspfDU0/utts/000001.mp4,여자친구가 생겼어. 만약에 그럼 니 여자친구가 안길 거 아니야. 그럼 이 냄새가 나겠지? 그럼 허 좋다. 이 향 뭐야? 이렇게 할 거 아니야. 그러면 니 기분이 좋을까 안 좋을까 좋겠지?
h_oWNspfDU0_000010,h_oWNspfDU0,beau,train,8.44,kmsav_pilot/cropped/h_oWNspfDU0/utts/000010.mp4,"여름에 땀을 막 너무 흘리고 만났는데, 포옹했는데 약간 땀남새가 확 나거나 고기 냄새가 확 나면은 이제"
h_oWNspfDU0_000011,h_oWNspfDU0,beau,train,6.48,kmsav_pilot/cropped/h_oWNspfDU0/utts/000011.mp4,상대방도 저를 그렇게 느끼지 않을까 걱정도 되고 그랬던 적은 있죠.
h_oWNspfDU0_000012,h_oWNspfDU0,beau,train,9.08,kmsav_pilot/cropped/h_oWNspfDU0/utts/000012.mp4,담배를 피우는 여자친구를 만났는데 냄새가 씁 하고 이렇게 나가지고 저도 이제 다른 사람이 봤을 때 저한테 담배 냄새가 날까 일케 걱정했던 적이 있어요.
h_oWNspfDU0_000014,h_oWNspfDU0,beau,train,2.04,kmsav_pilot/cropped/h_oWNspfDU0/utts/000014.mp4,난 여자랑 데이트할때.
h_oWNspfDU0_000015,h_oWNspfDU0,beau,train,9.0,kmsav_pilot/cropped/h_oWNspfDU0/utts/000015.mp4,저도 중요한 자리 갈 때나 좀 좋은 인상을 주고 싶을 때?
h_oWNspfDU0_000017,h_oWNspfDU0,beau,train,7.0,kmsav_pilot/cropped/h_oWNspfDU0/utts/000017.mp4,"그 향수 냄새는 조금 과한데, 제 연인이나 썸 타는 사람한테 말고 저한테 났으면 하는"
h_oWNspfDU0_000019,h_oWNspfDU0,beau,train,2.64,kmsav_pilot/cropped/h_oWNspfDU0/utts/000019.mp4,그런 은은하고 달달한 향? 그런 향이라서 골랐
h_oWNspfDU0_000025,h_oWNspfDU0,beau,train,3.84,kmsav_pilot/cropped/h_oWNspfDU0/utts/000025.mp4,니는 뭔데? 좋은 향기 나면 계쏙 코 박고 크흥크흥크흥크
h_oWNspfDU0_000026,h_oWNspfDU0,beau,train,4.12,kmsav_pilot/cropped/h_oWNspfDU0/utts/000026.mp4,막 이렇게 하거든요. 그러고 싶은 향. 전. 넌 누구한테 할껀데?
h_oWNspfDU0_000036,h_oWNspfDU0,beau,train,2.04,kmsav_pilot/cropped/h_oWNspfDU0/utts/000036.mp4,그러면은 영상 편지 한번 써라.
h_oWNspfDU0_000039,h_oWNspfDU0,beau,train,3.2,kmsav_pilot/cropped/h_oWNspfDU0/utts/000039.mp4,"승준아. 내가 이거 꼭 보내줄 테니까,"
h_oWNspfDU0_000040,h_oWNspfDU0,beau,train,5.92,kmsav_pilot/cropped/h_oWNspfDU0/utts/000040.mp4,집에 이불에도 뿌리고 어? 베개에도 뿌리고 입에도 뿌리고 좀 그렇게 해 어? 옷에도 뿌리고
h_oWNspfDU0_000052,h_oWNspfDU0,beau,train,5.12,kmsav_pilot/cropped/h_oWNspfDU0/utts/000052.mp4,뭐 내 살에서 채취해서 좋은 향기 나 이런 은은한 향이란 말이야. 그래서 약간
h_oWNspfDU0_000053,h_oWNspfDU0,beau,train,8.8,kmsav_pilot/cropped/h_oWNspfDU0/utts/000053.mp4,뭐 연애 중이거나? 약간 소개를 받을려고 하시거나? 썸 타는 그런 사람들이 쓰면은 되게 자연스럽고 향도 은은하게 나고 좋
h_oWNspfDU0_000056,h_oWNspfDU0,beau,train,3.48,kmsav_pilot/cropped/h_oWNspfDU0/utts/000056.mp4,어헉 일단 써라 써라 일단 내꺼 같이 사줘 응.
h_oWNspfDU0_000059,h_oWNspfDU0,beau,train,6.08,kmsav_pilot/cropped/h_oWNspfDU0/utts/000059.mp4,"이제 운동을 좋아하셔 가지고 땀이 많이 나시는 분들이나, 아니면 저 처럼 담배 냄새 걱정 많이 하시는 분들한테"
h_oWNspfDU0_000060,h_oWNspfDU0,beau,train,5.72,kmsav_pilot/cropped/h_oWNspfDU0/utts/000060.mp4,진짜 이거 마구마구 뿌리시면 이것도 대용량이여가지고 아주 좋으실 것 같아요.
h_oWNspfDU0_000063,h_oWNspfDU0,beau,train,3.48,kmsav_pilot/cropped/h_oWNspfDU0/utts/000063.mp4,뭔 소린데 너는 니 방에 빨리 뿌려라. 니 니 몸에 뿌려라.
kGW7tikzUNQ_000002,kGW7tikzUNQ,issu,train,5.36,kmsav_pilot/cropped/kGW7tikzUNQ/utts/000002.mp4,기업 모닝노틉니다. 서상영 팀장 모시고 시장 사항들 살펴보도록 하겠습니다. 어서오십시오.
kGW7tikzUNQ_000010,kGW7tikzUNQ,issu,train,5.72,kmsav_pilot/cropped/kGW7tikzUNQ/utts/000010.mp4,내가 볼 때는 뭐 먼저 저기 그 한번 질러보면 NATO 가 있잖아요.
kGW7tikzUNQ_000012,kGW7tikzUNQ,issu,train,6.36,kmsav_pilot/cropped/kGW7tikzUNQ/utts/000012.mp4,에 NATO가 있는데 지금 인제 그 이 프랑스의 그 이 누구 마크롱이
kGW7tikzUNQ_000016,kGW7tikzUNQ,issu,train,7.8,kmsav_pilot/cropped/kGW7tikzUNQ/utts/000016.mp4,일단 뭐 트럼프가 한 얘기를 좀 잘 봐야 될 것 같습니다. 근까 트럼프는 무슨 얘기를 했냐면
kGW7tikzUNQ_000017,kGW7tikzUNQ,issu,train,8.16,kmsav_pilot/cropped/kGW7tikzUNQ/utts/000017.mp4,어 중국과의 무역협상을 타결할 사람은 나 밖에 없다. 나만이 무역 협상을 타결할 수 있어.
kGW7tikzUNQ_000019,kGW7tikzUNQ,issu,train,9.48,kmsav_pilot/cropped/kGW7tikzUNQ/utts/000019.mp4,이게 좀 지연되면 때는 대선 이후에 할 수도 있어. 이런 얘기를 했거든요. 근데 그러나 그럼에도 불구하고
kGW7tikzUNQ_000020,kGW7tikzUNQ,issu,train,6.52,kmsav_pilot/cropped/kGW7tikzUNQ/utts/000020.mp4,중국이 무역협상을 원하고 있기 때문에 뭐 금융적으로 잘 진행될 수도 있어.
kGW7tikzUNQ_000023,kGW7tikzUNQ,issu,train,5.28,kmsav_pilot/cropped/kGW7tikzUNQ/utts/000023.mp4,왜그냐면 미국과 미국 국민들중에 67%가
kGW7tikzUNQ_000024,kGW7tikzUNQ,issu,train,4.96,kmsav_pilot/cropped/kGW7tikzUNQ/utts/000024.mp4,그 트럼프에 대중국 정책에 대해서 찬성을 하고 있다라는 점에 주목할 필요가 있어요.
kGW7tikzUNQ_000026,kGW7tikzUNQ,issu,train,7.28,kmsav_pilot/cropped/kGW7tikzUNQ/utts/000026.mp4,그러다 보니까 대선전에 무역협상을 중국이 무릎을 꿇고 항복해 버리면
kGW7tikzUNQ_000029,kGW7tikzUNQ,issu,train,6.12,kmsav_pilot/cropped/kGW7tikzUNQ/utts/000029.mp4,문제는 인제 이게 여러가지 조건들이 좀 있습니다. 트럼프가 계속적으로
kGW7tikzUNQ_000030,kGW7tikzUNQ,issu,train,6.12,kmsav_pilot/cropped/kGW7tikzUNQ/utts/000030.mp4,"야 이거 관세 부과해 가지고 우리 돈 얼마 벌었어. 뭐 이런 식으로 언급을 하는데, 문제는 뭐냐면"
kGW7tikzUNQ_000031,kGW7tikzUNQ,issu,train,3.92,kmsav_pilot/cropped/kGW7tikzUNQ/utts/000031.mp4,중국에 보통 관세를 부과를 하게 되면.
kGW7tikzUNQ_000034,kGW7tikzUNQ,issu,train,9.64,kmsav_pilot/cropped/kGW7tikzUNQ/utts/000034.mp4,왜그냐면 사는 사람들 입장에서는 관세 부과되 가지고 가격이 올라가면 다른 대체제가 있으면 그쪽으로 가는 거잖아요. 예. 근데.
kGW7tikzUNQ_000035,kGW7tikzUNQ,issu,train,9.64,kmsav_pilot/cropped/kGW7tikzUNQ/utts/000035.mp4,"문제는 대체제가 없는 것들이 있죠. 예를 들어서 빨대, 뭐 이런 것들 이쑤시개 이런것들은 전부다 관세에서 면제해 버렸어요."
kGW7tikzUNQ_000038,kGW7tikzUNQ,issu,train,6.44,kmsav_pilot/cropped/kGW7tikzUNQ/utts/000038.mp4,그러면서 그러면 그 관 그 미국 정부 미국 트럼프가 맨날 돈 벌었다고 하는데 그럼 어디서 나왔냐.
kGW7tikzUNQ_000040,kGW7tikzUNQ,issu,train,6.88,kmsav_pilot/cropped/kGW7tikzUNQ/utts/000040.mp4,얼마전에 뉴욕 연원에서 그와 관련된 보고서를 발표를 했죠. 이것다 미국 기업들하고 미국 소비자들이 부담한거다.
kGW7tikzUNQ_000044,kGW7tikzUNQ,issu,train,3.44,kmsav_pilot/cropped/kGW7tikzUNQ/utts/000044.mp4,"근데, 항상 트럼프는 자기가 잘한거니까"
kGW7tikzUNQ_000046,kGW7tikzUNQ,issu,train,3.68,kmsav_pilot/cropped/kGW7tikzUNQ/utts/000046.mp4,일단 중국으로부터 내가 돈을 이만큼 뺏어왔어. 이런 식으로 언급을 하는 거죠.
kGW7tikzUNQ_000048,kGW7tikzUNQ,issu,train,9.6,kmsav_pilot/cropped/kGW7tikzUNQ/utts/000048.mp4,근데 그럼에도 불구하고 일단 관세로 인해서 피해를 보고 있는게 미국 기업들과 그 소비자들 이건 뭘 얘기를 하는 거냐면
kGW7tikzUNQ_000050,kGW7tikzUNQ,issu,train,7.56,kmsav_pilot/cropped/kGW7tikzUNQ/utts/000050.mp4,뭐 그다음에 4분기도 지금 현재 -1.4%까지 떨어져 있는 상황인데 관세가 만약에 계속적으로 진행이 되면 더 나빠질 수 있죠.
kGW7tikzUNQ_000053,kGW7tikzUNQ,issu,train,8.6,kmsav_pilot/cropped/kGW7tikzUNQ/utts/000053.mp4,"이미 많은 재고를 쌓아놨기 때문에 뭐 관세부과해도 피해는 없을꺼야라고 하는데, 그믄 그걸 팔았던 중국 입장에서는"
kGW7tikzUNQ_000054,kGW7tikzUNQ,issu,train,6.28,kmsav_pilot/cropped/kGW7tikzUNQ/utts/000054.mp4,어 그러면 그때까지는 우리 뭐 우리 안 팔아도 되는데? 그런거 잖아요. 똑같은 소린데.
kGW7tikzUNQ_000055,kGW7tikzUNQ,issu,train,8.16,kmsav_pilot/cropped/kGW7tikzUNQ/utts/000055.mp4,그 조삼모산데 일단 뭐 그 사람들이야 똑똑하다라고 자기들이 생각을 하고 있으니 그런 식으로 한다고 봤을 때
kGW7tikzUNQ_000057,kGW7tikzUNQ,issu,train,5.28,kmsav_pilot/cropped/kGW7tikzUNQ/utts/000057.mp4,그 스마트폰이라던지 뭐 이런 것들 전자제품들이거든요. 그러면 이제 애플.
kGW7tikzUNQ_000058,kGW7tikzUNQ,issu,train,7.2,kmsav_pilot/cropped/kGW7tikzUNQ/utts/000058.mp4,그래서 애플에 이제 감 그 관세 부과를 안 할 수 있다라는 발표를 하는 이유가 이런 것들을 회피하기 위해서
kGW7tikzUNQ_000060,kGW7tikzUNQ,issu,train,5.08,kmsav_pilot/cropped/kGW7tikzUNQ/utts/000060.mp4,문제는 그 지난번에 관세부과 이후에
kGW7tikzUNQ_000063,kGW7tikzUNQ,issu,train,2.44,kmsav_pilot/cropped/kGW7tikzUNQ/utts/000063.mp4,그쪽은 실업률이 올라가기 시작했습니다.
kGW7tikzUNQ_000065,kGW7tikzUNQ,issu,train,9.08,kmsav_pilot/cropped/kGW7tikzUNQ/utts/000065.mp4,그러면 트럼프 입장에서는 이게 무역분쟁과 관련돼 가지고 더 격화되거나 뭐 관세부과하고 난리 부르스를 치면
kGW7tikzUNQ_000066,kGW7tikzUNQ,issu,train,8.96,kmsav_pilot/cropped/kGW7tikzUNQ/utts/000066.mp4,"판벨트하고 러스트 벨트 지역이 실업률이 올라가기 시작하면, 대체적으로 대부분에 그 실업률 자체가 위로 올라가게 됩니다. 그말은"
kGW7tikzUNQ_000067,kGW7tikzUNQ,issu,train,7.68,kmsav_pilot/cropped/kGW7tikzUNQ/utts/000067.mp4,지금 미국까지 미국 대선 역사상 실업률이 올라갈 때 재선에 성공했던 사례는 단 1차례도 없어요.
kGW7tikzUNQ_000068,kGW7tikzUNQ,issu,train,8.08,kmsav_pilot/cropped/kGW7tikzUNQ/utts/000068.mp4,근데 국제 유 그 주식시장이 급락을 했을 때 급락을 했을때에도 재선 재선에 성공했던 사례는 많거든요.
kGW7tikzUNQ_000070,kGW7tikzUNQ,issu,train,7.84,kmsav_pilot/cropped/kGW7tikzUNQ/utts/000070.mp4,"루즈벨트라던지 뭐 이런 쪽에 있었으니까, 그래서 이제 실업률에 더 초점을 맞춰다라고 보시면 될 거에요. 그래서 어제 트럼프가 그 얘기를 했잖아요."
kGW7tikzUNQ_000071,kGW7tikzUNQ,issu,train,7.44,kmsav_pilot/cropped/kGW7tikzUNQ/utts/000071.mp4,뭐 주가 뭐 사상 최고치 경신해서 여기서 좀 빠진다 해도 난 이거보다는 실업률을 더 중시 여길거야 이런 식으로 언급을 했는데
kGW7tikzUNQ_000073,kGW7tikzUNQ,issu,train,3.84,kmsav_pilot/cropped/kGW7tikzUNQ/utts/000073.mp4,실업률이 더 나빠진다는거에 대해서 간과하고 있는거죠.
kGW7tikzUNQ_000078,kGW7tikzUNQ,issu,train,8.92,kmsav_pilot/cropped/kGW7tikzUNQ/utts/000078.mp4,"물론 이제 그렇다 하더라도 그래서 이제 S&P 같은 경우에 1% 넘게 하락을 했다가 지금 0.06% 하락을 했고, 나스닥도 마찬가집니다."
kGW7tikzUNQ_000080,kGW7tikzUNQ,issu,train,8.48,kmsav_pilot/cropped/kGW7tikzUNQ/utts/000080.mp4,"이것도 1.5 2.2% 넘게 급락을 했다가 짐 1.5%로 하락을 했고, 뭐 보면 대체적으로 대부분의 기업들 자체가"
kGW7tikzUNQ_000081,kGW7tikzUNQ,issu,train,6.64,kmsav_pilot/cropped/kGW7tikzUNQ/utts/000081.mp4,"낙폭을 축소하는 모습을 좀 보였었어요. 애플 같은 경우도 2% 넘게 하락을 하다가 많이 줄였고, 문제는 이렇게"
kGW7tikzUNQ_000082,kGW7tikzUNQ,issu,train,9.44,kmsav_pilot/cropped/kGW7tikzUNQ/utts/000082.mp4,물류 회사들 페덱스나 그 유니온퍼시픽이라던지 아니면 이렇게 유니 인테리라든지 인테라는 따른 이유도 있었지만
kGW7tikzUNQ_000085,kGW7tikzUNQ,issu,train,6.8,kmsav_pilot/cropped/kGW7tikzUNQ/utts/000085.mp4,이렇게 되면은 이러 이 문제가 좀 불가 부각이 되니까 국채 시 채권시장이 변동성이 커져 버렸어요.
kGW7tikzUNQ_000087,kGW7tikzUNQ,issu,train,7.36,kmsav_pilot/cropped/kGW7tikzUNQ/utts/000087.mp4,뭐 붓 그 한때 10년물 국채금리가 1.7% 미만으로도 떨어지는 등 제대로 변동성 좀 많이 크게 키웠거든요.
kGW7tikzUNQ_000089,kGW7tikzUNQ,issu,train,9.48,kmsav_pilot/cropped/kGW7tikzUNQ/utts/000089.mp4,고때 이렇게 금융시장에서 변동성 키울 때 가장 큰 문제가 좀 커지는데 이제 그 흐름을 좀 더 지켜 봐야 될 것 같죠. 근데 이제 다만 1가지 좋은 거는
kGW7tikzUNQ_000090,kGW7tikzUNQ,issu,train,9.64,kmsav_pilot/cropped/kGW7tikzUNQ/utts/000090.mp4,"낙폭을 만약에 하락 출발한 이후에 낙폭을 확대했다라면 오늘 우리나라 주식시장도 크게 좀 문제가 삼을 수 있는데,"
kGW7tikzUNQ_000091,kGW7tikzUNQ,issu,train,6.8,kmsav_pilot/cropped/kGW7tikzUNQ/utts/000091.mp4,크게 또 아니라는 점 때문에 조 그나마 조금은 괜찮죠. 그 다음에 또 하나가 있습니다.
kGW7tikzUNQ_000092,kGW7tikzUNQ,issu,train,4.0,kmsav_pilot/cropped/kGW7tikzUNQ/utts/000092.mp4,이게 미중 간에 무역전쟁 이슈가 이제 부각이 되면서 빠진거잖아요.
kGW7tikzUNQ_000094,kGW7tikzUNQ,issu,train,5.84,kmsav_pilot/cropped/kGW7tikzUNQ/utts/000094.mp4,"근데 26일날 미 상무부가 화웨이 관련되서 새로운 조치를 언급을 했었고,"
kGW7tikzUNQ_000095,kGW7tikzUNQ,issu,train,7.24,kmsav_pilot/cropped/kGW7tikzUNQ/utts/000095.mp4,그 다음에 뭐 지난주에 이미 월블스는 15일날 관세를 부과할 수도 있다라고 언급을 했었기 때문에
kGW7tikzUNQ_000096,kGW7tikzUNQ,issu,train,8.36,kmsav_pilot/cropped/kGW7tikzUNQ/utts/000096.mp4,어 그와 관련되서는 무역분쟁과 관련되서는 어제 근까 지난주부터 계속적으로 시장이 영향을 주기 시작했었다라고 봐야 봐야될 것 같애요.
kGW7tikzUNQ_000097,kGW7tikzUNQ,issu,train,4.56,kmsav_pilot/cropped/kGW7tikzUNQ/utts/000097.mp4,그렇기 때문에 우리나라 환율 같은 경우가 크게 좀 올랐던 사례들 좀 있었구요.
kGW7tikzUNQ_000099,kGW7tikzUNQ,issu,train,9.24,kmsav_pilot/cropped/kGW7tikzUNQ/utts/000099.mp4,음 그런 부분들을 감안하면 오늘 뭐 이시 이슈가지고 뭐 크게 하락할 가능성은 높지 않구요. 또 하나가 있었죠. 트럼프가 우리나라 관련되서
kGW7tikzUNQ_000105,kGW7tikzUNQ,issu,train,3.6,kmsav_pilot/cropped/kGW7tikzUNQ/utts/000105.mp4,이제 어제부터 미국에서 하고 있는게 있죠? 방위비
kGW7tikzUNQ_000107,kGW7tikzUNQ,issu,train,4.52,kmsav_pilot/cropped/kGW7tikzUNQ/utts/000107.mp4,"협상 진행중인데, 그와 관련되서 하나의 협상이 기술이라고 보면 되요."
kGW7tikzUNQ_000110,kGW7tikzUNQ,issu,train,4.6,kmsav_pilot/cropped/kGW7tikzUNQ/utts/000110.mp4,통상적으로 하느 하는 얘기가 난 우리나라가 인제 저 저 정은이랑 나랑 친하고
kGW7tikzUNQ_000112,kGW7tikzUNQ,issu,train,9.68,kmsav_pilot/cropped/kGW7tikzUNQ/utts/000112.mp4,쭉 하고 있는데 마지막에 이제 어? 저기 그 저 잘 안되면 어뜩하냐 에이 그러면 한번 쏘면 되지 뭘 이제 그렇게 그런 뉘앙슨데 그걸 이제 우리는 또 크게 썼더라고
kGW7tikzUNQ_000113,kGW7tikzUNQ,issu,train,2.76,kmsav_pilot/cropped/kGW7tikzUNQ/utts/000113.mp4,맞습니다. 좀 그래가지고
kGW7tikzUNQ_000117,kGW7tikzUNQ,issu,train,9.16,kmsav_pilot/cropped/kGW7tikzUNQ/utts/000117.mp4,"아하하하하하. 그래가지고 전반적으로 보면 또 EU와 관련되가지고도 언급을 했었는데, 무역 불균형에 관련돼 가지고 언급을 했었는데,"
kGW7tikzUNQ_000120,kGW7tikzUNQ,issu,train,5.76,kmsav_pilot/cropped/kGW7tikzUNQ/utts/000120.mp4,"미국 미 증시 마감후에 뭐 윌버 로스가 또 자동차 관세 부과할 수도 있다. 그거 배제하지 않고 있다라고 했지만,"
kGW7tikzUNQ_000124,kGW7tikzUNQ,issu,train,7.28,kmsav_pilot/cropped/kGW7tikzUNQ/utts/000124.mp4,예. 그 흐름도 생각을 해보면 우리가 우려했었던 흐름은 조금 약화될 수 있다라고 봐야될 것 같습니다.
kGW7tikzUNQ_000128,kGW7tikzUNQ,issu,train,8.64,kmsav_pilot/cropped/kGW7tikzUNQ/utts/000128.mp4,근데 이제 트럼프가 당선이 될려면 플로리다 지금 현재 경합 지역이 몇 군데가 좀 있어요. 대부분 이제 표가 여론조사 결과 많이 갈라졌는데
kGW7tikzUNQ_000130,kGW7tikzUNQ,issu,train,3.56,kmsav_pilot/cropped/kGW7tikzUNQ/utts/000130.mp4,"플로리다, 애리조나, 펜실베니아, 위스콘신 뭐 이런데 거든요."
kGW7tikzUNQ_000131,kGW7tikzUNQ,issu,train,6.48,kmsav_pilot/cropped/kGW7tikzUNQ/utts/000131.mp4,근데 플로리다나 애리조나 같은 경우는 공화당 이길 가능성이 높기 때문에 트럼프가 당선 펜실베니아가 중요해요.
kGW7tikzUNQ_000133,kGW7tikzUNQ,issu,train,4.08,kmsav_pilot/cropped/kGW7tikzUNQ/utts/000133.mp4,펜실베니아가 약 한 100 그 이시 20표 정도 되거든요?
kGW7tikzUNQ_000135,kGW7tikzUNQ,issu,train,8.8,kmsav_pilot/cropped/kGW7tikzUNQ/utts/000135.mp4,저쪽 북동부쪽에서 이제 오대호 연안 옆에 러스트 벨트 지역 중에 하난데 문제는 여기가 보잉과 관련돼 있는
kGW7tikzUNQ_000137,kGW7tikzUNQ,issu,train,7.52,kmsav_pilot/cropped/kGW7tikzUNQ/utts/000137.mp4,"주력 상품들이 많기 때문에, 자 그 말은 달리 해석을 하면 여기가 또 펜실베니아가 실업률이 올라가고 있어요."
mNKy_V09sa4_000005,mNKy_V09sa4,inte,train,8.68,kmsav_pilot/cropped/mNKy_V09sa4/utts/000005.mp4,네 반갑습니다. 네. 제가 정말 안타까운 수치를 봤습니다. 우리나라가 OECD 국가 중에 자살률 1위라고 합니다. 구체적인 상황이 어떻게 됩니까?
mNKy_V09sa4_000006,mNKy_V09sa4,inte,train,4.6,kmsav_pilot/cropped/mNKy_V09sa4/utts/000006.mp4,예. 한 해에 13092명이 자살로 인해서 죽습니다.
mNKy_V09sa4_000008,mNKy_V09sa4,inte,train,2.76,kmsav_pilot/cropped/mNKy_V09sa4/utts/000008.mp4,하루에 36명이 자살로 인해서 죽는거구요.
mNKy_V09sa4_000010,mNKy_V09sa4,inte,train,3.48,kmsav_pilot/cropped/mNKy_V09sa4/utts/000010.mp4,어 사망 원인으로 한다면 지금 5위에 있습니다.
mNKy_V09sa4_000014,mNKy_V09sa4,inte,train,5.52,kmsav_pilot/cropped/mNKy_V09sa4/utts/000014.mp4,"그다음에 심장. 그다음에 뇌혈관질환, 그다음에 그 폐렴 그다음은 자살"
mNKy_V09sa4_000015,mNKy_V09sa4,inte,train,6.8,kmsav_pilot/cropped/mNKy_V09sa4/utts/000015.mp4,이 밑으로 뭐 당뇨병도 있구요. 간질환이나 밑으로 내려가면 어 교통사고 같은 경우들도 있습니다.
mNKy_V09sa4_000017,mNKy_V09sa4,inte,train,4.52,kmsav_pilot/cropped/mNKy_V09sa4/utts/000017.mp4,우리나라에서는 한 해에 어 뭐 쉽게 표현을 한다면
mNKy_V09sa4_000019,mNKy_V09sa4,inte,train,4.48,kmsav_pilot/cropped/mNKy_V09sa4/utts/000019.mp4,1개 사단이 자살로 인해서 죽는거다. 이렇게 볼수가 있는 것이죠.
mNKy_V09sa4_000022,mNKy_V09sa4,inte,train,4.88,kmsav_pilot/cropped/mNKy_V09sa4/utts/000022.mp4,저는 참 이상한 나라라고 전 생각을 하는데요. 에 그건 뭐냐면
mNKy_V09sa4_000023,mNKy_V09sa4,inte,train,4.0,kmsav_pilot/cropped/mNKy_V09sa4/utts/000023.mp4,어 자살이라고 하는 자기 스스로 목숨을 끊는다라고 하는 것이
mNKy_V09sa4_000025,mNKy_V09sa4,inte,train,3.48,kmsav_pilot/cropped/mNKy_V09sa4/utts/000025.mp4,어떤 병에 걸려 죽거나 어떤 사고에 의해서 죽는거 보다
mNKy_V09sa4_000027,mNKy_V09sa4,inte,train,2.68,kmsav_pilot/cropped/mNKy_V09sa4/utts/000027.mp4,훨씬 더 많이 있다라는 것이죠.
mNKy_V09sa4_000037,mNKy_V09sa4,inte,train,2.36,kmsav_pilot/cropped/mNKy_V09sa4/utts/000037.mp4,2등 하는 나라하고 너무 격차가 많습니다.
mNKy_V09sa4_000039,mNKy_V09sa4,inte,train,3.32,kmsav_pilot/cropped/mNKy_V09sa4/utts/000039.mp4,"어 일본하고 헝가리가 2등을 하고 있는데,"
mNKy_V09sa4_000040,mNKy_V09sa4,inte,train,6.12,kmsav_pilot/cropped/mNKy_V09sa4/utts/000040.mp4,우리나라가 지금 28명 이렇게 나가고 있는데요. 헝가리나 일본 같은 경우는 18명
mNKy_V09sa4_000044,mNKy_V09sa4,inte,train,2.76,kmsav_pilot/cropped/mNKy_V09sa4/utts/000044.mp4,그 스 28명이 몇 명당 뭐 이렇게 되나요?
mNKy_V09sa4_000049,mNKy_V09sa4,inte,train,8.64,kmsav_pilot/cropped/mNKy_V09sa4/utts/000049.mp4,"어 이거는 또 OECD 평균은 12명 정도 밖에 안됩니다. 그니까 12명 평균에서 2등까지가 6명 차인데,"
mNKy_V09sa4_000051,mNKy_V09sa4,inte,train,2.92,kmsav_pilot/cropped/mNKy_V09sa4/utts/000051.mp4,2등하고 1등차이가 10명이나 차이가 나기 때문에
mNKy_V09sa4_000053,mNKy_V09sa4,inte,train,2.2,kmsav_pilot/cropped/mNKy_V09sa4/utts/000053.mp4,상당히 좀 어려울거 같아요. 근데 인제
mNKy_V09sa4_000055,mNKy_V09sa4,inte,train,5.96,kmsav_pilot/cropped/mNKy_V09sa4/utts/000055.mp4,어 최근에 정부에서 인제 그 자살예방 행동계획 뭐 이런걸
mNKy_V09sa4_000056,mNKy_V09sa4,inte,train,2.28,kmsav_pilot/cropped/mNKy_V09sa4/utts/000056.mp4,해서 적극적으로 개입을 하겠다고 했고
mNKy_V09sa4_000058,mNKy_V09sa4,inte,train,3.12,kmsav_pilot/cropped/mNKy_V09sa4/utts/000058.mp4,앞으로 5년 동안 1등 자린 좀 내려놓겠다.
mNKy_V09sa4_000061,mNKy_V09sa4,inte,train,5.96,kmsav_pilot/cropped/mNKy_V09sa4/utts/000061.mp4,그렇군요. 국가 간 수치 비교할때 1등 하는거 보고 우리가 참 안 좋은 수치가 1등이 많은데
mNKy_V09sa4_000062,mNKy_V09sa4,inte,train,3.16,kmsav_pilot/cropped/mNKy_V09sa4/utts/000062.mp4,그중에 정말로 가슴 아픈 일이 이 자살률이 아닌가 싶습니다.
mNKy_V09sa4_000063,mNKy_V09sa4,inte,train,7.52,kmsav_pilot/cropped/mNKy_V09sa4/utts/000063.mp4,"또 우리나라 사망 요인 중에 아까 5위 정도라고 말씀하셨습니다만, 또 연령대를 비교해보면 젊은층 사망률 1위는 거의 자살이 아닐까 싶은데요."
mNKy_V09sa4_000064,mNKy_V09sa4,inte,train,2.96,kmsav_pilot/cropped/mNKy_V09sa4/utts/000064.mp4,예. 10대 20대 30대
mNKy_V09sa4_000066,mNKy_V09sa4,inte,train,2.0,kmsav_pilot/cropped/mNKy_V09sa4/utts/000066.mp4,이 세 이 구간에서는요.
mNKy_V09sa4_000068,mNKy_V09sa4,inte,train,2.24,kmsav_pilot/cropped/mNKy_V09sa4/utts/000068.mp4,자살이 그 사망원인 1위입니다.
mNKy_V09sa4_000071,mNKy_V09sa4,inte,train,2.68,kmsav_pilot/cropped/mNKy_V09sa4/utts/000071.mp4,어 가장 큰 위험이구요.
mNKy_V09sa4_000072,mNKy_V09sa4,inte,train,4.08,kmsav_pilot/cropped/mNKy_V09sa4/utts/000072.mp4,어 그다음에 40대 50대가 실제적으로는 사망한 사람들
mNKy_V09sa4_000074,mNKy_V09sa4,inte,train,2.36,kmsav_pilot/cropped/mNKy_V09sa4/utts/000074.mp4,그 자살로 인해서 죽은 사람들 숫자로 보면
mNKy_V09sa4_000079,mNKy_V09sa4,inte,train,2.76,kmsav_pilot/cropped/mNKy_V09sa4/utts/000079.mp4,쪽에선 사망원인 2위 이렇게 자리하고 있습니다.
mNKy_V09sa4_000081,mNKy_V09sa4,inte,train,5.4,kmsav_pilot/cropped/mNKy_V09sa4/utts/000081.mp4,어 보통 이제 우울증을 생각하기 때문에 인제 겨울에 많이 죽을꺼 같은데
mNKy_V09sa4_000083,mNKy_V09sa4,inte,train,3.72,kmsav_pilot/cropped/mNKy_V09sa4/utts/000083.mp4,실제적으로는 남들과 비교되는 순간들이 더
mNKy_V09sa4_000086,mNKy_V09sa4,inte,train,2.6,kmsav_pilot/cropped/mNKy_V09sa4/utts/000086.mp4,4월 5월 참 좋은 계절이잖아요.
mNKy_V09sa4_000089,mNKy_V09sa4,inte,train,2.8,kmsav_pilot/cropped/mNKy_V09sa4/utts/000089.mp4,그런 상황이 좋지 않은 사람들의 입장에서 보면
mNKy_V09sa4_000091,mNKy_V09sa4,inte,train,2.2,kmsav_pilot/cropped/mNKy_V09sa4/utts/000091.mp4,더 큰 소외감을 느낄수 밖에 없는
mNKy_V09sa4_000095,mNKy_V09sa4,inte,train,3.8,kmsav_pilot/cropped/mNKy_V09sa4/utts/000095.mp4,얼마 남지 않았는데 좀 우리가 좀더 마음을 열었으면 좋겠습니다.
mNKy_V09sa4_000096,mNKy_V09sa4,inte,train,5.96,kmsav_pilot/cropped/mNKy_V09sa4/utts/000096.mp4,예. 이제 자살 예방 센터 활동을 통해서 굉장히 앞장서고 계시는데 구체적으로 또 인제 상담도 많이 하시고
mNKy_V09sa4_000097,mNKy_V09sa4,inte,train,4.16,kmsav_pilot/cropped/mNKy_V09sa4/utts/000097.mp4,원인 분석도 많이 하셨을 것 같습니다. 아까 인제 박탈감도 말씀하셨습니다만
mNKy_V09sa4_000098,mNKy_V09sa4,inte,train,6.32,kmsav_pilot/cropped/mNKy_V09sa4/utts/000098.mp4,사회 병리적으로 봤을 때 그 요인 분석하면 가장 큰 요인들 또 주요 요인들 뭐가 있을까요?
mNKy_V09sa4_000104,mNKy_V09sa4,inte,train,4.24,kmsav_pilot/cropped/mNKy_V09sa4/utts/000104.mp4,그니깐 뭐가 잘못됐다 싶으면은 아 죽어야지 이런 아주
mNKy_V09sa4_000106,mNKy_V09sa4,inte,train,2.24,kmsav_pilot/cropped/mNKy_V09sa4/utts/000106.mp4,간단한 공식이 우리들에게 있다라는 것이죠.
mNKy_V09sa4_000108,mNKy_V09sa4,inte,train,4.52,kmsav_pilot/cropped/mNKy_V09sa4/utts/000108.mp4,전 이게 인제 죽음의 가치관 내지는 죽음의 문화다 이렇게 생각을 하는데요.
mNKy_V09sa4_000111,mNKy_V09sa4,inte,train,2.68,kmsav_pilot/cropped/mNKy_V09sa4/utts/000111.mp4,경제적인 문제가 제일 큰 거 같습니다.
mNKy_V09sa4_000113,mNKy_V09sa4,inte,train,2.64,kmsav_pilot/cropped/mNKy_V09sa4/utts/000113.mp4,네. 그래서 돈을 가장 중시 여기는
mNKy_V09sa4_000115,mNKy_V09sa4,inte,train,2.32,kmsav_pilot/cropped/mNKy_V09sa4/utts/000115.mp4,생명보다 돈을 더 중시여기는
mNKy_V09sa4_000116,mNKy_V09sa4,inte,train,2.88,kmsav_pilot/cropped/mNKy_V09sa4/utts/000116.mp4,그러한 생각들이 우리를 그렇게 몰고 가는 거죠.
mNKy_V09sa4_000118,mNKy_V09sa4,inte,train,4.44,kmsav_pilot/cropped/mNKy_V09sa4/utts/000118.mp4,어 실제적으로 우리나라가 항상 이렇게 자살률이 높았던 건 아닙니다.
mNKy_V09sa4_000120,mNKy_V09sa4,inte,train,3.32,kmsav_pilot/cropped/mNKy_V09sa4/utts/000120.mp4,네. 98년 그 IMF 이전에
mNKy_V09sa4_000121,mNKy_V09sa4,inte,train,2.96,kmsav_pilot/cropped/mNKy_V09sa4/utts/000121.mp4,우리는 OECD 평균보다 낮았거든요.
mNKy_V09sa4_000123,mNKy_V09sa4,inte,train,2.6,kmsav_pilot/cropped/mNKy_V09sa4/utts/000123.mp4,헌데 그 시기가 지나면서
mNKy_V09sa4_000124,mNKy_V09sa4,inte,train,3.24,kmsav_pilot/cropped/mNKy_V09sa4/utts/000124.mp4,그때부터 우리들의 사고가 많이 변한 거 같아요.
mNKy_V09sa4_000126,mNKy_V09sa4,inte,train,2.24,kmsav_pilot/cropped/mNKy_V09sa4/utts/000126.mp4,어 예를 들어서 돈이 최고다라는 생각
mNKy_V09sa4_000128,mNKy_V09sa4,inte,train,4.4,kmsav_pilot/cropped/mNKy_V09sa4/utts/000128.mp4,그리고 그로 인해서 나온 것이 인제 경쟁이 심해진거죠.
mNKy_V09sa4_000129,mNKy_V09sa4,inte,train,6.36,kmsav_pilot/cropped/mNKy_V09sa4/utts/000129.mp4,어 사회에서 일반적으로 어 회사에서 정말 버티고 지낼수 있어 있기 위해서
mNKy_V09sa4_000133,mNKy_V09sa4,inte,train,3.24,kmsav_pilot/cropped/mNKy_V09sa4/utts/000133.mp4,어 이런 경쟁에서 밀려난 사람들이
mNKy_V09sa4_000134,mNKy_V09sa4,inte,train,2.72,kmsav_pilot/cropped/mNKy_V09sa4/utts/000134.mp4,어 자기가 살아야 될 이유를 못 찾는게
mNKy_V09sa4_000138,mNKy_V09sa4,inte,train,2.92,kmsav_pilot/cropped/mNKy_V09sa4/utts/000138.mp4,어 이런 훈련들을 우린 어려서부터 시키잖아요.
mNKy_V09sa4_000143,mNKy_V09sa4,inte,train,2.2,kmsav_pilot/cropped/mNKy_V09sa4/utts/000143.mp4,아니면 더 심하게 하면
mNKy_V09sa4_000144,mNKy_V09sa4,inte,train,3.08,kmsav_pilot/cropped/mNKy_V09sa4/utts/000144.mp4,초등학교 때부터 아이들이 계속 경쟁에 밀리고
mNKy_V09sa4_000146,mNKy_V09sa4,inte,train,2.76,kmsav_pilot/cropped/mNKy_V09sa4/utts/000146.mp4,1등 해야 되고 뭘 해야 된다라는 그런 것들
mNKy_V09sa4_000148,mNKy_V09sa4,inte,train,5.32,kmsav_pilot/cropped/mNKy_V09sa4/utts/000148.mp4,그러면 결론적으로 거기서 밀려난 사람들의 입장은 우리가 고려를 안 해 줬다라는 것이죠.
mNKy_V09sa4_000153,mNKy_V09sa4,inte,train,3.48,kmsav_pilot/cropped/mNKy_V09sa4/utts/000153.mp4,사는게 힘들다라는 생각들을 많이 하시는 것 같아요.
mNKy_V09sa4_000156,mNKy_V09sa4,inte,train,2.92,kmsav_pilot/cropped/mNKy_V09sa4/utts/000156.mp4,이 한 말씀이 굉장히 좀 피부에 와 닿네요.
mNKy_V09sa4_000162,mNKy_V09sa4,inte,train,3.8,kmsav_pilot/cropped/mNKy_V09sa4/utts/000162.mp4,업무 하는거 보면 다 요즘은 컴퓨터로 얘기하잖아요. 메신저로 얘기하고
mNKy_V09sa4_000164,mNKy_V09sa4,inte,train,2.36,kmsav_pilot/cropped/mNKy_V09sa4/utts/000164.mp4,바로 옆에 앉아 있는데도
mNKy_V09sa4_000168,mNKy_V09sa4,inte,train,2.68,kmsav_pilot/cropped/mNKy_V09sa4/utts/000168.mp4,이것도 사회 전반적으로 퍼진 분위기다 보니까
mNKy_V09sa4_000169,mNKy_V09sa4,inte,train,3.76,kmsav_pilot/cropped/mNKy_V09sa4/utts/000169.mp4,내 삶이 너무 힘들다. 그만 살자. 이런 생각을 좀 하게 되는 것이 아닌가.
mNKy_V09sa4_000171,mNKy_V09sa4,inte,train,6.24,kmsav_pilot/cropped/mNKy_V09sa4/utts/000171.mp4,예. 또 우울증 얘기도 많이 하는데 실제로 그 뭐 우울증도 많이 영향을 미친다고 보십니까?
mNKy_V09sa4_000172,mNKy_V09sa4,inte,train,3.32,kmsav_pilot/cropped/mNKy_V09sa4/utts/000172.mp4,아휴. 그럼요. 우울증이라는 것도 상당히 큰 영향력이죠.
mNKy_V09sa4_000174,mNKy_V09sa4,inte,train,4.64,kmsav_pilot/cropped/mNKy_V09sa4/utts/000174.mp4,근데 이제 사회 전반적인 문제들의 결론이 우울증으로 가 있기
mNKy_V09sa4_000178,mNKy_V09sa4,inte,train,5.36,kmsav_pilot/cropped/mNKy_V09sa4/utts/000178.mp4,실제적으로 자살하는 사람 보면 우울증으로 인해서 자살하는 사람이 한 60% 정도 되요.
mNKy_V09sa4_000182,mNKy_V09sa4,inte,train,4.08,kmsav_pilot/cropped/mNKy_V09sa4/utts/000182.mp4,사회 전체적인 이 분위기가 어 그렇게 몰아가고 있다. 라는 것이죠.
mNKy_V09sa4_000185,mNKy_V09sa4,inte,train,6.16,kmsav_pilot/cropped/mNKy_V09sa4/utts/000185.mp4,손을 잡아주는 그러한 노력들이 굉장히 필요한 거 같습니다. 그리고 또 많은 게 필요한 게 아니라 괜찮니?
mNKy_V09sa4_000189,mNKy_V09sa4,inte,train,4.64,kmsav_pilot/cropped/mNKy_V09sa4/utts/000189.mp4,예. 그 저희도 인제 이렇게 지내다 보면
mNKy_V09sa4_000191,mNKy_V09sa4,inte,train,3.92,kmsav_pilot/cropped/mNKy_V09sa4/utts/000191.mp4,괜찮니? 인사하는 거 상당히 중요하게 여기거든요 아
mNKy_V09sa4_000192,mNKy_V09sa4,inte,train,4.2,kmsav_pilot/cropped/mNKy_V09sa4/utts/000192.mp4,그니까 우리가 일상 가운데 사람들이 다들 숨기고 살고 있어요.
mNKy_V09sa4_000194,mNKy_V09sa4,inte,train,6.84,kmsav_pilot/cropped/mNKy_V09sa4/utts/000194.mp4,실제적으로 우리 가운데서 한 40% 정도는 어 자살의 위험 가운데 있다고 전 생각을 해요.
mNKy_V09sa4_000200,mNKy_V09sa4,inte,train,8.32,kmsav_pilot/cropped/mNKy_V09sa4/utts/000200.mp4,실제적으로 긴박한 사람들이 한 20% 정도 되고 어느정도 상황 가운데 있는 사람들이 한 40% 정도 될 거라고 저는 생각을 하는데
mNKy_V09sa4_000202,mNKy_V09sa4,inte,train,2.88,kmsav_pilot/cropped/mNKy_V09sa4/utts/000202.mp4,우리들이 주변에서 괜찮니? 라고 물어볼 때
mNKy_V09sa4_000204,mNKy_V09sa4,inte,train,2.52,kmsav_pilot/cropped/mNKy_V09sa4/utts/000204.mp4,그 사람들이 자기를 내어 놓을 수 있거든요.
mNKy_V09sa4_000205,mNKy_V09sa4,inte,train,3.56,kmsav_pilot/cropped/mNKy_V09sa4/utts/000205.mp4,예. 그때 같이 진지하게 얘기해 주는 게 상당히 중요합니다.
mNKy_V09sa4_000207,mNKy_V09sa4,inte,train,2.6,kmsav_pilot/cropped/mNKy_V09sa4/utts/000207.mp4,아 우리 심정 자체가
mNKy_V09sa4_000209,mNKy_V09sa4,inte,train,3.16,kmsav_pilot/cropped/mNKy_V09sa4/utts/000209.mp4,괜찮니? 물었는데 아니 실은 힘들어
mNKy_V09sa4_000217,mNKy_V09sa4,inte,train,2.16,kmsav_pilot/cropped/mNKy_V09sa4/utts/000217.mp4,그때 인제 아 너 힘드니?
mNKy_V09sa4_000225,mNKy_V09sa4,inte,train,3.52,kmsav_pilot/cropped/mNKy_V09sa4/utts/000225.mp4,그니깐 우리가 좀 두렵거든요. 괜히 이런 말 해 가지고 자극하는 거 아닐까?
mNKy_V09sa4_000228,mNKy_V09sa4,inte,train,3.68,kmsav_pilot/cropped/mNKy_V09sa4/utts/000228.mp4,이 분들 입장에서는 항상 말을 할 때마다 농담으로 넘기고
mNKy_V09sa4_000230,mNKy_V09sa4,inte,train,2.08,kmsav_pilot/cropped/mNKy_V09sa4/utts/000230.mp4,회피하고 이런 사람들을 봤는데
mNKy_V09sa4_000237,mNKy_V09sa4,inte,train,2.64,kmsav_pilot/cropped/mNKy_V09sa4/utts/000237.mp4,그래서 이런 훈련도 좀 필요하구요.
mNKy_V09sa4_000241,mNKy_V09sa4,inte,train,4.16,kmsav_pilot/cropped/mNKy_V09sa4/utts/000241.mp4,어 저 같은 경우는 인제 자살 예방한다 라는게 알려져 있으니까
mNKy_V09sa4_000242,mNKy_V09sa4,inte,train,3.16,kmsav_pilot/cropped/mNKy_V09sa4/utts/000242.mp4,페이스북이나 이런 거 할 때도 이렇게 툭툭 메시지들이 옵니다.
mNKy_V09sa4_000245,mNKy_V09sa4,inte,train,5.52,kmsav_pilot/cropped/mNKy_V09sa4/utts/000245.mp4,죽고 싶단 얘기가 오고요. 에 그래서 저는 제가 경험하기로는
mNKy_V09sa4_000246,mNKy_V09sa4,inte,train,4.72,kmsav_pilot/cropped/mNKy_V09sa4/utts/000246.mp4,페이스북 이렇게 하고 있는데 메시지가 이렇게 딱 떠서 저 죽고 싶은 크리스천입니다.
mNKy_V09sa4_000250,mNKy_V09sa4,inte,train,2.8,kmsav_pilot/cropped/mNKy_V09sa4/utts/000250.mp4,실은 살고 싶은데라는 얘기가 나오는 거죠.
mNKy_V09sa4_000252,mNKy_V09sa4,inte,train,7.08,kmsav_pilot/cropped/mNKy_V09sa4/utts/000252.mp4,아 그래서 저희 센터에서 같이 아 아 그 지내면서 어 한번 회복이 된 형제도 있는데
mNKy_V09sa4_000253,mNKy_V09sa4,inte,train,2.76,kmsav_pilot/cropped/mNKy_V09sa4/utts/000253.mp4,어 정말 우리 주변에 너무 많아요.
mNKy_V09sa4_000255,mNKy_V09sa4,inte,train,4.64,kmsav_pilot/cropped/mNKy_V09sa4/utts/000255.mp4,아 예.예. 그래서 자살하려는 사람들이 자기 신호를 보낸다고 그러잖아요.
mNKy_V09sa4_000262,mNKy_V09sa4,inte,train,3.04,kmsav_pilot/cropped/mNKy_V09sa4/utts/000262.mp4,마지막엔 누군가 그래도 한마디 같이 나눠 보고 싶고
mNKy_V09sa4_000264,mNKy_V09sa4,inte,train,4.4,kmsav_pilot/cropped/mNKy_V09sa4/utts/000264.mp4,정말 죽고 싶은 마음도 있지만 한켠으론 살고 싶은 마음이 더 크잖아요.
mNKy_V09sa4_000267,mNKy_V09sa4,inte,train,2.32,kmsav_pilot/cropped/mNKy_V09sa4/utts/000267.mp4,고리를 건다라고 제가 표현을 하는데
mNKy_V09sa4_000269,mNKy_V09sa4,inte,train,4.12,kmsav_pilot/cropped/mNKy_V09sa4/utts/000269.mp4,정말 고리걸 수 있는 사람 한 사람만 있으면 좋겠다라는 생각들을 해요.
mNKy_V09sa4_000272,mNKy_V09sa4,inte,train,4.12,kmsav_pilot/cropped/mNKy_V09sa4/utts/000272.mp4,그러한 신호들을 보낼 때 좀 더 진지하게 맞이해 주시고
mNKy_V09sa4_000273,mNKy_V09sa4,inte,train,3.76,kmsav_pilot/cropped/mNKy_V09sa4/utts/000273.mp4,그 사람들에게 아 정말 조금만 상식을 가지고
mNKy_V09sa4_000274,mNKy_V09sa4,inte,train,3.2,kmsav_pilot/cropped/mNKy_V09sa4/utts/000274.mp4,어 이 사람이 도움을 받을 수 있는 기관을 소개해 주고
mNKy_V09sa4_000276,mNKy_V09sa4,inte,train,2.52,kmsav_pilot/cropped/mNKy_V09sa4/utts/000276.mp4,그렇게만 해도 참 많은 도움이 될 겁니다.
mNKy_V09sa4_000277,mNKy_V09sa4,inte,train,3.12,kmsav_pilot/cropped/mNKy_V09sa4/utts/000277.mp4,그렇군요. 그러니까 주위에서 힘들다는 표시를 했을 때
mNKy_V09sa4_000278,mNKy_V09sa4,inte,train,5.24,kmsav_pilot/cropped/mNKy_V09sa4/utts/000278.mp4,그것을 그냥 지나치지 않고 따뜻한 한마디로 함께 대답해 주고 응답해 주는 거
mNKy_V09sa4_000279,mNKy_V09sa4,inte,train,5.72,kmsav_pilot/cropped/mNKy_V09sa4/utts/000279.mp4,"우리 크리스찬들이 해야 될 일이 아닌가 싶습니다. 잠깐 인제 크리스찬들에 대해서 말씀하셨습니다만,"
mNKy_V09sa4_000280,mNKy_V09sa4,inte,train,5.72,kmsav_pilot/cropped/mNKy_V09sa4/utts/000280.mp4,"우리 인제 기독교인들도 사실은 마음의 기쁨과 평안이 넘치지만,"
mNKy_V09sa4_000282,mNKy_V09sa4,inte,train,8.8,kmsav_pilot/cropped/mNKy_V09sa4/utts/000282.mp4,그렇죠. 그니깐 어 이런 자살의 위험이 이 사회에 이렇게 큰데 우리 크리스찬만 피해간다? 그건 뭐 상상할 수 없는 일입니다.
mNKy_V09sa4_000284,mNKy_V09sa4,inte,train,2.24,kmsav_pilot/cropped/mNKy_V09sa4/utts/000284.mp4,제가 여러 가지 설문조사를 해 봤는데요.
mNKy_V09sa4_000286,mNKy_V09sa4,inte,train,2.08,kmsav_pilot/cropped/mNKy_V09sa4/utts/000286.mp4,약간의 차이는 있습니다. 그래도
mNKy_V09sa4_000287,mNKy_V09sa4,inte,train,3.64,kmsav_pilot/cropped/mNKy_V09sa4/utts/000287.mp4,일반적인 사회에서 자살 생각하는 사람들보단 좀 적지만
mNKy_V09sa4_000291,mNKy_V09sa4,inte,train,5.16,kmsav_pilot/cropped/mNKy_V09sa4/utts/000291.mp4,네. 그래서 상당히 아직 그 교회 안에도 자살을 생각하는 사람들이
mNKy_V09sa4_000296,mNKy_V09sa4,inte,train,2.0,kmsav_pilot/cropped/mNKy_V09sa4/utts/000296.mp4,어 근데 우리가 아직 대비가 없어요.
mNKy_V09sa4_000299,mNKy_V09sa4,inte,train,3.0,kmsav_pilot/cropped/mNKy_V09sa4/utts/000299.mp4,그냥 어 믿음이 있으면 자살 안 해.
mNKy_V09sa4_000305,mNKy_V09sa4,inte,train,2.44,kmsav_pilot/cropped/mNKy_V09sa4/utts/000305.mp4,아 믿음이 있어도 자살을 하고
mNKy_V09sa4_000307,mNKy_V09sa4,inte,train,2.08,kmsav_pilot/cropped/mNKy_V09sa4/utts/000307.mp4,신앙이 좋아도 자살을 합니다.
mNKy_V09sa4_000309,mNKy_V09sa4,inte,train,2.64,kmsav_pilot/cropped/mNKy_V09sa4/utts/000309.mp4,이게 아주 병 같이 흘러가는 것이거든요.
mNKy_V09sa4_000311,mNKy_V09sa4,inte,train,3.56,kmsav_pilot/cropped/mNKy_V09sa4/utts/000311.mp4,네. 그래서 우리가 좀 대비를 했음 좋겠어요. 특히
mNKy_V09sa4_000312,mNKy_V09sa4,inte,train,3.72,kmsav_pilot/cropped/mNKy_V09sa4/utts/000312.mp4,아 우리 소그룹 리더들 구역장 이런 분들한테
mNKy_V09sa4_000315,mNKy_V09sa4,inte,train,3.72,kmsav_pilot/cropped/mNKy_V09sa4/utts/000315.mp4,네. 저는 이게 아주 중요한 그 제 소망인데
mNKy_V09sa4_000317,mNKy_V09sa4,inte,train,3.56,kmsav_pilot/cropped/mNKy_V09sa4/utts/000317.mp4,어 이런 분들이 훈련을 받아서 정말 주변에
mNKy_V09sa4_000318,mNKy_V09sa4,inte,train,4.8,kmsav_pilot/cropped/mNKy_V09sa4/utts/000318.mp4,어려움을 겪고 있는 사람들을 실제적으로 도와줄 수 있는
mNKy_V09sa4_000319,mNKy_V09sa4,inte,train,2.56,kmsav_pilot/cropped/mNKy_V09sa4/utts/000319.mp4,그런 것들을 좀 훈련 받으셨음 좋겠구요.
mNKy_V09sa4_000321,mNKy_V09sa4,inte,train,4.32,kmsav_pilot/cropped/mNKy_V09sa4/utts/000321.mp4,그걸 통해서 좀더 실질적인 도움을 줄 수 있음 좋겠고
mNKy_V09sa4_000322,mNKy_V09sa4,inte,train,5.8,kmsav_pilot/cropped/mNKy_V09sa4/utts/000322.mp4,더 나아가선 교회가 지역 사회에서 이러한 역할들을 해주셨으면 좋겠어요.
mNKy_V09sa4_000323,mNKy_V09sa4,inte,train,4.2,kmsav_pilot/cropped/mNKy_V09sa4/utts/000323.mp4,근데 정말 중요하게 제가 생각하는 건 뭐냐하면요
mNKy_V09sa4_000324,mNKy_V09sa4,inte,train,2.08,kmsav_pilot/cropped/mNKy_V09sa4/utts/000324.mp4,자살한 사람들
mNKy_V09sa4_000325,mNKy_V09sa4,inte,train,2.0,kmsav_pilot/cropped/mNKy_V09sa4/utts/000325.mp4,장례 꼭 치뤄주시면 좋겠어요.
mNKy_V09sa4_000330,mNKy_V09sa4,inte,train,4.16,kmsav_pilot/cropped/mNKy_V09sa4/utts/000330.mp4,그니깐 구원 못 받었다. 뭐 이런 얘기들 하시면서
mNKy_V09sa4_000331,mNKy_V09sa4,inte,train,4.72,kmsav_pilot/cropped/mNKy_V09sa4/utts/000331.mp4,교회에서 논란이 일어나 가지고 장례를 못 치른 사람들 참 많습니다.
mNKy_V09sa4_000334,mNKy_V09sa4,inte,train,3.92,kmsav_pilot/cropped/mNKy_V09sa4/utts/000334.mp4,어 교회에서 그런 의향이 있어도 본인들이 숨기는 경우도 있고
mNKy_V09sa4_000336,mNKy_V09sa4,inte,train,3.56,kmsav_pilot/cropped/mNKy_V09sa4/utts/000336.mp4,교회가 또 그렇게 숨기고 얘길 하라고 하는 경우도 있구요.
mNKy_V09sa4_000338,mNKy_V09sa4,inte,train,2.48,kmsav_pilot/cropped/mNKy_V09sa4/utts/000338.mp4,그래서 상처받은 사람들이 너무 많아요.
mNKy_V09sa4_000340,mNKy_V09sa4,inte,train,2.4,kmsav_pilot/cropped/mNKy_V09sa4/utts/000340.mp4,예. 그래서 유가족들 입장에서 보면
mNKy_V09sa4_000341,mNKy_V09sa4,inte,train,3.6,kmsav_pilot/cropped/mNKy_V09sa4/utts/000341.mp4,어 가장 그 하나님의 위로를 받아야 되고
mNKy_V09sa4_000342,mNKy_V09sa4,inte,train,3.6,kmsav_pilot/cropped/mNKy_V09sa4/utts/000342.mp4,그 다음에 교회가 정말 도움이 필요한 땐데
mNKy_V09sa4_000343,mNKy_V09sa4,inte,train,3.48,kmsav_pilot/cropped/mNKy_V09sa4/utts/000343.mp4,어 그때에 교회가 분란이 일어났거든요.
mNKy_V09sa4_000346,mNKy_V09sa4,inte,train,2.52,kmsav_pilot/cropped/mNKy_V09sa4/utts/000346.mp4,그러면 유가족들이 상처를 받고
mNKy_V09sa4_000349,mNKy_V09sa4,inte,train,2.28,kmsav_pilot/cropped/mNKy_V09sa4/utts/000349.mp4,심지어 인제 하나님을 떠나게 되는 것이죠.
mNKy_V09sa4_000351,mNKy_V09sa4,inte,train,2.08,kmsav_pilot/cropped/mNKy_V09sa4/utts/000351.mp4,어 유가족들이
mNKy_V09sa4_000352,mNKy_V09sa4,inte,train,2.08,kmsav_pilot/cropped/mNKy_V09sa4/utts/000352.mp4,그 자살의 위험이 제일 높습니다.
mNKy_V09sa4_000358,mNKy_V09sa4,inte,train,5.76,kmsav_pilot/cropped/mNKy_V09sa4/utts/000358.mp4,그때 이 가족 중에 누가 자살을 하면 그 충격 때문에 더 큰 위험에 빠지게 되거든요.
mNKy_V09sa4_000359,mNKy_V09sa4,inte,train,3.16,kmsav_pilot/cropped/mNKy_V09sa4/utts/000359.mp4,근데 교회가 그때를 외면한다 라고 한다면
mNKy_V09sa4_000360,mNKy_V09sa4,inte,train,2.48,kmsav_pilot/cropped/mNKy_V09sa4/utts/000360.mp4,아 이건 정말 성도의 공동체가
mNKy_V09sa4_000361,mNKy_V09sa4,inte,train,2.2,kmsav_pilot/cropped/mNKy_V09sa4/utts/000361.mp4,아니지 않나 그런 생각이 들어요.
mNKy_V09sa4_000362,mNKy_V09sa4,inte,train,3.2,kmsav_pilot/cropped/mNKy_V09sa4/utts/000362.mp4,네. 우는 자와 함께 울라고 했기 때문에
mNKy_V09sa4_000364,mNKy_V09sa4,inte,train,9.44,kmsav_pilot/cropped/mNKy_V09sa4/utts/000364.mp4,정말 가장 큰 슬픔을 갖고 있는 유족들과도 함께 하고 또 그분들 아픔을 더 적극적으로 치료하는데 교회가 나서야 된다. 이런 말씀을 해주신 거 같습니다.
mNKy_V09sa4_000365,mNKy_V09sa4,inte,train,7.72,kmsav_pilot/cropped/mNKy_V09sa4/utts/000365.mp4,예. 그 교회 안에서 그래서 또 사망자 유족들울 위한 예배도 필요하다 이런 지적이 있습니다만 실제로 많이 해보셨을꺼 같습니다. 목사님.
mNKy_V09sa4_000366,mNKy_V09sa4,inte,train,5.24,kmsav_pilot/cropped/mNKy_V09sa4/utts/000366.mp4,예. 어 유가족들이 그 장례를 못 치르니깐요.
mNKy_V09sa4_000372,mNKy_V09sa4,inte,train,8.2,kmsav_pilot/cropped/mNKy_V09sa4/utts/000372.mp4,관계 으쯔쯔쯔 과정인데 장례를 안 치뤄주니까 이걸 잃어버리는거죠. 그래서 유가족들의 그런 아픔을 제가 듣고
mNKy_V09sa4_000374,mNKy_V09sa4,inte,train,3.64,kmsav_pilot/cropped/mNKy_V09sa4/utts/000374.mp4,어 처음에는 1년에 1번씩 위로 예배를 드렸어요.
mNKy_V09sa4_000376,mNKy_V09sa4,inte,train,4.8,kmsav_pilot/cropped/mNKy_V09sa4/utts/000376.mp4,네. 그니까 장례를 못 치르신 분들 네 장례를 우리가 새로 치를순 없지만
mNKy_V09sa4_000380,mNKy_V09sa4,inte,train,3.64,kmsav_pilot/cropped/mNKy_V09sa4/utts/000380.mp4,그 수요예배 저녁 예배 때 함께 모여서 예배드리고 있습니다.
mNKy_V09sa4_000385,mNKy_V09sa4,inte,train,3.72,kmsav_pilot/cropped/mNKy_V09sa4/utts/000385.mp4,어 유가족들끼리 그리고 말씀을 통해서 또 회복도 하고
mNKy_V09sa4_000387,mNKy_V09sa4,inte,train,2.88,kmsav_pilot/cropped/mNKy_V09sa4/utts/000387.mp4,아 그렇게 함께 지금 모임 갖고 있습니다.
mNKy_V09sa4_000390,mNKy_V09sa4,inte,train,2.8,kmsav_pilot/cropped/mNKy_V09sa4/utts/000390.mp4,그리고 섬김을 통해서 많이 좀 회복이 되셨을 거 같습니다만.
mNKy_V09sa4_000394,mNKy_V09sa4,inte,train,5.08,kmsav_pilot/cropped/mNKy_V09sa4/utts/000394.mp4,자녀를 잃은 사람들 남편을 잃은 사람들 아내를 잃은 사람들
mNKy_V09sa4_000395,mNKy_V09sa4,inte,train,4.32,kmsav_pilot/cropped/mNKy_V09sa4/utts/000395.mp4,부모님을 잃은 사람들이 정말 그 장례도 못 치르고
mNKy_V09sa4_000400,mNKy_V09sa4,inte,train,4.36,kmsav_pilot/cropped/mNKy_V09sa4/utts/000400.mp4,너무 고마 아 그니까 그런 거 볼 때마다 제가 참 마음이 아파요.
mNKy_V09sa4_000403,mNKy_V09sa4,inte,train,3.76,kmsav_pilot/cropped/mNKy_V09sa4/utts/000403.mp4,저 분들 저렇게 교회가 내쳤다라는 것이 너무 힘들어요.
mNKy_V09sa4_000406,mNKy_V09sa4,inte,train,5.04,kmsav_pilot/cropped/mNKy_V09sa4/utts/000406.mp4,또 예배드리면서 회복하시고 같은 아픔을 가진 사람들끼리 또 이야기를 나누면서
mNKy_V09sa4_000410,mNKy_V09sa4,inte,train,3.68,kmsav_pilot/cropped/mNKy_V09sa4/utts/000410.mp4,참 보람된 일이라고 저는 개인적으로 생각을 하구요.
mNKy_V09sa4_000412,mNKy_V09sa4,inte,train,4.24,kmsav_pilot/cropped/mNKy_V09sa4/utts/000412.mp4,어 그리고 이런 일을 통해서 그 유가족들 입장에서는요.
mNKy_V09sa4_000413,mNKy_V09sa4,inte,train,2.56,kmsav_pilot/cropped/mNKy_V09sa4/utts/000413.mp4,어 사회로 복귀하는 과정에
mNKy_V09sa4_000417,mNKy_V09sa4,inte,train,3.72,kmsav_pilot/cropped/mNKy_V09sa4/utts/000417.mp4,근데 이렇게 보면 같은 아픔을 가진 사람들이고
mNKy_V09sa4_000418,mNKy_V09sa4,inte,train,4.28,kmsav_pilot/cropped/mNKy_V09sa4/utts/000418.mp4,우리 같은 사람들은 참 본인들을 이해해 줄 수 있다라는 확신이 있으니까
mNKy_V09sa4_000420,mNKy_V09sa4,inte,train,4.12,kmsav_pilot/cropped/mNKy_V09sa4/utts/000420.mp4,이야길 꺼내 놓는 순간부터 정말 많은 그 회복의 과정
mNKy_V09sa4_000422,mNKy_V09sa4,inte,train,5.12,kmsav_pilot/cropped/mNKy_V09sa4/utts/000422.mp4,그리고 새롭게 또 이 사람들과의 만남을 시작하는 분들이 많이 있습니다.
mNKy_V09sa4_000424,mNKy_V09sa4,inte,train,6.92,kmsav_pilot/cropped/mNKy_V09sa4/utts/000424.mp4,왜 그럼 개교회에서는 그렇게 그런 분들을 잘 품어주지 못하고 또 갈등의 소지가 될까요?
mNKy_V09sa4_000425,mNKy_V09sa4,inte,train,2.28,kmsav_pilot/cropped/mNKy_V09sa4/utts/000425.mp4,결국 인제 구원의 문제죠.
mNKy_V09sa4_000428,mNKy_V09sa4,inte,train,4.0,kmsav_pilot/cropped/mNKy_V09sa4/utts/000428.mp4,우리가 일반적으로 통설적으로 우리가 이해하는 것이
mNKy_V09sa4_000429,mNKy_V09sa4,inte,train,3.76,kmsav_pilot/cropped/mNKy_V09sa4/utts/000429.mp4,자살한 사람은 지옥간다. 이렇게 이해를 하고 있잖아요.
mNKy_V09sa4_000430,mNKy_V09sa4,inte,train,2.36,kmsav_pilot/cropped/mNKy_V09sa4/utts/000430.mp4,어 이거는 정말 통설이라고 이야길 하는 거
mNKy_V09sa4_000432,mNKy_V09sa4,inte,train,2.16,kmsav_pilot/cropped/mNKy_V09sa4/utts/000432.mp4,성경적인 명확한 근거가 없는 거죠?
mNKy_V09sa4_000433,mNKy_V09sa4,inte,train,7.84,kmsav_pilot/cropped/mNKy_V09sa4/utts/000433.mp4,그럼요. 네. 성경에는 그렇게 나와 있지 않고요. 어 우리가 이걸 추론하는 것은 뭐냐면 자살은 죄라는 거예요.
mNKy_V09sa4_000435,mNKy_V09sa4,inte,train,6.08,kmsav_pilot/cropped/mNKy_V09sa4/utts/000435.mp4,이건 확실한 사실이거든요. 그깐 어 초기 초대 교회만 해도 이런 논의 자체가 없었구요.
mNKy_V09sa4_000437,mNKy_V09sa4,inte,train,6.64,kmsav_pilot/cropped/mNKy_V09sa4/utts/000437.mp4,어거스틴 때 이르러 가지고 어거스틴이 하는 얘기가 아 자살도 살인이다. 라는 겁니다.
mNKy_V09sa4_000438,mNKy_V09sa4,inte,train,5.72,kmsav_pilot/cropped/mNKy_V09sa4/utts/000438.mp4,그니깐 자살이 왜 죄냐? 자기를 죽였지만은 생명은 하나님의 것이니까. 그것도
mNKy_V09sa4_000439,mNKy_V09sa4,inte,train,2.48,kmsav_pilot/cropped/mNKy_V09sa4/utts/000439.mp4,살인의 행위다라고 이야기를 하는 겁니다.
mNKy_V09sa4_000441,mNKy_V09sa4,inte,train,3.28,kmsav_pilot/cropped/mNKy_V09sa4/utts/000441.mp4,아 하나님 앞에서 우리가 구원을 받는 것은
mNKy_V09sa4_000442,mNKy_V09sa4,inte,train,2.24,kmsav_pilot/cropped/mNKy_V09sa4/utts/000442.mp4,어떤 행위로 구원을 받는게 아니잖습니까?
mNKy_V09sa4_000444,mNKy_V09sa4,inte,train,2.08,kmsav_pilot/cropped/mNKy_V09sa4/utts/000444.mp4,믿음으로 구원을 받는 것이구요.
mNKy_V09sa4_000445,mNKy_V09sa4,inte,train,3.8,kmsav_pilot/cropped/mNKy_V09sa4/utts/000445.mp4,그 믿음의 기준이라고 하는 것은 하나님이 정하시는 거고
mNKy_V09sa4_000447,mNKy_V09sa4,inte,train,9.6,kmsav_pilot/cropped/mNKy_V09sa4/utts/000447.mp4,어 하나님께서 정말 그 자비하심으로 인해서 그 은혜로 말미암아서 모든 죄를 허다한 죄를 덮을 것이라는 것을 이게 우리의 믿음이잖습니까?
mNKy_V09sa4_000449,mNKy_V09sa4,inte,train,2.6,kmsav_pilot/cropped/mNKy_V09sa4/utts/000449.mp4,어 자살도 마찬가지라는 것이죠.
mNKy_V09sa4_000451,mNKy_V09sa4,inte,train,7.08,kmsav_pilot/cropped/mNKy_V09sa4/utts/000451.mp4,그 행위가 하나님 앞에 용서를 받을 수 있느냐 없느냐의 문제는 하나님이 판단하실 것이구요.
mNKy_V09sa4_000453,mNKy_V09sa4,inte,train,7.16,kmsav_pilot/cropped/mNKy_V09sa4/utts/000453.mp4,어떠한 절대적인 죄로 인해서 우리가 어 천국에 못 갈 것이다 하는 것은 개신교적인 사상은 아닙니다.
mNKy_V09sa4_000455,mNKy_V09sa4,inte,train,5.44,kmsav_pilot/cropped/mNKy_V09sa4/utts/000455.mp4,그래서 일치감치 종교 개혁가들도 이 부분에 대해서는 많은 이야기들을 했습니다.
mNKy_V09sa4_000457,mNKy_V09sa4,inte,train,8.2,kmsav_pilot/cropped/mNKy_V09sa4/utts/000457.mp4,특히 루터 같은 경우는 그 당시에 인제 카톨릭 교회에서 그 자살한 사람을 그 장례를 안 치뤄주고 있으니까
mNKy_V09sa4_000459,mNKy_V09sa4,inte,train,2.52,kmsav_pilot/cropped/mNKy_V09sa4/utts/000459.mp4,루터가 나서서 장례를 치뤄주죠.
mNKy_V09sa4_000462,mNKy_V09sa4,inte,train,5.84,kmsav_pilot/cropped/mNKy_V09sa4/utts/000462.mp4,자살을 한다라는 것은 우리가 숲을 지나가 지나다가 강도를 만난 것과 같다.
mNKy_V09sa4_000464,mNKy_V09sa4,inte,train,3.16,kmsav_pilot/cropped/mNKy_V09sa4/utts/000464.mp4,에 그 사탄에 의해서 우리가 강도 만나듯이
mNKy_V09sa4_000468,mNKy_V09sa4,inte,train,4.04,kmsav_pilot/cropped/mNKy_V09sa4/utts/000468.mp4,이 사람의 죄를 물을것까진 아니다. 라는 그런 표현을 쓰셨거든요.
mNKy_V09sa4_000472,mNKy_V09sa4,inte,train,6.16,kmsav_pilot/cropped/mNKy_V09sa4/utts/000472.mp4,그래서 정말 이 개인적으로 이 사람이 믿음이 있었느냐 이 하나를 가지고
mNKy_V09sa4_000475,mNKy_V09sa4,inte,train,6.96,kmsav_pilot/cropped/mNKy_V09sa4/utts/000475.mp4,땅에 있는 우리가 어떤 사람이 지옥 갈 것이다. 천국 갈 것이다. 우리가 결정할 일은 절대 아니구요.
mNKy_V09sa4_000479,mNKy_V09sa4,inte,train,5.08,kmsav_pilot/cropped/mNKy_V09sa4/utts/000479.mp4,그 은혜 가운데 결정해 주실 것이다 라는 그런 믿음으로 나가야 될 거 같습니다.
mNKy_V09sa4_000481,mNKy_V09sa4,inte,train,4.4,kmsav_pilot/cropped/mNKy_V09sa4/utts/000481.mp4,이 문제가 해결이 되면 장례가 가능할 꺼라고 생각을 합니다.
mNKy_V09sa4_000483,mNKy_V09sa4,inte,train,6.32,kmsav_pilot/cropped/mNKy_V09sa4/utts/000483.mp4,아 실제적으로 어 3년 전에 어 그 예장 통합 쪽에
mNKy_V09sa4_000485,mNKy_V09sa4,inte,train,3.16,kmsav_pilot/cropped/mNKy_V09sa4/utts/000485.mp4,에 총회 때 제가 그 당시에 인제 그
mNKy_V09sa4_000486,mNKy_V09sa4,inte,train,5.04,kmsav_pilot/cropped/mNKy_V09sa4/utts/000486.mp4,아 자살에 대한 목회 지침서를 만드는데 제가 쓰 그 위원장으로 참여를 해가지고요.
mNKy_V09sa4_000488,mNKy_V09sa4,inte,train,4.92,kmsav_pilot/cropped/mNKy_V09sa4/utts/000488.mp4,어 거기서 중요하게 제가 다뤘던 것이 어 그 자살과 구원의 문제
mNKy_V09sa4_000492,mNKy_V09sa4,inte,train,5.64,kmsav_pilot/cropped/mNKy_V09sa4/utts/000492.mp4,그리고 실제적으로 자살한 사람에 대한 장례 예식서를 거기다 넣었습니다.
mNKy_V09sa4_000494,mNKy_V09sa4,inte,train,4.68,kmsav_pilot/cropped/mNKy_V09sa4/utts/000494.mp4,어 장신대 교수님 통해서 좋은 그 예식서가 마련이 됐구요.
mNKy_V09sa4_000496,mNKy_V09sa4,inte,train,5.96,kmsav_pilot/cropped/mNKy_V09sa4/utts/000496.mp4,그 안에 보면은 어 그 신도들 중에 자살한 사람이 있으면
mNKy_V09sa4_000498,mNKy_V09sa4,inte,train,4.2,kmsav_pilot/cropped/mNKy_V09sa4/utts/000498.mp4,예식서와 거기에 맞는 설교문까지 아주 잘 들어있습니다.
mNKy_V09sa4_000500,mNKy_V09sa4,inte,train,6.72,kmsav_pilot/cropped/mNKy_V09sa4/utts/000500.mp4,이 말은 다시 말하면 총회가 공식적으로 자살한 사람에 대한 장례가 아 가능하다
mNKy_V09sa4_000505,mNKy_V09sa4,inte,train,6.76,kmsav_pilot/cropped/mNKy_V09sa4/utts/000505.mp4,그런 부분에서 또 홍보도 필요하고 교육도 필요할 거 같습니다. 네 조금 전 라이프 호프에서 했던 일들 좀 몇 가지 말씀하셨는데
mNKy_V09sa4_000506,mNKy_V09sa4,inte,train,4.8,kmsav_pilot/cropped/mNKy_V09sa4/utts/000506.mp4,뭐 이런 교육이라든지 구체적으로 또 어떤 일을 하시는지 좀 말씀해주시면
mNKy_V09sa4_000507,mNKy_V09sa4,inte,train,9.76,kmsav_pilot/cropped/mNKy_V09sa4/utts/000507.mp4,예. 어 저희는 기본적으로 이 자살이 우리나라에 많은 거는 이 죽음의 문화가 이 땅을 지배하기 때문이라고 저는 생각을 합니다.
mNKy_V09sa4_000508,mNKy_V09sa4,inte,train,4.24,kmsav_pilot/cropped/mNKy_V09sa4/utts/000508.mp4,결국 생명의 문화를 가지고 이 죽음의 문화를 이겨야죠.
mNKy_V09sa4_000512,mNKy_V09sa4,inte,train,4.32,kmsav_pilot/cropped/mNKy_V09sa4/utts/000512.mp4,우리가 그 예수 그리스도의 이 생명의 영을 가지고 있는 우리 한국 교회가
mNKy_V09sa4_000514,mNKy_V09sa4,inte,train,2.12,kmsav_pilot/cropped/mNKy_V09sa4/utts/000514.mp4,이 죽음의 영을 이기고
mNKy_V09sa4_000515,mNKy_V09sa4,inte,train,2.72,kmsav_pilot/cropped/mNKy_V09sa4/utts/000515.mp4,자살을 극복할 수 있도록 만들어 줘야 된다.
mNKy_V09sa4_000520,mNKy_V09sa4,inte,train,4.08,kmsav_pilot/cropped/mNKy_V09sa4/utts/000520.mp4,어 올해부터는 인제 전국적으로 펼치고 있는 것이
mNKy_V09sa4_000522,mNKy_V09sa4,inte,train,2.12,kmsav_pilot/cropped/mNKy_V09sa4/utts/000522.mp4,어 라이프 워킹
mNKy_V09sa4_000523,mNKy_V09sa4,inte,train,3.4,kmsav_pilot/cropped/mNKy_V09sa4/utts/000523.mp4,해서 생명 보듬 페스티발을 펼치고 있습니다.
mNKy_V09sa4_000525,mNKy_V09sa4,inte,train,6.76,kmsav_pilot/cropped/mNKy_V09sa4/utts/000525.mp4,"어 서울 뿐만이 아니고 이제 파주, 하남, 안양, 천안 지금 확정이 됐고요."
mNKy_V09sa4_000527,mNKy_V09sa4,inte,train,3.4,kmsav_pilot/cropped/mNKy_V09sa4/utts/000527.mp4,이제 부산과 순천 지역도 저희들이 준비 중인데
mNKy_V09sa4_000529,mNKy_V09sa4,inte,train,2.96,kmsav_pilot/cropped/mNKy_V09sa4/utts/000529.mp4,전국적으로 생명의 축제를
mNKy_V09sa4_000531,mNKy_V09sa4,inte,train,4.48,kmsav_pilot/cropped/mNKy_V09sa4/utts/000531.mp4,열고 함께 걸으면서 죽음과 삶에 대한 이야기를 나누고
mNKy_V09sa4_000533,mNKy_V09sa4,inte,train,4.44,kmsav_pilot/cropped/mNKy_V09sa4/utts/000533.mp4,어떻게 생명의 문화를 만들 것인가 함께 나누는 아주 축제의 기간을 저희들이
mNKy_V09sa4_000538,mNKy_V09sa4,inte,train,7.6,kmsav_pilot/cropped/mNKy_V09sa4/utts/000538.mp4,아 저희들이 그 생명 보듬 교육이라는 것을 마련하고 어 이것이 그 국가에서 인정하는 프로그램
mNKy_V09sa4_000540,mNKy_V09sa4,inte,train,8.68,kmsav_pilot/cropped/mNKy_V09sa4/utts/000540.mp4,이 됐습니다. 그래서 어 일반 중고등학교 공립학교까지 다 합쳐서 일반 중고등학교에 가서 이 생명보듬 교육을 시키고 있습니다.
mNKy_V09sa4_000542,mNKy_V09sa4,inte,train,4.32,kmsav_pilot/cropped/mNKy_V09sa4/utts/000542.mp4,어 정말 제가 한국 교회 하나같이 정말 부탁드리고 싶은 것이 있다면
mNKy_V09sa4_000543,mNKy_V09sa4,inte,train,3.48,kmsav_pilot/cropped/mNKy_V09sa4/utts/000543.mp4,아 이 교육이 이루어질 수 있도록 좀 후원을 좀 해주셨으면 좋겠어요.
mNKy_V09sa4_000545,mNKy_V09sa4,inte,train,3.08,kmsav_pilot/cropped/mNKy_V09sa4/utts/000545.mp4,아 참 좀 이상한 경운데
mNKy_V09sa4_000547,mNKy_V09sa4,inte,train,6.96,kmsav_pilot/cropped/mNKy_V09sa4/utts/000547.mp4,아 우리나라 중고등학교에 자살 예방 교육 생명 교육을 아 1년에 2번 2시간씩 시키게 되있어요.
mNKy_V09sa4_000549,mNKy_V09sa4,inte,train,2.72,kmsav_pilot/cropped/mNKy_V09sa4/utts/000549.mp4,근데 인제 예산 지원은 지금 없는 상황이거든요.
mNKy_V09sa4_000551,mNKy_V09sa4,inte,train,4.92,kmsav_pilot/cropped/mNKy_V09sa4/utts/000551.mp4,근데 정말 교육을 하라고 했는데 교육이 이루어질 수 있는 상황은 아니에요. 그래서
mNKy_V09sa4_000552,mNKy_V09sa4,inte,train,5.8,kmsav_pilot/cropped/mNKy_V09sa4/utts/000552.mp4,교회들이 한 교회가 지역에 있는 한 학교의 교육을 좀 지원해주셨으면 좋겠어요.
mNKy_V09sa4_000554,mNKy_V09sa4,inte,train,4.16,kmsav_pilot/cropped/mNKy_V09sa4/utts/000554.mp4,그러면는 아 이 한국 교회가 정말 이 땅에 생명 살리는 일했다.
mNKy_V09sa4_000556,mNKy_V09sa4,inte,train,2.08,kmsav_pilot/cropped/mNKy_V09sa4/utts/000556.mp4,라는 것을 좀 확인할 수 있고
mNKy_V09sa4_000558,mNKy_V09sa4,inte,train,4.6,kmsav_pilot/cropped/mNKy_V09sa4/utts/000558.mp4,교회가 지역의 리더십을 가질 수 있는 기회라고 전 생각을 하고 있구요.
mNKy_V09sa4_000560,mNKy_V09sa4,inte,train,2.8,kmsav_pilot/cropped/mNKy_V09sa4/utts/000560.mp4,어 또 저희들이 하고 있는 것은
mNKy_V09sa4_000561,mNKy_V09sa4,inte,train,2.2,kmsav_pilot/cropped/mNKy_V09sa4/utts/000561.mp4,어 괜찮니 캠페인하는 겁니다.
mNKy_V09sa4_000563,mNKy_V09sa4,inte,train,5.92,kmsav_pilot/cropped/mNKy_V09sa4/utts/000563.mp4,네. 이거는 어 중앙 자살 예방 센터나 보건복지부랑 같이 활동을 하고 있는 것인데요.
mNKy_V09sa4_000565,mNKy_V09sa4,inte,train,3.44,kmsav_pilot/cropped/mNKy_V09sa4/utts/000565.mp4,아 이런 걸 통해 가지고 전국민이 서로 안부 물어주는
mNKy_V09sa4_000567,mNKy_V09sa4,inte,train,3.72,kmsav_pilot/cropped/mNKy_V09sa4/utts/000567.mp4,그래서 좀 더 밝은 사회를 만들어 가는 그러한 일들을 하고 있고
mNKy_V09sa4_000569,mNKy_V09sa4,inte,train,2.2,kmsav_pilot/cropped/mNKy_V09sa4/utts/000569.mp4,이걸 위해서 플래시 몹 이런 것도 하고 있구요.
mNKy_V09sa4_000571,mNKy_V09sa4,inte,train,6.28,kmsav_pilot/cropped/mNKy_V09sa4/utts/000571.mp4,예. 어 암튼 좀 캠페인 사업을 좀 재밌게 좀 펼쳐 볼려고 어 노력 중에 있습니다.
mNKy_V09sa4_000574,mNKy_V09sa4,inte,train,3.6,kmsav_pilot/cropped/mNKy_V09sa4/utts/000574.mp4,유가족들을 위한 프로그램들을 저희들이 활발하게 진행하고 있고
mNKy_V09sa4_000576,mNKy_V09sa4,inte,train,4.84,kmsav_pilot/cropped/mNKy_V09sa4/utts/000576.mp4,특히 크리스찬들이 정말 이곳에 와서 같이 위로를 받으면서
mNKy_V09sa4_000577,mNKy_V09sa4,inte,train,2.48,kmsav_pilot/cropped/mNKy_V09sa4/utts/000577.mp4,어 그 아픔을 서로 나누고 있습니다.
mNKy_V09sa4_000580,mNKy_V09sa4,inte,train,3.76,kmsav_pilot/cropped/mNKy_V09sa4/utts/000580.mp4,근데 목사님께서 인제 실천 신학대학교 교수님이시기도 한데
mNKy_V09sa4_000581,mNKy_V09sa4,inte,train,3.88,kmsav_pilot/cropped/mNKy_V09sa4/utts/000581.mp4,근데 어떻게 이 자살 예방 교육에 앞장서게 되셨는지 그게 좀 궁금합니다.
mNKy_V09sa4_000582,mNKy_V09sa4,inte,train,7.8,kmsav_pilot/cropped/mNKy_V09sa4/utts/000582.mp4,예. 어 제가 이게 자살 예방 이렇게 하고 있으면 사람들이 물어봐요. 그깐 혹시 죽을 마음이 있었느냐.
mNKy_V09sa4_000588,mNKy_V09sa4,inte,train,5.0,kmsav_pilot/cropped/mNKy_V09sa4/utts/000588.mp4,아님 가족 가운데 무슨 자살한 사람이 있냐 당신 유가족이니까 이런 거 하는 거 아니냐
mNKy_V09sa4_000590,mNKy_V09sa4,inte,train,3.48,kmsav_pilot/cropped/mNKy_V09sa4/utts/000590.mp4,실은 제가 성격이 너무 밝아가지고
mNKy_V09sa4_000593,mNKy_V09sa4,inte,train,2.92,kmsav_pilot/cropped/mNKy_V09sa4/utts/000593.mp4,네. 어우 1번도 그런 생각을 해본 적이 없어요.
mNKy_V09sa4_000599,mNKy_V09sa4,inte,train,3.24,kmsav_pilot/cropped/mNKy_V09sa4/utts/000599.mp4,어 근데 제가 이 일을 하는 이유는
mNKy_V09sa4_000601,mNKy_V09sa4,inte,train,3.96,kmsav_pilot/cropped/mNKy_V09sa4/utts/000601.mp4,어 제가 인제 목회 사회학이라고 인제 사회학 쪽으로 하는데
mNKy_V09sa4_000608,mNKy_V09sa4,inte,train,3.36,kmsav_pilot/cropped/mNKy_V09sa4/utts/000608.mp4,슨 주제를 가지고 우리가 이야길 해야되고
mNKy_V09sa4_000610,mNKy_V09sa4,inte,train,4.64,kmsav_pilot/cropped/mNKy_V09sa4/utts/000610.mp4,교회가 이 사회를 위해서 뭘 할 수 있을까를 살펴보니까
mNKy_V09sa4_000611,mNKy_V09sa4,inte,train,2.4,kmsav_pilot/cropped/mNKy_V09sa4/utts/000611.mp4,자살 문제가 너무 심각한 거죠.
mNKy_V09sa4_000613,mNKy_V09sa4,inte,train,4.52,kmsav_pilot/cropped/mNKy_V09sa4/utts/000613.mp4,근데 교회가 나서면 자살 문제는 해결할 수 있을 거 같더라고요. 그래서
mNKy_V09sa4_000614,mNKy_V09sa4,inte,train,3.32,kmsav_pilot/cropped/mNKy_V09sa4/utts/000614.mp4,어 논문을 그런 쪽으로 쓰고 공부를 하고 이랬거든요
mNKy_V09sa4_000617,mNKy_V09sa4,inte,train,5.4,kmsav_pilot/cropped/mNKy_V09sa4/utts/000617.mp4,근데 스 보통 이제 사회학이라는 것이 사회 이제 인제 무슨 문제 제기를 하는 거야 아 이런 건 문제에요.
mNKy_V09sa4_000620,mNKy_V09sa4,inte,train,2.48,kmsav_pilot/cropped/mNKy_V09sa4/utts/000620.mp4,그 전문가들이 나서서 그 문제를
mNKy_V09sa4_000629,mNKy_V09sa4,inte,train,2.4,kmsav_pilot/cropped/mNKy_V09sa4/utts/000629.mp4,사람들이 그것 때매 진을 빼야 되는 거고
mNKy_V09sa4_000632,mNKy_V09sa4,inte,train,3.4,kmsav_pilot/cropped/mNKy_V09sa4/utts/000632.mp4,어 많은 분들이 제가 이런 자살 예방 이런 거 하면
mNKy_V09sa4_000636,mNKy_V09sa4,inte,train,8.2,kmsav_pilot/cropped/mNKy_V09sa4/utts/000636.mp4,실제적으로는 교회들이 이러한 뭐 죽는 문제 뭐 어두운 문제 이런 거에 좀 관여하고 싶어하질 않거든요. 예. 그래서
mNKy_V09sa4_000637,mNKy_V09sa4,inte,train,9.08,kmsav_pilot/cropped/mNKy_V09sa4/utts/000637.mp4,많은 그 참여라는 것은 기대를 할 수가 없었어요. 그래서 그러다 보니까 제가 아 마음이 아픈 거에요. 그니깐 자살 연구를 하다 보니까
mNKy_V09sa4_000638,mNKy_V09sa4,inte,train,3.6,kmsav_pilot/cropped/mNKy_V09sa4/utts/000638.mp4,자살을 할려다가 살아나신 분들에 대한 인터뷰도 많이 해봤고
mNKy_V09sa4_000640,mNKy_V09sa4,inte,train,3.16,kmsav_pilot/cropped/mNKy_V09sa4/utts/000640.mp4,그리고 유가족들에 대한 인터뷰도 해보고 하니까
mNKy_V09sa4_000643,mNKy_V09sa4,inte,train,3.08,kmsav_pilot/cropped/mNKy_V09sa4/utts/000643.mp4,어 교회가 이 분들을 못 품었구나 하는 그러한
mNKy_V09sa4_000645,mNKy_V09sa4,inte,train,3.52,kmsav_pilot/cropped/mNKy_V09sa4/utts/000645.mp4,아픔에 대한 그러한 마음이 있었고요.
mNKy_V09sa4_000646,mNKy_V09sa4,inte,train,2.76,kmsav_pilot/cropped/mNKy_V09sa4/utts/000646.mp4,특히 어 이거 하나님이 보시면 어떨까?
mNKy_V09sa4_000652,mNKy_V09sa4,inte,train,2.16,kmsav_pilot/cropped/mNKy_V09sa4/utts/000652.mp4,죽겠다고 저러고 있고
mNKy_V09sa4_000653,mNKy_V09sa4,inte,train,6.92,kmsav_pilot/cropped/mNKy_V09sa4/utts/000653.mp4,정말 막 옥상에 올라가서 서성거리고 있고 이런 내 자녀를 볼 때 그 하나님 마음이 어떨까 이런 생각이 많이 미쳤어요.
mNKy_V09sa4_000655,mNKy_V09sa4,inte,train,3.8,kmsav_pilot/cropped/mNKy_V09sa4/utts/000655.mp4,그래서 저는 계속 이 일을 하게 된 거죠.
mNKy_V09sa4_000657,mNKy_V09sa4,inte,train,8.6,kmsav_pilot/cropped/mNKy_V09sa4/utts/000657.mp4,처음엔 공부를 해서 문제 제기만 할려고 하다가 이 분들 만나면서 조금 더 조금 더 하다가 이제 이제 단체를 세워서
mNKy_V09sa4_000659,mNKy_V09sa4,inte,train,2.48,kmsav_pilot/cropped/mNKy_V09sa4/utts/000659.mp4,좀더 적극적으로 해가지구요.
mNKy_V09sa4_000660,mNKy_V09sa4,inte,train,4.08,kmsav_pilot/cropped/mNKy_V09sa4/utts/000660.mp4,제가 인제 직업은 교수고 이건 자원봉사로 해야 되는데
mNKy_V09sa4_000664,mNKy_V09sa4,inte,train,5.92,kmsav_pilot/cropped/mNKy_V09sa4/utts/000664.mp4,하하하하 그래두 이 말 그대로 실천 신학을 하고 계시네요.
mNKy_V09sa4_000665,mNKy_V09sa4,inte,train,2.56,kmsav_pilot/cropped/mNKy_V09sa4/utts/000665.mp4,아 예. 그나마 그래도 그게 용서받는
mNKy_V09sa4_000666,mNKy_V09sa4,inte,train,3.48,kmsav_pilot/cropped/mNKy_V09sa4/utts/000666.mp4,하하하하 학교에서 좀 저를 보면
mNKy_V09sa4_000670,mNKy_V09sa4,inte,train,2.72,kmsav_pilot/cropped/mNKy_V09sa4/utts/000670.mp4,월급은 여기서 받고 하하하
mNKy_V09sa4_000674,mNKy_V09sa4,inte,train,3.56,kmsav_pilot/cropped/mNKy_V09sa4/utts/000674.mp4,네. 어 정부에서도
mNKy_V09sa4_000677,mNKy_V09sa4,inte,train,3.0,kmsav_pilot/cropped/mNKy_V09sa4/utts/000677.mp4,앞으로도 그렇게 될 거라고 저는 생각을 하고 있고요.
mNKy_V09sa4_000678,mNKy_V09sa4,inte,train,3.48,kmsav_pilot/cropped/mNKy_V09sa4/utts/000678.mp4,참 우리 교회가 참 귀합니다.
mNKy_V09sa4_000679,mNKy_V09sa4,inte,train,3.24,kmsav_pilot/cropped/mNKy_V09sa4/utts/000679.mp4,아 이런 중요한 가치를 함께 얘기할 수 있고
mNKy_V09sa4_000680,mNKy_V09sa4,inte,train,4.68,kmsav_pilot/cropped/mNKy_V09sa4/utts/000680.mp4,이런 좋은 가치라면 함께 하겠다는 마음들이 있고 행동할 수 있거든요.
mNKy_V09sa4_000682,mNKy_V09sa4,inte,train,3.12,kmsav_pilot/cropped/mNKy_V09sa4/utts/000682.mp4,어 생명의 가치를 올해로 회복시키는 일에
mNKy_V09sa4_000686,mNKy_V09sa4,inte,train,3.92,kmsav_pilot/cropped/mNKy_V09sa4/utts/000686.mp4,이런 생명의 문화를 만들어 가는데 우리가 앞장섰으면 좋겠습니다.
mNKy_V09sa4_000688,mNKy_V09sa4,inte,train,5.04,kmsav_pilot/cropped/mNKy_V09sa4/utts/000688.mp4,그래서 정말 시간이 지난 다음에 역사를 되돌아 보면서
mNKy_V09sa4_000691,mNKy_V09sa4,inte,train,3.56,kmsav_pilot/cropped/mNKy_V09sa4/utts/000691.mp4,이 땅에 살게 됐다라는 얘기가 좀 나타나면 좋겠습니다.
mNKy_V09sa4_000692,mNKy_V09sa4,inte,train,5.04,kmsav_pilot/cropped/mNKy_V09sa4/utts/000692.mp4,네. 교회 덕분에 정말 생명의 가치가 살아났다? 네.
mNKy_V09sa4_000695,mNKy_V09sa4,inte,train,4.72,kmsav_pilot/cropped/mNKy_V09sa4/utts/000695.mp4,어 어렸을 때는 어렸을 때라 중학생은 중학생 고등학생은 고등학생대로
mNKy_V09sa4_000696,mNKy_V09sa4,inte,train,4.4,kmsav_pilot/cropped/mNKy_V09sa4/utts/000696.mp4,인생이 지나면서 다 힘든 때인거 같아요.
mNKy_V09sa4_000697,mNKy_V09sa4,inte,train,4.44,kmsav_pilot/cropped/mNKy_V09sa4/utts/000697.mp4,근데 지나고 나면 또 살게 되고 살 만하거든요.
mNKy_V09sa4_000698,mNKy_V09sa4,inte,train,2.32,kmsav_pilot/cropped/mNKy_V09sa4/utts/000698.mp4,그때를 잘 버티시길 바랍니다.
mNKy_V09sa4_000700,mNKy_V09sa4,inte,train,4.0,kmsav_pilot/cropped/mNKy_V09sa4/utts/000700.mp4,생명은 무엇과도 바꿀수 없는 정말 귀중한 겁니다.
mNKy_V09sa4_000701,mNKy_V09sa4,inte,train,6.2,kmsav_pilot/cropped/mNKy_V09sa4/utts/000701.mp4,음 네. 저도 오늘 목사님 말씀 들으면서 또 정말 생명의 가치에 대해 생각을 해 봤고
mNKy_V09sa4_000703,mNKy_V09sa4,inte,train,9.08,kmsav_pilot/cropped/mNKy_V09sa4/utts/000703.mp4,정말 그 교회 근처에서는 정말 죽음을 생각하는 사람들이 없도록 하는 그런 도움의 손길도 많이 또 생겨나길 기도하겠습니다. 오늘 대표님 말씀 잘 들었습니다. 고맙습니다.
nkELN0Af0e8_000004,nkELN0Af0e8,issu,train,3.48,kmsav_pilot/cropped/nkELN0Af0e8/utts/000004.mp4,그래서 뭐 공포증은 약물을 쓸 수도 있구요. 뭐
nkELN0Af0e8_000010,nkELN0Af0e8,issu,train,9.0,kmsav_pilot/cropped/nkELN0Af0e8/utts/000010.mp4,어 회사 이제 윗사람 상관이 우월한 어떤 지위를 이용해서 어떤 어 아랫사람한테 신체적이나 정신적 고통을 주면 이게 뭐 3년 이하 징역이나
nkELN0Af0e8_000019,nkELN0Af0e8,issu,train,6.68,kmsav_pilot/cropped/nkELN0Af0e8/utts/000019.mp4,저는 그 와이프랑 제가 되게 좀 다른데 무서워하는게 예를 들어서 놀이공원에 가도
nkELN0Af0e8_000020,nkELN0Af0e8,issu,train,2.48,kmsav_pilot/cropped/nkELN0Af0e8/utts/000020.mp4,저는 높은 걸 못 타요. 네.
nkELN0Af0e8_000026,nkELN0Af0e8,issu,train,5.88,kmsav_pilot/cropped/nkELN0Af0e8/utts/000026.mp4,네. 저는 이제 뭐 빠르게 하는 걸 무서워하거든요. 와이프는 그런 건 하나도 안 무서워 하는
nkELN0Af0e8_000035,nkELN0Af0e8,issu,train,3.8,kmsav_pilot/cropped/nkELN0Af0e8/utts/000035.mp4,그래서 다르거든요. 다른 건데 이렇게 유별나다.
p1lchVoSETE_000001,p1lchVoSETE,mukb,train,8.88,kmsav_pilot/cropped/p1lchVoSETE/utts/000001.mp4,나도 이제 촬영도 이제 바빠지고 이러니까. 이제는 지방에 자주 오기보다는 서울에서 주로 좀 많이 촬영하겠죠. 제가
p1lchVoSETE_000003,p1lchVoSETE,mukb,train,2.56,kmsav_pilot/cropped/p1lchVoSETE/utts/000003.mp4,너 나 저기 뭐야 PD 구한다라는 거
p1lchVoSETE_000005,p1lchVoSETE,mukb,train,3.2,kmsav_pilot/cropped/p1lchVoSETE/utts/000005.mp4,"너도 지원했다, 그래. 너도 지원했다 그러면"
p1lchVoSETE_000007,p1lchVoSETE,mukb,train,10.0,kmsav_pilot/cropped/p1lchVoSETE/utts/000007.mp4,시장에서 구질구질하게 계속 써는 것도 이제 지겹다. 광수 형 따라 연예계 맛도 좀 보고 너는 쉬는 날마다 서울 와가지고
p1lchVoSETE_000008,p1lchVoSETE,mukb,train,5.28,kmsav_pilot/cropped/p1lchVoSETE/utts/000008.mp4,나랑 같이 컨텐츠 찍는다고 그렇게 얘기를 해. 그 정도는 얘기할 수 있지?
p1lchVoSETE_000010,p1lchVoSETE,mukb,train,3.88,kmsav_pilot/cropped/p1lchVoSETE/utts/000010.mp4,이거 내가 왜 찍는지 알겠지? 왜 찍는거야?
p1lchVoSETE_000023,p1lchVoSETE,mukb,train,4.88,kmsav_pilot/cropped/p1lchVoSETE/utts/000023.mp4,그 뭐야 그 요번에 공채 이제 PD 1 PD 1기
p1lchVoSETE_000029,p1lchVoSETE,mukb,train,3.52,kmsav_pilot/cropped/p1lchVoSETE/utts/000029.mp4,그러면은 편집이고 뭐고 안 직접 안하니까.
p1lchVoSETE_000034,p1lchVoSETE,mukb,train,4.16,kmsav_pilot/cropped/p1lchVoSETE/utts/000034.mp4,"그니까 내려와, 내려오는 횟수도 더 늘어나겠다. 그지? 그 시간이 주니까"
p1lchVoSETE_000035,p1lchVoSETE,mukb,train,2.2,kmsav_pilot/cropped/p1lchVoSETE/utts/000035.mp4,근데 좀 뽑아가지고 얘기를 해보니까.
p1lchVoSETE_000037,p1lchVoSETE,mukb,train,4.44,kmsav_pilot/cropped/p1lchVoSETE/utts/000037.mp4,서울에서 이제 그 친구는 또 근 근무를 하고 싶어 하더라고요.
p1lchVoSETE_000039,p1lchVoSETE,mukb,train,5.56,kmsav_pilot/cropped/p1lchVoSETE/utts/000039.mp4,PD가. 새벽 4시 반이에요. 지금 나 촬영 끝나고 와서 찍는데
p1lchVoSETE_000040,p1lchVoSETE,mukb,train,3.28,kmsav_pilot/cropped/p1lchVoSETE/utts/000040.mp4,이 거짓말인가 너. 휴대폰 있으면 한번 보 확인 시켜줘
p1lchVoSETE_000042,p1lchVoSETE,mukb,train,2.44,kmsav_pilot/cropped/p1lchVoSETE/utts/000042.mp4,4시 24분 입니다.
p1lchVoSETE_000046,p1lchVoSETE,mukb,train,5.28,kmsav_pilot/cropped/p1lchVoSETE/utts/000046.mp4,미키 광수TV에 이 방향성을 헬스장에서 운동 이상하게 하고
p1lchVoSETE_000048,p1lchVoSETE,mukb,train,2.04,kmsav_pilot/cropped/p1lchVoSETE/utts/000048.mp4,주로 좀 많이 촬영을 하겠죠. 제가
p1lchVoSETE_000060,p1lchVoSETE,mukb,train,3.32,kmsav_pilot/cropped/p1lchVoSETE/utts/000060.mp4,아 저 PD 면접에 재범이도 넣었더라
p1lchVoSETE_000064,p1lchVoSETE,mukb,train,2.16,kmsav_pilot/cropped/p1lchVoSETE/utts/000064.mp4,네가 뭘 할 줄 안다고 PD 면접을 넣어?
p1lchVoSETE_000068,p1lchVoSETE,mukb,train,4.52,kmsav_pilot/cropped/p1lchVoSETE/utts/000068.mp4,"형도 같이 올라와서 찍으면 돼죠, 왜. 아니, 매번 형이랑 찍어야 해요? 제가?"
p1lchVoSETE_000069,p1lchVoSETE,mukb,train,2.72,kmsav_pilot/cropped/p1lchVoSETE/utts/000069.mp4,아니. 얘가 올라가면 내가 거길 어떻게 올라가.
p1lchVoSETE_000072,p1lchVoSETE,mukb,train,3.48,kmsav_pilot/cropped/p1lchVoSETE/utts/000072.mp4,아 가게를 봐야 되구나. 1주일에 몇 번 쉬죠?
p1lchVoSETE_000076,p1lchVoSETE,mukb,train,6.96,kmsav_pilot/cropped/p1lchVoSETE/utts/000076.mp4,주 5일제 요즘은 뭐 주 4일제 이러니까. 4일제로 하면 한 3일 정도 와서 찍으면은 1주일에 컨텐츠 3개 나오지
p1lchVoSETE_000078,p1lchVoSETE,mukb,train,3.12,kmsav_pilot/cropped/p1lchVoSETE/utts/000078.mp4,저는 뭐 좋은 기회고 뭐
p1lchVoSETE_000084,p1lchVoSETE,mukb,train,3.8,kmsav_pilot/cropped/p1lchVoSETE/utts/000084.mp4,그냥 한번 넣어봤는데 저를 저인거를 얘기 안하고 넣었죠.
p1lchVoSETE_000088,p1lchVoSETE,mukb,train,3.04,kmsav_pilot/cropped/p1lchVoSETE/utts/000088.mp4,뭐! 뭐!
p1lchVoSETE_000089,p1lchVoSETE,mukb,train,2.76,kmsav_pilot/cropped/p1lchVoSETE/utts/000089.mp4,너 좀 아까 뭐라 그랬어? 대표?
p1lchVoSETE_000096,p1lchVoSETE,mukb,train,2.96,kmsav_pilot/cropped/p1lchVoSETE/utts/000096.mp4,와 이놈들이 친하게 지내더니 이게
p1lchVoSETE_000097,p1lchVoSETE,mukb,train,4.84,kmsav_pilot/cropped/p1lchVoSETE/utts/000097.mp4,아니 매운 것도 잘먹고 근무하고 남는 시간에 와서 찍는데도 뭐 잘못된거에요?
p1lchVoSETE_000105,p1lchVoSETE,mukb,train,3.28,kmsav_pilot/cropped/p1lchVoSETE/utts/000105.mp4,아니 남는 시간에 와서 촬영하는 것도 잘못됐어요?
p1lchVoSETE_000107,p1lchVoSETE,mukb,train,2.44,kmsav_pilot/cropped/p1lchVoSETE/utts/000107.mp4,스읍 이건 아닌데.
p1lchVoSETE_000110,p1lchVoSETE,mukb,train,7.36,kmsav_pilot/cropped/p1lchVoSETE/utts/000110.mp4,그래서 나한테 대표님 아니 저기 주변에 유명한 사람들 많은데 그 사람들이랑 왜 안 찍고
p1lchVoSETE_000118,p1lchVoSETE,mukb,train,3.8,kmsav_pilot/cropped/p1lchVoSETE/utts/000118.mp4,운동하는 거 안 찍고 여기 단양만 계속 왔으면 좋겠어요. 형은?
p1lchVoSETE_000119,p1lchVoSETE,mukb,train,3.52,kmsav_pilot/cropped/p1lchVoSETE/utts/000119.mp4,아냐! 네가 운동하는거 찍어야지.
p1lchVoSETE_000120,p1lchVoSETE,mukb,train,9.36,kmsav_pilot/cropped/p1lchVoSETE/utts/000120.mp4,재범이도 몸 제대로 또 만들고 이러면 좋잖아요. 거기 가서 유명한 사람들이랑 인맥 쌓고 그러면 형은 내가 해봤잖아요. 형도 그 생각 했는데 형은
p1lchVoSETE_000121,p1lchVoSETE,mukb,train,8.88,kmsav_pilot/cropped/p1lchVoSETE/utts/000121.mp4,살빼라 그러니까. 굶어가지고 완전 얼굴이 이렇게 해가지고 뺐는데 안되잖아. 거기는 운동을 해서 육체 개조를 하고 몸이 좋아지게끔 하는 건데
p1lchVoSETE_000122,p1lchVoSETE,mukb,train,2.76,kmsav_pilot/cropped/p1lchVoSETE/utts/000122.mp4,난 지금 운동을 하려고 준비를 하고 있어.
p1lchVoSETE_000123,p1lchVoSETE,mukb,train,2.48,kmsav_pilot/cropped/p1lchVoSETE/utts/000123.mp4,그럼 가게는 누가 봐요.
p1lchVoSETE_000125,p1lchVoSETE,mukb,train,2.56,kmsav_pilot/cropped/p1lchVoSETE/utts/000125.mp4,니네 언제부터 얘기가 된거야 지금 이게.
p1lchVoSETE_000133,p1lchVoSETE,mukb,train,2.6,kmsav_pilot/cropped/p1lchVoSETE/utts/000133.mp4,아 진짜 아니지?
p1lchVoSETE_000136,p1lchVoSETE,mukb,train,3.08,kmsav_pilot/cropped/p1lchVoSETE/utts/000136.mp4,저 의리 있는 사람입니다. 없는 사람이겠니?
p1lchVoSETE_000138,p1lchVoSETE,mukb,train,9.68,kmsav_pilot/cropped/p1lchVoSETE/utts/000138.mp4,"옛날부터 개미핥기형, 부오형. 막 유튜브 구독자 많은 사람이랑 내가 콜라보하고 이런 거 없었잖아요. 아무리 바빠져도"
p1lchVoSETE_000139,p1lchVoSETE,mukb,train,8.32,kmsav_pilot/cropped/p1lchVoSETE/utts/000139.mp4,단양은 잊지 않죠. 제가 유명한 사람이랑 컨텐츠 찍어도 형이 나와 가지고 옆에서 딱! 게스트로 나와줘야죠.
pXeIM0Z39Po_000019,pXeIM0Z39Po,inte,train,5.36,kmsav_pilot/cropped/pXeIM0Z39Po/utts/000019.mp4,네. 이런 수식어만큼이나 또 훌륭한 성공 스토리도 많이 유명하십니다.
pXeIM0Z39Po_000026,pXeIM0Z39Po,inte,train,8.12,kmsav_pilot/cropped/pXeIM0Z39Po/utts/000026.mp4,어린 시절부터 보면요. 회장님이 1953년 6월 10일 경북 의성에서 8남매 중 막내로 태어나셨어요.
pXeIM0Z39Po_000033,pXeIM0Z39Po,inte,train,2.72,kmsav_pilot/cropped/pXeIM0Z39Po/utts/000033.mp4,점곡면 제 동네 이름이 착골입니다.
pXeIM0Z39Po_000036,pXeIM0Z39Po,inte,train,10.0,kmsav_pilot/cropped/pXeIM0Z39Po/utts/000036.mp4,엄청나게 에 가난했지요. 사실 요즘 가서 그 뒷산에서 앞산까지 이렇게 보면은 한 60미터 정도뿐이 안되는
pXeIM0Z39Po_000037,pXeIM0Z39Po,inte,train,2.32,kmsav_pilot/cropped/pXeIM0Z39Po/utts/000037.mp4,그 계곡에서 태어난 것 같아요. 제가
pXeIM0Z39Po_000040,pXeIM0Z39Po,inte,train,6.04,kmsav_pilot/cropped/pXeIM0Z39Po/utts/000040.mp4,그리고 제 기억으로는 제가 82년도 어 미국 갔는데 그때까지 전기가
pXeIM0Z39Po_000047,pXeIM0Z39Po,inte,train,8.08,kmsav_pilot/cropped/pXeIM0Z39Po/utts/000047.mp4,아 정말 가난했습니다. 그래서 거기다 막내로 태어났으니까는 원하지 않게 태어났고 태어나면서 고생 엄청나게 했고
pXeIM0Z39Po_000049,pXeIM0Z39Po,inte,train,2.28,kmsav_pilot/cropped/pXeIM0Z39Po/utts/000049.mp4,그러면서 막내니까 내 맘대로 자랐고
pXeIM0Z39Po_000052,pXeIM0Z39Po,inte,train,5.52,kmsav_pilot/cropped/pXeIM0Z39Po/utts/000052.mp4,아 그렇게 시골에서 자라셨는데 갑자기 또 미국행을 결심을 하셨어요.
pXeIM0Z39Po_000054,pXeIM0Z39Po,inte,train,2.88,kmsav_pilot/cropped/pXeIM0Z39Po/utts/000054.mp4,사실 그전에는 주택은행에서 근무를 하셨거든요.
pXeIM0Z39Po_000056,pXeIM0Z39Po,inte,train,3.04,kmsav_pilot/cropped/pXeIM0Z39Po/utts/000056.mp4,돌연 미국행을 결심한 이유가 혹시 있으신가요?
pXeIM0Z39Po_000061,pXeIM0Z39Po,inte,train,2.92,kmsav_pilot/cropped/pXeIM0Z39Po/utts/000061.mp4,대학교를 서울에 졸업하고 에
pXeIM0Z39Po_000070,pXeIM0Z39Po,inte,train,2.48,kmsav_pilot/cropped/pXeIM0Z39Po/utts/000070.mp4,제 아 셋째 형님인데
pXeIM0Z39Po_000071,pXeIM0Z39Po,inte,train,2.08,kmsav_pilot/cropped/pXeIM0Z39Po/utts/000071.mp4,나침반 같은 역할을 많이
pXeIM0Z39Po_000074,pXeIM0Z39Po,inte,train,7.08,kmsav_pilot/cropped/pXeIM0Z39Po/utts/000074.mp4,6기에요. 패스하고 그러니까 저한테 이렇게 저렇게 아마 그 역할을 많이 했는데 역시 은행도
pXeIM0Z39Po_000078,pXeIM0Z39Po,inte,train,5.88,kmsav_pilot/cropped/pXeIM0Z39Po/utts/000078.mp4,"젊은 분들 중에 많은 분들이 나 미국 갔으면 이런 생각들, 드는"
pXeIM0Z39Po_000080,pXeIM0Z39Po,inte,train,6.44,kmsav_pilot/cropped/pXeIM0Z39Po/utts/000080.mp4,사실 어렸을 때 좀 가난하게 태어나셨다고 하셨는데 미국 가는 게 지금도 돈이 많이 들거든요.
pXeIM0Z39Po_000082,pXeIM0Z39Po,inte,train,2.28,kmsav_pilot/cropped/pXeIM0Z39Po/utts/000082.mp4,그 당시 자금은 어떻게 구입하셨어요?
pXeIM0Z39Po_000087,pXeIM0Z39Po,inte,train,3.12,kmsav_pilot/cropped/pXeIM0Z39Po/utts/000087.mp4,그 밥 먹을 게 없어질 정도로 가난했고
pXeIM0Z39Po_000089,pXeIM0Z39Po,inte,train,8.4,kmsav_pilot/cropped/pXeIM0Z39Po/utts/000089.mp4,저는 제가 은행을 다니면서 미국 가서 공부해야지 하면서 은행을 다니면서 사실 대학원을 다녔습니다. 그래서
pXeIM0Z39Po_000091,pXeIM0Z39Po,inte,train,7.88,kmsav_pilot/cropped/pXeIM0Z39Po/utts/000091.mp4,음 비행기 삯하고 전부 준비할 수 있었습니다. 그래서 준비 다 해가지고 제가
pXeIM0Z39Po_000092,pXeIM0Z39Po,inte,train,6.88,kmsav_pilot/cropped/pXeIM0Z39Po/utts/000092.mp4,그 미국에 도착했을 때는 그 아파트 얻을 수 있는 돈은 없었어요.
pXeIM0Z39Po_000098,pXeIM0Z39Po,inte,train,6.24,kmsav_pilot/cropped/pXeIM0Z39Po/utts/000098.mp4,그럼 미국에 가셔서 그 셋방을 얻은 게 회장님 인생에서는 첫 부동산 경험이셨을 텐데요. 그쵸?
pXeIM0Z39Po_000104,pXeIM0Z39Po,inte,train,7.28,kmsav_pilot/cropped/pXeIM0Z39Po/utts/000104.mp4,함께 크잖아요. 그죠? 또 옛날에 그당시에는 땅을 팔아야 대학교를 보낼 수가 있었어요.
pXeIM0Z39Po_000106,pXeIM0Z39Po,inte,train,2.56,kmsav_pilot/cropped/pXeIM0Z39Po/utts/000106.mp4,그러니까 아 부동산 하고는 원래가
pXeIM0Z39Po_000115,pXeIM0Z39Po,inte,train,3.04,kmsav_pilot/cropped/pXeIM0Z39Po/utts/000115.mp4,그 한번은 형님이 그런 이야기를 하더라고요.
pXeIM0Z39Po_000117,pXeIM0Z39Po,inte,train,5.92,kmsav_pilot/cropped/pXeIM0Z39Po/utts/000117.mp4,그 야! 내 친구가 판사가 있는데
pXeIM0Z39Po_000118,pXeIM0Z39Po,inte,train,7.8,kmsav_pilot/cropped/pXeIM0Z39Po/utts/000118.mp4,판사를 그만두고 미국을 갔는데 미국에서 청소한다 그러더라. 그런데 그 친구가 하는 말이
pXeIM0Z39Po_000119,pXeIM0Z39Po,inte,train,3.8,kmsav_pilot/cropped/pXeIM0Z39Po/utts/000119.mp4,청소가 판사보다 더 좋다. 이런 이야기를 하더래요. 그래서
pXeIM0Z39Po_000127,pXeIM0Z39Po,inte,train,9.6,kmsav_pilot/cropped/pXeIM0Z39Po/utts/000127.mp4,음 청소보다 더 혹독한 훈련을 받고 가잖아요. 이 생각하기 나름이기 때문에 음 그거를 꼭 청소라고 본다.
pXeIM0Z39Po_000128,pXeIM0Z39Po,inte,train,3.68,kmsav_pilot/cropped/pXeIM0Z39Po/utts/000128.mp4,예를 들면 그 지금의 서울의 화장실 정도 되죠?
pXeIM0Z39Po_000130,pXeIM0Z39Po,inte,train,2.72,kmsav_pilot/cropped/pXeIM0Z39Po/utts/000130.mp4,수세식으로 되어있고 전부 깨끗하니까는
pXeIM0Z39Po_000136,pXeIM0Z39Po,inte,train,8.72,kmsav_pilot/cropped/pXeIM0Z39Po/utts/000136.mp4,아 그 청소라고 이렇게. 어떤 분은 그래요. 청소시켜 놓으면 어 이렇게 청소기를 밀고 와서 야 그게 청소냐? 내가 이렇게 이야기하거든요? 그래서
pXeIM0Z39Po_000137,pXeIM0Z39Po,inte,train,9.08,kmsav_pilot/cropped/pXeIM0Z39Po/utts/000137.mp4,그 하여튼 그 일에 대해서는 상당히 그 불만 불평이 하나도 없이 내가 주어진 데 대해서
pXeIM0Z39Po_000138,pXeIM0Z39Po,inte,train,9.28,kmsav_pilot/cropped/pXeIM0Z39Po/utts/000138.mp4,"항상 그래, 지금도 그래. 항상 최선을 다하고 열심히 했기 때문에 내가 야 청소기 때문에 이런 마음에서 오는"
pXeIM0Z39Po_000139,pXeIM0Z39Po,inte,train,2.92,kmsav_pilot/cropped/pXeIM0Z39Po/utts/000139.mp4,"어 네가티브, 부정적인 건 없었습니다."
pXeIM0Z39Po_000147,pXeIM0Z39Po,inte,train,4.6,kmsav_pilot/cropped/pXeIM0Z39Po/utts/000147.mp4,지 6개월 만에 청소의 달인이라고 그렇게 불리셨다고 들었거든요?
pXeIM0Z39Po_000151,pXeIM0Z39Po,inte,train,2.52,kmsav_pilot/cropped/pXeIM0Z39Po/utts/000151.mp4,머리를 안쓴다 했는데 청소가 머리를 잘 써야
pXeIM0Z39Po_000155,pXeIM0Z39Po,inte,train,2.0,kmsav_pilot/cropped/pXeIM0Z39Po/utts/000155.mp4,그 약품이 수백 가진데
pXeIM0Z39Po_000157,pXeIM0Z39Po,inte,train,2.56,kmsav_pilot/cropped/pXeIM0Z39Po/utts/000157.mp4,예를 들면은 형광등 가는 거
pXeIM0Z39Po_000159,pXeIM0Z39Po,inte,train,7.68,kmsav_pilot/cropped/pXeIM0Z39Po/utts/000159.mp4,"그 바닥에 왁스 하는 것, 페인팅 칠하는 것 그 모든 게 다 포함되어 있는 있거든요? 화장실 청소부터"
pXeIM0Z39Po_000160,pXeIM0Z39Po,inte,train,5.56,kmsav_pilot/cropped/pXeIM0Z39Po/utts/000160.mp4,근데 그 약품을 어떤 걸 쓰냐에 따라서 빨리 끝나고 깨끗하게 끝나고 딱딱 맞아떨어지잖아요.
pXeIM0Z39Po_000174,pXeIM0Z39Po,inte,train,8.88,kmsav_pilot/cropped/pXeIM0Z39Po/utts/000174.mp4,청소 역시 마찬가지입니다. 바깥에서 이 막 블로우잡이라고 그래서 막 이렇게 뭐 그 낙엽 막 쓸고 가는 것 있잖아요?
pXeIM0Z39Po_000189,pXeIM0Z39Po,inte,train,8.64,kmsav_pilot/cropped/pXeIM0Z39Po/utts/000189.mp4,그런 달인이셨는데 갑자기 또 부동산에 관심을. 이전부터 있었다곤 말씀하셨지만 그렇게 전환을 한다는 게 쉽지 않거든요.
pXeIM0Z39Po_000190,pXeIM0Z39Po,inte,train,2.2,kmsav_pilot/cropped/pXeIM0Z39Po/utts/000190.mp4,그 전망이 좀 확연하게 눈에 보이셨습니까?
pXeIM0Z39Po_000191,pXeIM0Z39Po,inte,train,2.28,kmsav_pilot/cropped/pXeIM0Z39Po/utts/000191.mp4,제가 뭐 뭐 그 청소를 하면서요.
pXeIM0Z39Po_000193,pXeIM0Z39Po,inte,train,7.96,kmsav_pilot/cropped/pXeIM0Z39Po/utts/000193.mp4,"아마 그 제가 볼 때 수천 명 중에 원, 투, 쓰리에 속했을 정도로 청소를 잘했습니다. 그리고 다른 것보다 돈을 많이 받았었어요."
pXeIM0Z39Po_000201,pXeIM0Z39Po,inte,train,5.32,kmsav_pilot/cropped/pXeIM0Z39Po/utts/000201.mp4,"항상 잘 될 때 뛰어넘는 그 습관은 물론 있어요, 제가요."
pXeIM0Z39Po_000203,pXeIM0Z39Po,inte,train,8.36,kmsav_pilot/cropped/pXeIM0Z39Po/utts/000203.mp4,그런데 어 청소라는 게 청소잖아요. 한국말로. 그쵸? 어 뭐 하세요? 그럼 네 청소하세요.
pXeIM0Z39Po_000206,pXeIM0Z39Po,inte,train,3.32,kmsav_pilot/cropped/pXeIM0Z39Po/utts/000206.mp4,말을 돌려가지를 이렇게 돌려 잘 못 갑니다.
pXeIM0Z39Po_000208,pXeIM0Z39Po,inte,train,2.84,kmsav_pilot/cropped/pXeIM0Z39Po/utts/000208.mp4,근데 그래서 사람을 안 만나요. 사실은
pXeIM0Z39Po_000213,pXeIM0Z39Po,inte,train,4.04,kmsav_pilot/cropped/pXeIM0Z39Po/utts/000213.mp4,그 제가 자란 경북 의성은 상당히 양반 지역이세요.
pXeIM0Z39Po_000221,pXeIM0Z39Po,inte,train,8.44,kmsav_pilot/cropped/pXeIM0Z39Po/utts/000221.mp4,근데 그 제가 대학교 어 다닐 때 에 학생회장을 했었고
pXeIM0Z39Po_000225,pXeIM0Z39Po,inte,train,9.68,kmsav_pilot/cropped/pXeIM0Z39Po/utts/000225.mp4,제가 창립 멤버세요. 꿈을 가지고 갔다가 청소로 들어가는 거는 어 사실
pXeIM0Z39Po_000228,pXeIM0Z39Po,inte,train,6.0,kmsav_pilot/cropped/pXeIM0Z39Po/utts/000228.mp4,다른 사람 4불 줄 때 저한테 하루 딱 시키더니 8불을 줬어요. 에? 시간당.
pXeIM0Z39Po_000244,pXeIM0Z39Po,inte,train,4.16,kmsav_pilot/cropped/pXeIM0Z39Po/utts/000244.mp4,저 혼자 생각하기론 오 돈은 가문의 영광이구나. 아 제가
pXeIM0Z39Po_000258,pXeIM0Z39Po,inte,train,9.52,kmsav_pilot/cropped/pXeIM0Z39Po/utts/000258.mp4,"물론 영어로 했죠. 그런데 음 사장님, 사장님은 이 회사가 사장님 거라고 생각하죠? 나는 내 거라고 생각"
pXeIM0Z39Po_000259,pXeIM0Z39Po,inte,train,5.88,kmsav_pilot/cropped/pXeIM0Z39Po/utts/000259.mp4,하고 일을 했는데 그랬더니 물론 그분이 나보다 더 잘났어요.
pXeIM0Z39Po_000263,pXeIM0Z39Po,inte,train,5.64,kmsav_pilot/cropped/pXeIM0Z39Po/utts/000263.mp4,이제 제가 그 말의 묘미가 뭐냐면은 참 일 열심히 했었어요.
pXeIM0Z39Po_000267,pXeIM0Z39Po,inte,train,7.4,kmsav_pilot/cropped/pXeIM0Z39Po/utts/000267.mp4,안 나가려면 몰라도 어차피 나갈 거니까는 웃으면서 나가야 되잖아요. 그러면 시킨 사람 편하잖아요.
pXeIM0Z39Po_000268,pXeIM0Z39Po,inte,train,3.84,kmsav_pilot/cropped/pXeIM0Z39Po/utts/000268.mp4,"그런데 그 시키는 게 내가 마지막, 항상 마지막이었었어요."
pXeIM0Z39Po_000277,pXeIM0Z39Po,inte,train,9.32,kmsav_pilot/cropped/pXeIM0Z39Po/utts/000277.mp4,왜 청소를 안 하나. 그런데 제가 그때도 이 얘기를 했어요. 난 니하고 같은 일 안 한다. 영어니까. 난 당신하고 같은 일 안 할 거야.
pXeIM0Z39Po_000282,pXeIM0Z39Po,inte,train,5.2,kmsav_pilot/cropped/pXeIM0Z39Po/utts/000282.mp4,그래서 그 부동산을 제가 7월 23일날 관두고
pXeIM0Z39Po_000284,pXeIM0Z39Po,inte,train,3.0,kmsav_pilot/cropped/pXeIM0Z39Po/utts/000284.mp4,12월 16일날 부동산 라이센스를 받았어요.
pXeIM0Z39Po_000285,pXeIM0Z39Po,inte,train,2.8,kmsav_pilot/cropped/pXeIM0Z39Po/utts/000285.mp4,네 제가 듣기로는 그날이 회사 송별회
pXeIM0Z39Po_000288,pXeIM0Z39Po,inte,train,6.2,kmsav_pilot/cropped/pXeIM0Z39Po/utts/000288.mp4,12월 16일날하고 제가 12월 31일날까지 월급 받고 그다음에 1월 1일부터 월급을 안 받았어요.
pXeIM0Z39Po_000291,pXeIM0Z39Po,inte,train,10.0,kmsav_pilot/cropped/pXeIM0Z39Po/utts/000291.mp4,"그 청소라는 거를 저는 직업에 대해서 어 귀천은 없고 내가 갈 길이 아마 이 길이어서 또 택했고, 또 이 길 역시"
pXeIM0Z39Po_000293,pXeIM0Z39Po,inte,train,6.28,kmsav_pilot/cropped/pXeIM0Z39Po/utts/000293.mp4,"저한테는 정말 너무 좋은 일이고, 지금 부동산 하시는 분들 아마 이 방송 들으시면은"
pXeIM0Z39Po_000295,pXeIM0Z39Po,inte,train,5.32,kmsav_pilot/cropped/pXeIM0Z39Po/utts/000295.mp4,저는 부동산이 하나의 예술이라고 생각하고
pXeIM0Z39Po_000297,pXeIM0Z39Po,inte,train,3.6,kmsav_pilot/cropped/pXeIM0Z39Po/utts/000297.mp4,정말 천직이라고 생각하고 열심히 하고 있습니다.
pXeIM0Z39Po_000307,pXeIM0Z39Po,inte,train,7.08,kmsav_pilot/cropped/pXeIM0Z39Po/utts/000307.mp4,"이전 사장님과의 의리를 지키기 위해서. 또 돈을 벌기 위해서, 가문의 영광을 위해서 부동산을 시작하셨는데"
pXeIM0Z39Po_000308,pXeIM0Z39Po,inte,train,8.76,kmsav_pilot/cropped/pXeIM0Z39Po/utts/000308.mp4,그래도 안정된 청소 길을 버리고 부동산을 시작하셨음에도 불구하고 후회가 되는 부분이 가끔은 있었을 것 같거든요. 너무나 힘들어서
pXeIM0Z39Po_000309,pXeIM0Z39Po,inte,train,2.44,kmsav_pilot/cropped/pXeIM0Z39Po/utts/000309.mp4,"나 좀 후회해, 후회된다 뭐 이런 적 없으세요?"
pXeIM0Z39Po_000315,pXeIM0Z39Po,inte,train,9.36,kmsav_pilot/cropped/pXeIM0Z39Po/utts/000315.mp4,"그래서 미국 갔을 때도 고생 많이 하죠. 그런데 그 고생을 고생이라고 입에, 입 바깥에 내면 그때부터"
pXeIM0Z39Po_000316,pXeIM0Z39Po,inte,train,2.72,kmsav_pilot/cropped/pXeIM0Z39Po/utts/000316.mp4,골프 치다가 이거 잘 안 맞는데 하면 잘 안 맞아요.
pXeIM0Z39Po_000318,pXeIM0Z39Po,inte,train,6.36,kmsav_pilot/cropped/pXeIM0Z39Po/utts/000318.mp4,딱 나도 아유 2개 먹지 치면 되는 걸 아 내가 OB 왜 났지? 이러면 안 되거든요. 그래서
pXeIM0Z39Po_000319,pXeIM0Z39Po,inte,train,3.92,kmsav_pilot/cropped/pXeIM0Z39Po/utts/000319.mp4,청소도 정말 그 잠 안 자고 열심히 했고
pXeIM0Z39Po_000322,pXeIM0Z39Po,inte,train,8.4,kmsav_pilot/cropped/pXeIM0Z39Po/utts/000322.mp4,뭐 이렇게 그 그거를 후회하거나 그런 적은 거의 없습니다. 항상 항상 앞으로 앞으로 나가면서
pXeIM0Z39Po_000323,pXeIM0Z39Po,inte,train,9.24,kmsav_pilot/cropped/pXeIM0Z39Po/utts/000323.mp4,즐겁게 즐겁게 나가고 뒤로 가는 거는 항상 잘 잊어버립니다. 그리고 그리고 잘 안되는 거는 그냥 잊죠. 왜 잊냐 하면은
pXeIM0Z39Po_000330,pXeIM0Z39Po,inte,train,8.32,kmsav_pilot/cropped/pXeIM0Z39Po/utts/000330.mp4,그래서 항상 그 잃은 거에 대한 거나 실수한 거에 대한 거나 잘 후회하지 않고 그냥
pXeIM0Z39Po_000331,pXeIM0Z39Po,inte,train,3.04,kmsav_pilot/cropped/pXeIM0Z39Po/utts/000331.mp4,웃고 그냥 이렇게 마무리짓고 잘 넘어갑니다. 성격이.
pXeIM0Z39Po_000332,pXeIM0Z39Po,inte,train,9.24,kmsav_pilot/cropped/pXeIM0Z39Po/utts/000332.mp4,늘 후회 안 하시고 열심히만 사시니까 마음은 정말 편하시겠어요. 그쵸? 근데 또 청소 일을 하면서 그 번 돈을요.
pXeIM0Z39Po_000333,pXeIM0Z39Po,inte,train,8.48,kmsav_pilot/cropped/pXeIM0Z39Po/utts/000333.mp4,갑자기 또 다 부동산에 몽땅 전부 투자하셨어요. 그건 아무나 하는 일이 아니거든요. 왜 그렇게 하셨어요?
pXeIM0Z39Po_000337,pXeIM0Z39Po,inte,train,6.64,kmsav_pilot/cropped/pXeIM0Z39Po/utts/000337.mp4,"그런데 이게 자, 부동산을 시작을 했어요, 이제. 청소를 관두고"
pXeIM0Z39Po_000341,pXeIM0Z39Po,inte,train,5.56,kmsav_pilot/cropped/pXeIM0Z39Po/utts/000341.mp4,"열심히 살았고, 어 심지어 얼마만큼 열심히 살았냐 하면은"
pXeIM0Z39Po_000347,pXeIM0Z39Po,inte,train,9.28,kmsav_pilot/cropped/pXeIM0Z39Po/utts/000347.mp4,갈 데 없다 하면 1달씩 있다가 보냈고 아 이런 편이세요. 그런데 이제 어차피
pXeIM0Z39Po_000348,pXeIM0Z39Po,inte,train,7.92,kmsav_pilot/cropped/pXeIM0Z39Po/utts/000348.mp4,"와이프 이제 우체국 밤에 다니고 청소 열심히 해 갖고 한 3년, 3년 반에서 한 4년 정도 하면서"
pXeIM0Z39Po_000350,pXeIM0Z39Po,inte,train,2.84,kmsav_pilot/cropped/pXeIM0Z39Po/utts/000350.mp4,4만 불 이상을 모았었어요.
pXeIM0Z39Po_000365,pXeIM0Z39Po,inte,train,7.44,kmsav_pilot/cropped/pXeIM0Z39Po/utts/000365.mp4,제가 이 얘기를 하고 싶어요. 돈을 가지고 있으면은 한번에 다 끝내야지
pXeIM0Z39Po_000367,pXeIM0Z39Po,inte,train,3.4,kmsav_pilot/cropped/pXeIM0Z39Po/utts/000367.mp4,조금씩 조금씩 하면은 성공하지 못해요.
pXeIM0Z39Po_000372,pXeIM0Z39Po,inte,train,5.44,kmsav_pilot/cropped/pXeIM0Z39Po/utts/000372.mp4,"펌핑해 가지고 물 올리는 것, 수돗물, 그거를 1컵에 좀 1컵을 다 붓고 해야 올라오는 거를"
pXeIM0Z39Po_000374,pXeIM0Z39Po,inte,train,6.92,kmsav_pilot/cropped/pXeIM0Z39Po/utts/000374.mp4,아마 이거 물 안 올라오면 어떡하지? 하고 반 컵을 마시고 반 컵 부으면 그거 절대 안 올라오거든요. 사실은요?
pXeIM0Z39Po_000376,pXeIM0Z39Po,inte,train,4.6,kmsav_pilot/cropped/pXeIM0Z39Po/utts/000376.mp4,나는 내 성공에 대해서 확신을 해야 돼요.
pXeIM0Z39Po_000378,pXeIM0Z39Po,inte,train,3.56,kmsav_pilot/cropped/pXeIM0Z39Po/utts/000378.mp4,어? 아니 왜냐하면 실패할 수도 있다고 생각하면 안 돼요.
pXeIM0Z39Po_000380,pXeIM0Z39Po,inte,train,6.92,kmsav_pilot/cropped/pXeIM0Z39Po/utts/000380.mp4,"실패할지, 실패하면 안 되지. 왜냐하면은 5%의 확률만 있으면 나 그 5% 따라가는 사람이세요. 사실은요."
pXeIM0Z39Po_000382,pXeIM0Z39Po,inte,train,9.56,kmsav_pilot/cropped/pXeIM0Z39Po/utts/000382.mp4,"할까 말까 할 때는 그냥 다 해버려요, 그냥. 제가 이때까지 살아오면서 할까 말까 했는데 안 한 거는 거의 없는 것 같아요. 자!"
pXeIM0Z39Po_000383,pXeIM0Z39Po,inte,train,5.24,kmsav_pilot/cropped/pXeIM0Z39Po/utts/000383.mp4,처음에 부동산을 하는데 지금 부동산 제가 수천 명을 길러냈습니다.
pXeIM0Z39Po_000389,pXeIM0Z39Po,inte,train,5.4,kmsav_pilot/cropped/pXeIM0Z39Po/utts/000389.mp4,"자, 후발 주자야. 우리가 후발 주자야. 이미 남은 다 길을 다 닦아놨어."
pXeIM0Z39Po_000390,pXeIM0Z39Po,inte,train,4.44,kmsav_pilot/cropped/pXeIM0Z39Po/utts/000390.mp4,그런데 이미 유명한 사람 다 있어. 거기에 유명해질 수 있는 방법은 돈 쓰는 것뿐이 없어.
pXeIM0Z39Po_000398,pXeIM0Z39Po,inte,train,9.28,kmsav_pilot/cropped/pXeIM0Z39Po/utts/000398.mp4,"쪼끄만 컴퓨터, 그 때는 컴퓨터 없었습니다. 쪼끄만 컴퓨터, 손바닥만한 컴퓨터를 내가 1개 사고, 못 쓰, 제가 했는 말이 못 배워서 못 쓰더래도"
pXeIM0Z39Po_000399,pXeIM0Z39Po,inte,train,2.96,kmsav_pilot/cropped/pXeIM0Z39Po/utts/000399.mp4,나 이거 사가지고 폼은 잡아야지 하는 사람인데
pXeIM0Z39Po_000401,pXeIM0Z39Po,inte,train,3.48,kmsav_pilot/cropped/pXeIM0Z39Po/utts/000401.mp4,"제 손님하고 딱 앉았을 때, 제일 처음에 컴퓨터는 사고 싶은데"
pXeIM0Z39Po_000403,pXeIM0Z39Po,inte,train,3.72,kmsav_pilot/cropped/pXeIM0Z39Po/utts/000403.mp4,쓸 줄을 모르고 하면 컴퓨터 딱 켜놓고 손님은 내 컴퓨터 안 보잖아요. 사실
pXeIM0Z39Po_000412,pXeIM0Z39Po,inte,train,5.72,kmsav_pilot/cropped/pXeIM0Z39Po/utts/000412.mp4,"자 그러면은 그 세커터리, 그 비서를 1개 뽑는다는 거는"
pXeIM0Z39Po_000415,pXeIM0Z39Po,inte,train,9.76,kmsav_pilot/cropped/pXeIM0Z39Po/utts/000415.mp4,그래서 그런 생각으로 그 사실은 비서를 시작했고 그래서 제대로 6개월 만에 그 4만 불을 다 썼어요.
pXeIM0Z39Po_000416,pXeIM0Z39Po,inte,train,3.84,kmsav_pilot/cropped/pXeIM0Z39Po/utts/000416.mp4,그 6개월이 지났을 때 이미 저는 아주 유명인이었어.
pXeIM0Z39Po_000423,pXeIM0Z39Po,inte,train,3.52,kmsav_pilot/cropped/pXeIM0Z39Po/utts/000423.mp4,어떤 분들 내가 광고 안 바꾸면은 광고 왜 안 바꿔요? 이런 분들.
pXeIM0Z39Po_000426,pXeIM0Z39Po,inte,train,6.64,kmsav_pilot/cropped/pXeIM0Z39Po/utts/000426.mp4,그러면서 여러 가지 했습니다. 그 신문사에 칼럼도 제가 한 6년 이상을 썼고요.
pXeIM0Z39Po_000428,pXeIM0Z39Po,inte,train,7.84,kmsav_pilot/cropped/pXeIM0Z39Po/utts/000428.mp4,"그러면서 이 여러, 그 광고라는 게 뭐 신문이면 신문광고 1개가 아니잖아요. 신문광고는 보는 거고, 읽는 거고"
pXeIM0Z39Po_000444,pXeIM0Z39Po,inte,train,6.36,kmsav_pilot/cropped/pXeIM0Z39Po/utts/000444.mp4,그래서 지금도 항상 제가 강의를 한 5백 회 정도 했습니다.
pXeIM0Z39Po_000451,pXeIM0Z39Po,inte,train,5.72,kmsav_pilot/cropped/pXeIM0Z39Po/utts/000451.mp4,4만 불을 쓰고 제가 그 해 제 기억으로 한 38만 불을 번 것 같아요.
pXeIM0Z39Po_000455,pXeIM0Z39Po,inte,train,3.24,kmsav_pilot/cropped/pXeIM0Z39Po/utts/000455.mp4,네 광고에서도 사실 회장님이 브랜드가 되셨어요.
pXeIM0Z39Po_000458,pXeIM0Z39Po,inte,train,4.2,kmsav_pilot/cropped/pXeIM0Z39Po/utts/000458.mp4,"서브프라임 전에 2005년, 2006년도는 이 참 좋았었어요."
pXeIM0Z39Po_000460,pXeIM0Z39Po,inte,train,3.6,kmsav_pilot/cropped/pXeIM0Z39Po/utts/000460.mp4,부동산이 제가 LA서만 한 5천 개를 팔았으니까 그죠?
pXeIM0Z39Po_000463,pXeIM0Z39Po,inte,train,7.08,kmsav_pilot/cropped/pXeIM0Z39Po/utts/000463.mp4,"근데 예를 들면 우리 뉴스타도 알고 있는 샌프란시스코, 시애틀 그다음에 뉴욕, 시카고, 워싱턴 이건 포함 안 시키 안되고"
pXeIM0Z39Po_000466,pXeIM0Z39Po,inte,train,2.36,kmsav_pilot/cropped/pXeIM0Z39Po/utts/000466.mp4,"에스 그룹 컴퍼니라고 또 3개 가지고 있고,"
pXeIM0Z39Po_000468,pXeIM0Z39Po,inte,train,9.88,kmsav_pilot/cropped/pXeIM0Z39Po/utts/000468.mp4,"그다음에 보험회사, 광고기획사, IT 컴퍼니, 그다음에 매니지먼트 컴, 건물 관리해주는 매니지 매니티먼트 컴퍼니 있고"
pXeIM0Z39Po_000469,pXeIM0Z39Po,inte,train,9.36,kmsav_pilot/cropped/pXeIM0Z39Po/utts/000469.mp4,"그리고 이제 제, 제 관할, 제가 이제 어 뉴스타 부동산 달고, 그 외에 달고 있는 분도 많으세요."
pXeIM0Z39Po_000479,pXeIM0Z39Po,inte,train,6.52,kmsav_pilot/cropped/pXeIM0Z39Po/utts/000479.mp4,"뉴스타 그룹 관리하기도 힘드실 텐데, 좋은 일에도 돈 참 많이 쓰신다고 알고 있습니다. 기부 같은 거 어떻게 하세요?"
pXeIM0Z39Po_000482,pXeIM0Z39Po,inte,train,2.32,kmsav_pilot/cropped/pXeIM0Z39Po/utts/000482.mp4,원래가 기부 문화가 많이 발달돼 있고
pXeIM0Z39Po_000489,pXeIM0Z39Po,inte,train,7.32,kmsav_pilot/cropped/pXeIM0Z39Po/utts/000489.mp4,그 예를 들면은 그 타운에 내가 사는 커뮤니티에 항상 도네이션을 많이 하게 되어 있어요.
pXeIM0Z39Po_000493,pXeIM0Z39Po,inte,train,5.52,kmsav_pilot/cropped/pXeIM0Z39Po/utts/000493.mp4,"아 정말 훌륭하십니다. 예전부터 계획하신 것들이세요? 기부를 많이 해야겠다, 뭐 이런 다짐들은"
pXeIM0Z39Po_000496,pXeIM0Z39Po,inte,train,3.56,kmsav_pilot/cropped/pXeIM0Z39Po/utts/000496.mp4,음 제가 우리 그 에이전트한테
pXeIM0Z39Po_000498,pXeIM0Z39Po,inte,train,4.4,kmsav_pilot/cropped/pXeIM0Z39Po/utts/000498.mp4,"1000불 장학금 줄래? 그럼 안 주는, 그 안 줄 수도 있잖아요."
pXeIM0Z39Po_000500,pXeIM0Z39Po,inte,train,3.04,kmsav_pilot/cropped/pXeIM0Z39Po/utts/000500.mp4,그럼 내가 네 애한테 1000불 줄게 그럼 줄래? 이래 갖고
pXeIM0Z39Po_000505,pXeIM0Z39Po,inte,train,5.68,kmsav_pilot/cropped/pXeIM0Z39Po/utts/000505.mp4,"세계에 한인회가 한 700개 정도 한 6, 700개 되는데 제가 거기 의장도 했는데"
pXeIM0Z39Po_000507,pXeIM0Z39Po,inte,train,5.28,kmsav_pilot/cropped/pXeIM0Z39Po/utts/000507.mp4,그 돈을 누가 주는 게 아니고 전부 거의 다 자기 돈으로 해야 됩니다.
pXeIM0Z39Po_000509,pXeIM0Z39Po,inte,train,6.88,kmsav_pilot/cropped/pXeIM0Z39Po/utts/000509.mp4,네 뭐 그 사실 그 동네에서 돈 걷는다 그래도 누가 돈 잘 주는 건 아니니까
pXeIM0Z39Po_000513,pXeIM0Z39Po,inte,train,7.24,kmsav_pilot/cropped/pXeIM0Z39Po/utts/000513.mp4,그러다 보니까 돈이 많이 나오고 돈이 많이 나오기 때문에 결국은 장사가 잘 됐던 거죠.
pXeIM0Z39Po_000521,pXeIM0Z39Po,inte,train,7.44,kmsav_pilot/cropped/pXeIM0Z39Po/utts/000521.mp4,아마도 이 프로그램을 보는 분들이 회장님처럼 성공도 하고 싶고 기부도 하고 싶고 많은 생각을 하실 것 같아요.
pXeIM0Z39Po_000523,pXeIM0Z39Po,inte,train,2.6,kmsav_pilot/cropped/pXeIM0Z39Po/utts/000523.mp4,회장님만의 성공 철학이 있으신가요?
pXeIM0Z39Po_000524,pXeIM0Z39Po,inte,train,6.44,kmsav_pilot/cropped/pXeIM0Z39Po/utts/000524.mp4,성공은요. 제가 그 아까도 이 개중에 이렇게 얘기했는데 성공이 그렇습니다. 제가 볼 때는
pXeIM0Z39Po_000525,pXeIM0Z39Po,inte,train,4.96,kmsav_pilot/cropped/pXeIM0Z39Po/utts/000525.mp4,제가 이제 일반적으로 성공을 어떻게 하냐 하면 감동을 주는 경영이라고 표현을 합니다.
pXeIM0Z39Po_000527,pXeIM0Z39Po,inte,train,4.8,kmsav_pilot/cropped/pXeIM0Z39Po/utts/000527.mp4,"예를 들면은 직원은, 사장 같으면 직원들한테도 감동 줘야 되고"
pXeIM0Z39Po_000529,pXeIM0Z39Po,inte,train,9.96,kmsav_pilot/cropped/pXeIM0Z39Po/utts/000529.mp4,"사실 업무, 직원들은 업무에 대한 감동을 줘야 되고. 그 감동를 주기 위해서는 결국은 진짜 일에 미치고 일 열심히 하고 어"
pXeIM0Z39Po_000530,pXeIM0Z39Po,inte,train,3.44,kmsav_pilot/cropped/pXeIM0Z39Po/utts/000530.mp4,"남들이 봤을 때 야, 정말 일 잘한다 이래야 감동이잖아요. 그쵸?"
pXeIM0Z39Po_000537,pXeIM0Z39Po,inte,train,7.44,kmsav_pilot/cropped/pXeIM0Z39Po/utts/000537.mp4,아마 제 옷 복장이 20년 전이나 30년 전이나 40년 전이나 지금이나 아마 거의 똑같을 거예요.
pXeIM0Z39Po_000546,pXeIM0Z39Po,inte,train,2.48,kmsav_pilot/cropped/pXeIM0Z39Po/utts/000546.mp4,퓨리피케이션 깨끗한 거. 돈 만지잖아요 우리가.
pXeIM0Z39Po_000548,pXeIM0Z39Po,inte,train,8.8,kmsav_pilot/cropped/pXeIM0Z39Po/utts/000548.mp4,"그리고 또 이거는 컨저버티브 약간 봉건적이고 해서 부동산 하시는 분들은 이 복장이 젤 좋겠다, 정치하시는 분들은"
pXeIM0Z39Po_000549,pXeIM0Z39Po,inte,train,9.92,kmsav_pilot/cropped/pXeIM0Z39Po/utts/000549.mp4,이 복장이 제일 좋겠다 제가 그 얘기를 1번 한 적이 있었어요. 예 그래서 복장하고 그러고 공부하고 그래서 일반적으로 아마 거기에는
pXeIM0Z39Po_000550,pXeIM0Z39Po,inte,train,2.84,kmsav_pilot/cropped/pXeIM0Z39Po/utts/000550.mp4,거의 다 포함이 되리라고 생각을 합니다.
pXeIM0Z39Po_000551,pXeIM0Z39Po,inte,train,4.04,kmsav_pilot/cropped/pXeIM0Z39Po/utts/000551.mp4,여담이지만 빨간색의 정열은 혹시 해병대와 관련이 있나요?
pXeIM0Z39Po_000558,pXeIM0Z39Po,inte,train,4.68,kmsav_pilot/cropped/pXeIM0Z39Po/utts/000558.mp4,그 호텔방으로 안 간대요. 그러니까는 빨간색은 막 움직이는 색깔이잖아요.
pXeIM0Z39Po_000562,pXeIM0Z39Po,inte,train,7.52,kmsav_pilot/cropped/pXeIM0Z39Po/utts/000562.mp4,"본, 뭐 예를 들면 해병대. 그거 전부 성공한 기업들이에요. 사실은. 그래서 그리고 빨간 색깔을 체질적으로 이렇게 좋아하는 것 같아요."
pXeIM0Z39Po_000563,pXeIM0Z39Po,inte,train,8.36,kmsav_pilot/cropped/pXeIM0Z39Po/utts/000563.mp4,아 사실 제가 회장님 조사를 좀 하다가 인터넷에서 이런 걸 발견했어요. 작년에 삶에 지치신 분들에게
pXeIM0Z39Po_000564,pXeIM0Z39Po,inte,train,8.28,kmsav_pilot/cropped/pXeIM0Z39Po/utts/000564.mp4,인격과 의지는 고난 속에서 자라는 것. 진주는 조개의 상처에서 자라난다는 것을 잊어서는 안된다라고 말씀하셨는데 맞죠?
pXeIM0Z39Po_000571,pXeIM0Z39Po,inte,train,4.04,kmsav_pilot/cropped/pXeIM0Z39Po/utts/000571.mp4,"잘난 사람, 못난 사람, 제가 사실 암이 걸렸었어요."
pXeIM0Z39Po_000574,pXeIM0Z39Po,inte,train,7.08,kmsav_pilot/cropped/pXeIM0Z39Po/utts/000574.mp4,암 수술을 작년에 했는데 아 죽으려고 이렇게 생각해 보니까는 정리할 게 하나도 없더라고요.
pXeIM0Z39Po_000575,pXeIM0Z39Po,inte,train,8.4,kmsav_pilot/cropped/pXeIM0Z39Po/utts/000575.mp4,"잘난 것도 하나도 없고 그러면은 결국은 주어진 자기의, 지금 고통에 계신 분들 정말 그렇잖아요."
pXeIM0Z39Po_000576,pXeIM0Z39Po,inte,train,8.48,kmsav_pilot/cropped/pXeIM0Z39Po/utts/000576.mp4,조금 힘들더라도 생각 잘하시고 그냥 열심히 살고 정말 그렇잖아요. 호랑이가 토끼를 잡더라도 전심전력을 다하잖아요.
pXeIM0Z39Po_000578,pXeIM0Z39Po,inte,train,9.56,kmsav_pilot/cropped/pXeIM0Z39Po/utts/000578.mp4,"미국은 어 사실 좋은 나라입니다. 미국은 상당히 좋은 나라고 저는 사실 대 대한민국 국민들, 거의 다 데려가고 싶은 생각도 많이 들어요. 미국에서"
pXeIM0Z39Po_000579,pXeIM0Z39Po,inte,train,7.32,kmsav_pilot/cropped/pXeIM0Z39Po/utts/000579.mp4,"동부에서 서부까지 오면은 제가 그 3200mile이나, 한 5000km 될 거예요."
pXeIM0Z39Po_000581,pXeIM0Z39Po,inte,train,4.84,kmsav_pilot/cropped/pXeIM0Z39Po/utts/000581.mp4,"그런데 오면은 발전이 3%도 안 된 나라세요. 제, 제가 느끼는 게"
pXeIM0Z39Po_000583,pXeIM0Z39Po,inte,train,9.88,kmsav_pilot/cropped/pXeIM0Z39Po/utts/000583.mp4,"그리고 미국 참 괜찮은 나라고 미국이 세계를 이렇게 리드하는 국가이고, 그러면서 FTA도 되어 있고, 또 우리나라 유학생이 10만 명 이상이 가 있고,"
pXeIM0Z39Po_000585,pXeIM0Z39Po,inte,train,7.32,kmsav_pilot/cropped/pXeIM0Z39Po/utts/000585.mp4,"미국의 대통령을 한국인이, 아니 그 흑인도 하는데 한국 사람 못할 수는 없잖아요. 그죠?"
pXeIM0Z39Po_000588,pXeIM0Z39Po,inte,train,6.96,kmsav_pilot/cropped/pXeIM0Z39Po/utts/000588.mp4,"미국을 리드하고 사실 작년에 한국인들이 이쪽으로 미국, 한국으로 송금한 액수가 57억 불이 되요."
pXeIM0Z39Po_000598,pXeIM0Z39Po,inte,train,3.76,kmsav_pilot/cropped/pXeIM0Z39Po/utts/000598.mp4,사실 해야 될까 말아야 될까 하면 회장님은 하시잖아요.
pXeIM0Z39Po_000603,pXeIM0Z39Po,inte,train,3.52,kmsav_pilot/cropped/pXeIM0Z39Po/utts/000603.mp4,음 우선 그 뉴스타 부동산을 가지고 있잖아요.
pXeIM0Z39Po_000605,pXeIM0Z39Po,inte,train,9.2,kmsav_pilot/cropped/pXeIM0Z39Po/utts/000605.mp4,"사실 어 우리 저하고 같이 일하는 분들, 정말 잘 먹고 잘 살게 하고 싶어요. 부자 만들게 하고 싶고"
pXeIM0Z39Po_000611,pXeIM0Z39Po,inte,train,5.92,kmsav_pilot/cropped/pXeIM0Z39Po/utts/000611.mp4,대한민국 정부에서나 아니면 관계자들께서 해외동포에 대해서
pXeIM0Z39Po_000612,pXeIM0Z39Po,inte,train,5.16,kmsav_pilot/cropped/pXeIM0Z39Po/utts/000612.mp4,"조금만 더 관심을 가지시면 그 사람, 그분들이 대한민국의 자산이고 미래거든요."
pXeIM0Z39Po_000614,pXeIM0Z39Po,inte,train,9.16,kmsav_pilot/cropped/pXeIM0Z39Po/utts/000614.mp4,사실 개인 개인이 어떻게 외교관을 보낼 수가 있습니까? 그래서 제가 볼 때는 한국 정부에서 참정권을 주면 확실하게 주고. 제가 아까도 그랬잖아 확실하게
pXeIM0Z39Po_000616,pXeIM0Z39Po,inte,train,5.4,kmsav_pilot/cropped/pXeIM0Z39Po/utts/000616.mp4,그리고 그 예를 들면 복수 국적을 만들면은 지금 65세까지 만들었는데
pXeIM0Z39Po_000618,pXeIM0Z39Po,inte,train,6.84,kmsav_pilot/cropped/pXeIM0Z39Po/utts/000618.mp4,"지금 국회에서 55세까지 60세까지 이렇게 논한다는데 그러지 말고, 병역법이 딱 해결되는 게 38세입니다."
pXeIM0Z39Po_000628,pXeIM0Z39Po,inte,train,6.88,kmsav_pilot/cropped/pXeIM0Z39Po/utts/000628.mp4,회장님의 삶을 다 담기에는 너무 짧은 시간이었는데 제가 느낀 바로는 회장님께서는 본인만의 성공이 아닌
pXeIM0Z39Po_000629,pXeIM0Z39Po,inte,train,4.84,kmsav_pilot/cropped/pXeIM0Z39Po/utts/000629.mp4,함께 사는 사회를 좀 연구하고 고민하는 분이 아닌가 그런 생각을 좀 했습니다.
qDBBFRFB3-0_000006,qDBBFRFB3-0,mukb,train,4.56,kmsav_pilot/cropped/qDBBFRFB3-0/utts/000006.mp4,"음! 그래요. 재배달이니까 4천 원 받아야지, 당연히. 그죠?"
qDBBFRFB3-0_000007,qDBBFRFB3-0,mukb,train,2.24,kmsav_pilot/cropped/qDBBFRFB3-0/utts/000007.mp4,그쵸. 아저씨가 화가 나셨네.
qDBBFRFB3-0_000012,qDBBFRFB3-0,mukb,train,3.32,kmsav_pilot/cropped/qDBBFRFB3-0/utts/000012.mp4,야무지게 먹어보겠습니다.
qDBBFRFB3-0_000018,qDBBFRFB3-0,mukb,train,6.92,kmsav_pilot/cropped/qDBBFRFB3-0/utts/000018.mp4,음! 짜장면이 내 거죠. 그 짜장면 보니까 또 짬뽕 먹고 싶고. 짬뽕 보면 또 짜장면 먹고 싶고. 사람이 희한해요.
qDBBFRFB3-0_000043,qDBBFRFB3-0,mukb,train,2.44,kmsav_pilot/cropped/qDBBFRFB3-0/utts/000043.mp4,"음, 아 이 채팅글 지워달라고, 알겠어요."
qDBBFRFB3-0_000051,qDBBFRFB3-0,mukb,train,3.72,kmsav_pilot/cropped/qDBBFRFB3-0/utts/000051.mp4,다솔이가 보내준 건 뭔들 다 맛있죠.
qDBBFRFB3-0_000086,qDBBFRFB3-0,mukb,train,2.72,kmsav_pilot/cropped/qDBBFRFB3-0/utts/000086.mp4,아니요. 쿠쿠는 같이 놀았어요.
qDBBFRFB3-0_000088,qDBBFRFB3-0,mukb,train,5.36,kmsav_pilot/cropped/qDBBFRFB3-0/utts/000088.mp4,"흠. 아니요. 이 이미 알고 있었는데, 뭐. 부모님 뭐 결혼기념일인데, 어떡하겠어."
qDBBFRFB3-0_000093,qDBBFRFB3-0,mukb,train,2.12,kmsav_pilot/cropped/qDBBFRFB3-0/utts/000093.mp4,음 일리아카는 포기했고요.
qDBBFRFB3-0_000095,qDBBFRFB3-0,mukb,train,3.72,kmsav_pilot/cropped/qDBBFRFB3-0/utts/000095.mp4,"화요일에 집에 가서 어차피 아침에 갈 거니까, 피시방 가려고 하고 있죠."
qDBBFRFB3-0_000098,qDBBFRFB3-0,mukb,train,2.16,kmsav_pilot/cropped/qDBBFRFB3-0/utts/000098.mp4,뭐라도 해야죠. 깨야 살죠.
qDBBFRFB3-0_000100,qDBBFRFB3-0,mukb,train,2.16,kmsav_pilot/cropped/qDBBFRFB3-0/utts/000100.mp4,사가는 이번 주에 깨놓고
qDBBFRFB3-0_000113,qDBBFRFB3-0,mukb,train,2.32,kmsav_pilot/cropped/qDBBFRFB3-0/utts/000113.mp4,"원래 이런 건 보통 시켜야 맛있는데, 그죠?"
qDBBFRFB3-0_000117,qDBBFRFB3-0,mukb,train,2.04,kmsav_pilot/cropped/qDBBFRFB3-0/utts/000117.mp4,그거 배가 작아서 다 못 먹어.
qDBBFRFB3-0_000120,qDBBFRFB3-0,mukb,train,2.64,kmsav_pilot/cropped/qDBBFRFB3-0/utts/000120.mp4,안 싱거워요. 맛있어요.
qDBBFRFB3-0_000129,qDBBFRFB3-0,mukb,train,2.24,kmsav_pilot/cropped/qDBBFRFB3-0/utts/000129.mp4,"안 시켜 먹어봤어요? 오, 너무 맛있는데."
qDBBFRFB3-0_000134,qDBBFRFB3-0,mukb,train,2.76,kmsav_pilot/cropped/qDBBFRFB3-0/utts/000134.mp4,아니 태국 갈 때 못 갔잖아요. 아침 그거라서.
qDBBFRFB3-0_000136,qDBBFRFB3-0,mukb,train,2.72,kmsav_pilot/cropped/qDBBFRFB3-0/utts/000136.mp4,네. 바로 내려왔어요. 부산으로 그때.
qDBBFRFB3-0_000140,qDBBFRFB3-0,mukb,train,5.2,kmsav_pilot/cropped/qDBBFRFB3-0/utts/000140.mp4,오후에 출발했거든요. 2시쯤. 여기서 7시 반 비행기라서.
qDBBFRFB3-0_000144,qDBBFRFB3-0,mukb,train,2.6,kmsav_pilot/cropped/qDBBFRFB3-0/utts/000144.mp4,부산에서 가는 거 있을 있지 않아요? 이제?
qDBBFRFB3-0_000145,qDBBFRFB3-0,mukb,train,8.32,kmsav_pilot/cropped/qDBBFRFB3-0/utts/000145.mp4,"음. 아직 그 대한항공이나 이런 건 안 들어온 것 같은데, 타이항공하고 음"
qDBBFRFB3-0_000146,qDBBFRFB3-0,mukb,train,5.24,kmsav_pilot/cropped/qDBBFRFB3-0/utts/000146.mp4,진에어 뭐 제주항공 이런 데만 있더라고요.
qDBBFRFB3-0_000149,qDBBFRFB3-0,mukb,train,2.72,kmsav_pilot/cropped/qDBBFRFB3-0/utts/000149.mp4,부산에서 태국 가는 거 없어요? 아직?
qDBBFRFB3-0_000153,qDBBFRFB3-0,mukb,train,3.6,kmsav_pilot/cropped/qDBBFRFB3-0/utts/000153.mp4,그때 이제 처음으로 그거 타볼라고. 비즈니스.
qDBBFRFB3-0_000168,qDBBFRFB3-0,mukb,train,2.0,kmsav_pilot/cropped/qDBBFRFB3-0/utts/000168.mp4,짜장면은 단무지 맛으로 먹는 거 아니야?
qDBBFRFB3-0_000171,qDBBFRFB3-0,mukb,train,2.28,kmsav_pilot/cropped/qDBBFRFB3-0/utts/000171.mp4,음 오늘 단무지는 크게 안 먹네.
qDBBFRFB3-0_000174,qDBBFRFB3-0,mukb,train,3.72,kmsav_pilot/cropped/qDBBFRFB3-0/utts/000174.mp4,어 짬뽕 국물에 탕수육 넣어 먹는 거 알죠. 아직 면이 있잖아요.
qDBBFRFB3-0_000176,qDBBFRFB3-0,mukb,train,3.04,kmsav_pilot/cropped/qDBBFRFB3-0/utts/000176.mp4,"그거 알죠. 볶음밥도 말아 먹으면 맛있는 거, 짬뽕 국물에."
qDBBFRFB3-0_000191,qDBBFRFB3-0,mukb,train,3.64,kmsav_pilot/cropped/qDBBFRFB3-0/utts/000191.mp4,면치기 안 돼. 이거 흰 옷이라서 튈까 봐 못하는 거예요.
qDBBFRFB3-0_000201,qDBBFRFB3-0,mukb,train,2.8,kmsav_pilot/cropped/qDBBFRFB3-0/utts/000201.mp4,이거 정도는 먹방이 아니 그냥 밥 먹는 거예요.
qDBBFRFB3-0_000213,qDBBFRFB3-0,mukb,train,2.28,kmsav_pilot/cropped/qDBBFRFB3-0/utts/000213.mp4,2주씩 돌아 아니 1주일씩 돌아가면서 해요.
qDBBFRFB3-0_000226,qDBBFRFB3-0,mukb,train,3.72,kmsav_pilot/cropped/qDBBFRFB3-0/utts/000226.mp4,누나 거기에 밥 말아야지. 안 돼.
qDBBFRFB3-0_000248,qDBBFRFB3-0,mukb,train,2.92,kmsav_pilot/cropped/qDBBFRFB3-0/utts/000248.mp4,"할리퀸인데야 짜장면 곱빼기 처먹어버렸어, 씨바."
qDBBFRFB3-0_000258,qDBBFRFB3-0,mukb,train,3.0,kmsav_pilot/cropped/qDBBFRFB3-0/utts/000258.mp4,"내, 진짜 탄수화물을 요만큼 먹었어요."
qDBBFRFB3-0_000262,qDBBFRFB3-0,mukb,train,2.36,kmsav_pilot/cropped/qDBBFRFB3-0/utts/000262.mp4,나도 탄수화물을 원래 안 먹었었어요 여러분.
qDBBFRFB3-0_000264,qDBBFRFB3-0,mukb,train,2.44,kmsav_pilot/cropped/qDBBFRFB3-0/utts/000264.mp4,"입에 한번 대면 이제 멈출 수 없지, 탄수화물."
qDBBFRFB3-0_000266,qDBBFRFB3-0,mukb,train,8.24,kmsav_pilot/cropped/qDBBFRFB3-0/utts/000266.mp4,나는 나무늘보가. 짜장면 곱빼기를 쳐 먹진 않겠지. 아우 그래도 곱빼기 다 쳐먹어버렸어. 아우 지겨워.
qDBBFRFB3-0_000268,qDBBFRFB3-0,mukb,train,2.48,kmsav_pilot/cropped/qDBBFRFB3-0/utts/000268.mp4,"어머, 얘기하지 마. 나도 이따 봐야 돼 슈룹."
qDBBFRFB3-0_000269,qDBBFRFB3-0,mukb,train,2.64,kmsav_pilot/cropped/qDBBFRFB3-0/utts/000269.mp4,나는 아무것도 안 먹은 척 그렇게 있어야겠어요.
qDBBFRFB3-0_000270,qDBBFRFB3-0,mukb,train,5.04,kmsav_pilot/cropped/qDBBFRFB3-0/utts/000270.mp4,아 오늘 먹방은 공주 먹방이에요. 여러분.
qDBBFRFB3-0_000273,qDBBFRFB3-0,mukb,train,3.84,kmsav_pilot/cropped/qDBBFRFB3-0/utts/000273.mp4,저는 입맛이 없어서 못 먹겠고요. 네 n.
qDBBFRFB3-0_000274,qDBBFRFB3-0,mukb,train,2.44,kmsav_pilot/cropped/qDBBFRFB3-0/utts/000274.mp4,맛있네요. 혼자 먹으니까.
qDBBFRFB3-0_000283,qDBBFRFB3-0,mukb,train,2.8,kmsav_pilot/cropped/qDBBFRFB3-0/utts/000283.mp4,이거 우피 골드버그 립스틱이라고.
qDBBFRFB3-0_000300,qDBBFRFB3-0,mukb,train,7.0,kmsav_pilot/cropped/qDBBFRFB3-0/utts/000300.mp4,"입맛이 없어요, 요즘에. 언니, 이거 너무 안 처먹어갖고 혈색 없는 거 보이죠. 아"
qDBBFRFB3-0_000305,qDBBFRFB3-0,mukb,train,5.12,kmsav_pilot/cropped/qDBBFRFB3-0/utts/000305.mp4,반말 찍찍하지 말라잖아. 라임이가. 으응.
qDBBFRFB3-0_000307,qDBBFRFB3-0,mukb,train,4.56,kmsav_pilot/cropped/qDBBFRFB3-0/utts/000307.mp4,"그거 슈룹, 언제 나오냐면요. 넷플릭스에 11시 반쯤에 나와요."
qDBBFRFB3-0_000310,qDBBFRFB3-0,mukb,train,4.08,kmsav_pilot/cropped/qDBBFRFB3-0/utts/000310.mp4,화장 지우면서 보고 못 보면 누워서 핸드폰으로 보고.
qDBBFRFB3-0_000314,qDBBFRFB3-0,mukb,train,5.24,kmsav_pilot/cropped/qDBBFRFB3-0/utts/000314.mp4,"아저씨가 4천 원 받을 정도로 신속, 정확하게 배달이 왔는데. 뭘 불어, 어허 하나도 안 불었던데."
qDBBFRFB3-0_000319,qDBBFRFB3-0,mukb,train,2.04,kmsav_pilot/cropped/qDBBFRFB3-0/utts/000319.mp4,오징어 게임은 유명하잖아요.
qDBBFRFB3-0_000321,qDBBFRFB3-0,mukb,train,2.16,kmsav_pilot/cropped/qDBBFRFB3-0/utts/000321.mp4,그 넷플릭스랑 전속 계약했잖아.
qDBBFRFB3-0_000330,qDBBFRFB3-0,mukb,train,5.64,kmsav_pilot/cropped/qDBBFRFB3-0/utts/000330.mp4,"아, 넷플릭스가 먹는다고? 오징어 게임 그거를. 그러면"
qDBBFRFB3-0_000338,qDBBFRFB3-0,mukb,train,3.8,kmsav_pilot/cropped/qDBBFRFB3-0/utts/000338.mp4,그 초호화 캐스팅 됐으면 좋겠다.
qDBBFRFB3-0_000339,qDBBFRFB3-0,mukb,train,4.76,kmsav_pilot/cropped/qDBBFRFB3-0/utts/000339.mp4,"언니, 한번 오디션 보러 가세요. 저기. 하흐"
qDBBFRFB3-0_000340,qDBBFRFB3-0,mukb,train,3.56,kmsav_pilot/cropped/qDBBFRFB3-0/utts/000340.mp4,트랜스젠더 역할. 예.
qDBBFRFB3-0_000341,qDBBFRFB3-0,mukb,train,4.28,kmsav_pilot/cropped/qDBBFRFB3-0/utts/000341.mp4,저기 글로벌한 시대에 글 트랜스젠더가 올 수도 있죠.
qDBBFRFB3-0_000343,qDBBFRFB3-0,mukb,train,2.56,kmsav_pilot/cropped/qDBBFRFB3-0/utts/000343.mp4,나는 그런 역할 어울릴 것 같아요. 감독님.
qDBBFRFB3-0_000347,qDBBFRFB3-0,mukb,train,4.52,kmsav_pilot/cropped/qDBBFRFB3-0/utts/000347.mp4,떨어진 여인인데. 과거를 회상하면서 다시
qDBBFRFB3-0_000348,qDBBFRFB3-0,mukb,train,7.76,kmsav_pilot/cropped/qDBBFRFB3-0/utts/000348.mp4,그 일 1등에 456억 원 그거를 꿈을 꾸고 다시 도전하는 거예요. 응.
qDBBFRFB3-0_000350,qDBBFRFB3-0,mukb,train,3.52,kmsav_pilot/cropped/qDBBFRFB3-0/utts/000350.mp4,"5위 안에 들어와야죠, 그래도 1등은 못 하고."
qDBBFRFB3-0_000351,qDBBFRFB3-0,mukb,train,2.24,kmsav_pilot/cropped/qDBBFRFB3-0/utts/000351.mp4,1등은 대배우님들이 하셔야죠.
qDBBFRFB3-0_000353,qDBBFRFB3-0,mukb,train,4.96,kmsav_pilot/cropped/qDBBFRFB3-0/utts/000353.mp4,저희는 거기 출연해서 채널 홍보만 할 수 있게 해 주세요. 허허
qDBBFRFB3-0_000355,qDBBFRFB3-0,mukb,train,2.4,kmsav_pilot/cropped/qDBBFRFB3-0/utts/000355.mp4,연기 쪽에 관심이 많으신가 보다고. 흐
qDBBFRFB3-0_000360,qDBBFRFB3-0,mukb,train,2.76,kmsav_pilot/cropped/qDBBFRFB3-0/utts/000360.mp4,"근데 그때 당시에 너 찍을 때,"
qDBBFRFB3-0_000384,qDBBFRFB3-0,mukb,train,3.4,kmsav_pilot/cropped/qDBBFRFB3-0/utts/000384.mp4,밖에서 이제 또 과일도 주워 먹고 그래야 되는데.
qDBBFRFB3-0_000386,qDBBFRFB3-0,mukb,train,6.08,kmsav_pilot/cropped/qDBBFRFB3-0/utts/000386.mp4,흠. 이번에 슈룹은 이제 뭐 입수하거나 그런 장면은 없는 거죠?
qDBBFRFB3-0_000394,qDBBFRFB3-0,mukb,train,2.2,kmsav_pilot/cropped/qDBBFRFB3-0/utts/000394.mp4,진짜 추웠어요.
qDBBFRFB3-0_000396,qDBBFRFB3-0,mukb,train,4.16,kmsav_pilot/cropped/qDBBFRFB3-0/utts/000396.mp4,"3월 말인가? 4월 초인가? 그 칼바람이었어, 뭔가."
qDBBFRFB3-0_000398,qDBBFRFB3-0,mukb,train,7.04,kmsav_pilot/cropped/qDBBFRFB3-0/utts/000398.mp4,여러분의 즐거움을 위해서라면 뭐 그땐 뭐 이 한 몸 뭐 하나 뭐 바칠 수 있었죠.
qDBBFRFB3-0_000406,qDBBFRFB3-0,mukb,train,5.88,kmsav_pilot/cropped/qDBBFRFB3-0/utts/000406.mp4,"타키 님이 그거 하면, 물귀신 역할 하면 되겠다. 물속에서."
qDBBFRFB3-0_000407,qDBBFRFB3-0,mukb,train,4.52,kmsav_pilot/cropped/qDBBFRFB3-0/utts/000407.mp4,"어머, 얘는 총 들고 있는 것 같아 이봐."
qDBBFRFB3-0_000408,qDBBFRFB3-0,mukb,train,3.12,kmsav_pilot/cropped/qDBBFRFB3-0/utts/000408.mp4,"탕수육인데, 총 들고 있는 모양이야. 다 먹어버리겠어. 씨발년들."
qDBBFRFB3-0_000421,qDBBFRFB3-0,mukb,train,5.16,kmsav_pilot/cropped/qDBBFRFB3-0/utts/000421.mp4,우영우에 나왔던 망치 고 돌고래 고래 대가리 크고 그쵸? 망치 고래.
qDBBFRFB3-0_000428,qDBBFRFB3-0,mukb,train,2.16,kmsav_pilot/cropped/qDBBFRFB3-0/utts/000428.mp4,"돌고래 같아. 진짜 돌고래 같아. 이봐, 봐봐."
qDBBFRFB3-0_000431,qDBBFRFB3-0,mukb,train,3.32,kmsav_pilot/cropped/qDBBFRFB3-0/utts/000431.mp4,"그 돌고래 같다니까. 봐봐, 이봐. 어머머머."
qDBBFRFB3-0_000436,qDBBFRFB3-0,mukb,train,2.84,kmsav_pilot/cropped/qDBBFRFB3-0/utts/000436.mp4,돌고래 모르시는 듯. 으하하
qDBBFRFB3-0_000443,qDBBFRFB3-0,mukb,train,2.24,kmsav_pilot/cropped/qDBBFRFB3-0/utts/000443.mp4,"흠, 오며 가며 하나씩 주워 먹잖아."
qDBBFRFB3-0_000447,qDBBFRFB3-0,mukb,train,2.52,kmsav_pilot/cropped/qDBBFRFB3-0/utts/000447.mp4,요 밑에 튀김집 있잖아요. 오
qDBBFRFB3-0_000450,qDBBFRFB3-0,mukb,train,7.32,kmsav_pilot/cropped/qDBBFRFB3-0/utts/000450.mp4,"거기 튀김옷이, 사 가잖아. 다음 날 때도 바삭바삭해. 그거 왜 그런 거야?"
qDBBFRFB3-0_000451,qDBBFRFB3-0,mukb,train,9.76,kmsav_pilot/cropped/qDBBFRFB3-0/utts/000451.mp4,"내가 여러분, 음 쉴 때. 내 차 폭발할 때 쥐포 튀김을 샀어요. 7개를. 그래서 쉬면서 먹었거든. 1개씩, 1개씩 근데"
qDBBFRFB3-0_000454,qDBBFRFB3-0,mukb,train,2.08,kmsav_pilot/cropped/qDBBFRFB3-0/utts/000454.mp4,나는 이 밑에서 솔직히 튀김을 안 먹어봤어.
qDBBFRFB3-0_000460,qDBBFRFB3-0,mukb,train,5.4,kmsav_pilot/cropped/qDBBFRFB3-0/utts/000460.mp4,"아우, 너무 많이 처먹었나 봐요. 탕 내가 요즘에 여러분 많이 못 먹어요. 그래서"
qDBBFRFB3-0_000461,qDBBFRFB3-0,mukb,train,2.44,kmsav_pilot/cropped/qDBBFRFB3-0/utts/000461.mp4,"탕수육, 진짜 몇 점만 먹었는데."
qDBBFRFB3-0_000465,qDBBFRFB3-0,mukb,train,6.28,kmsav_pilot/cropped/qDBBFRFB3-0/utts/000465.mp4,아니 요기 부분만 살짝 먹었는데 어 나 배가 너무 불러요. 여러분 어떻게 해요. 어휴.
qDBBFRFB3-0_000468,qDBBFRFB3-0,mukb,train,2.28,kmsav_pilot/cropped/qDBBFRFB3-0/utts/000468.mp4,꼭 짜장면도 같이 먹은 기분이죠.
qDBBFRFB3-0_000473,qDBBFRFB3-0,mukb,train,2.72,kmsav_pilot/cropped/qDBBFRFB3-0/utts/000473.mp4,원래 중식 먹으면 짜장면 안 먹어도 먹은 것 같잖아.
qDBBFRFB3-0_000474,qDBBFRFB3-0,mukb,train,3.72,kmsav_pilot/cropped/qDBBFRFB3-0/utts/000474.mp4,나 원래 짜장면 제일 싫어해요.
qDBBFRFB3-0_000475,qDBBFRFB3-0,mukb,train,2.72,kmsav_pilot/cropped/qDBBFRFB3-0/utts/000475.mp4,뭘 제일 좋아하세요?
qDBBFRFB3-0_000477,qDBBFRFB3-0,mukb,train,2.64,kmsav_pilot/cropped/qDBBFRFB3-0/utts/000477.mp4,"아휴, 제가 눈치 없이 짬뽕을 혼자 먹었네요. 아휴 어떡해"
qDBBFRFB3-0_000480,qDBBFRFB3-0,mukb,train,3.12,kmsav_pilot/cropped/qDBBFRFB3-0/utts/000480.mp4,음 요즘 많이 안 먹어요. 제가. 음
qDBBFRFB3-0_000483,qDBBFRFB3-0,mukb,train,6.16,kmsav_pilot/cropped/qDBBFRFB3-0/utts/000483.mp4,"굳은 게 아니라 흐브호또인님, 방금 튀긴 쥐포를 내가 사 갔어요."
qDBBFRFB3-0_000487,qDBBFRFB3-0,mukb,train,5.44,kmsav_pilot/cropped/qDBBFRFB3-0/utts/000487.mp4,"저 친구. 문 한번 열어봐요. 걷는 걸 좀 똑바로 걸어라 그래봐요. 애기야, 걷는 걸 좀 똑바로 걸어."
qDBBFRFB3-0_000496,qDBBFRFB3-0,mukb,train,2.0,kmsav_pilot/cropped/qDBBFRFB3-0/utts/000496.mp4,너 새끼 남자 화장실 가고 그러면 안 돼.
qDBBFRFB3-0_000506,qDBBFRFB3-0,mukb,train,2.12,kmsav_pilot/cropped/qDBBFRFB3-0/utts/000506.mp4,애들 발소리만 다 들어요. 다 알아요. 언니.
qDBBFRFB3-0_000511,qDBBFRFB3-0,mukb,train,3.0,kmsav_pilot/cropped/qDBBFRFB3-0/utts/000511.mp4,추아. 아우 너무 추아.
qDBBFRFB3-0_000521,qDBBFRFB3-0,mukb,train,2.6,kmsav_pilot/cropped/qDBBFRFB3-0/utts/000521.mp4,처먹은 것도 없는데 왜 이렇게 배가 불러요?
qDBBFRFB3-0_000527,qDBBFRFB3-0,mukb,train,2.92,kmsav_pilot/cropped/qDBBFRFB3-0/utts/000527.mp4,사람 변하면 죽는데요. 흐하
qDBBFRFB3-0_000531,qDBBFRFB3-0,mukb,train,2.12,kmsav_pilot/cropped/qDBBFRFB3-0/utts/000531.mp4,그게 아니라 사람이 변하면 죽어요.
qDBBFRFB3-0_000532,qDBBFRFB3-0,mukb,train,3.84,kmsav_pilot/cropped/qDBBFRFB3-0/utts/000532.mp4,"그쵸. 언니의 식습관인데 뭐, 하나의."
qWHvbPCtMlM_000035,qWHvbPCtMlM,beau,train,2.84,kmsav_pilot/cropped/qWHvbPCtMlM/utts/000035.mp4,좀 쓸데없이 고퀄리티라고 하는데 질감을 또 살렸어.
qWHvbPCtMlM_000045,qWHvbPCtMlM,beau,train,2.96,kmsav_pilot/cropped/qWHvbPCtMlM/utts/000045.mp4,이게 솔직히 케이스가 예쁘니까. 눈이 가는 케이스야.
qWHvbPCtMlM_000075,qWHvbPCtMlM,beau,train,2.92,kmsav_pilot/cropped/qWHvbPCtMlM/utts/000075.mp4,모두 다 빈 손으로 가.
qWHvbPCtMlM_000077,qWHvbPCtMlM,beau,train,3.0,kmsav_pilot/cropped/qWHvbPCtMlM/utts/000077.mp4,동양인 무쌍 분들이 피해야 할 팔레트가 이런 겁니다. 사실
qWHvbPCtMlM_000089,qWHvbPCtMlM,beau,train,2.04,kmsav_pilot/cropped/qWHvbPCtMlM/utts/000089.mp4,저는 펄. 홀리하면 글리터잖
qWHvbPCtMlM_000121,qWHvbPCtMlM,beau,train,2.04,kmsav_pilot/cropped/qWHvbPCtMlM/utts/000121.mp4,앤드 아무래도 가을이라 그런가? 이렇게
qWHvbPCtMlM_000128,qWHvbPCtMlM,beau,train,3.92,kmsav_pilot/cropped/qWHvbPCtMlM/utts/000128.mp4,나는 아이라인 이렇게 붓 펜 라인으로 좀 이렇게 아찔하게 뽑는게 좋아.
qWHvbPCtMlM_000129,qWHvbPCtMlM,beau,train,6.12,kmsav_pilot/cropped/qWHvbPCtMlM/utts/000129.mp4,허어 잘 나온다. 그거. 심이 되게 날렵하다. 속눈썹 붙여주고 싶어. 케이트?
qWHvbPCtMlM_000148,qWHvbPCtMlM,beau,train,2.36,kmsav_pilot/cropped/qWHvbPCtMlM/utts/000148.mp4,꼬리가 뺄 때
qWHvbPCtMlM_000151,qWHvbPCtMlM,beau,train,2.08,kmsav_pilot/cropped/qWHvbPCtMlM/utts/000151.mp4,이 봐! 이렇게. 이렇게 돼. 이렇게.
qWHvbPCtMlM_000154,qWHvbPCtMlM,beau,train,2.44,kmsav_pilot/cropped/qWHvbPCtMlM/utts/000154.mp4,"이게 속도 조절이 안되네. 속도위반이 되네, 이게."
tL9j8iqAyGQ_000009,tL9j8iqAyGQ,inte,train,4.52,kmsav_pilot/cropped/tL9j8iqAyGQ/utts/000009.mp4,어떤 작용이 있는 걸까요? 그게 한국어로 하는 것과 영어로 하는 것과
tL9j8iqAyGQ_000017,tL9j8iqAyGQ,inte,train,3.72,kmsav_pilot/cropped/tL9j8iqAyGQ/utts/000017.mp4,어떻게 보면은 고정관념처럼 박혀 있는 것 같기도 한데
tL9j8iqAyGQ_000032,tL9j8iqAyGQ,inte,train,6.88,kmsav_pilot/cropped/tL9j8iqAyGQ/utts/000032.mp4,가오스나 오일러 같은 초천재들이나 사실 할 수 있고 그런 사람들에 의해서만 이제 수학이 뭔가 발전되는 것처럼
tL9j8iqAyGQ_000034,tL9j8iqAyGQ,inte,train,5.08,kmsav_pilot/cropped/tL9j8iqAyGQ/utts/000034.mp4,그렇게 생각하는 것에 대해서 방금 교수님의 그런 말씀이 또 일침이 될 수도 있겠네요.
tL9j8iqAyGQ_000035,tL9j8iqAyGQ,inte,train,10.0,kmsav_pilot/cropped/tL9j8iqAyGQ/utts/000035.mp4,네 네 사실 대부분의 수학의 볼륨을 구성하는 그러한 작업들은 대부분의 말하자면 평범한 평범한 수학자들이
tL9j8iqAyGQ_000036,tL9j8iqAyGQ,inte,train,6.16,kmsav_pilot/cropped/tL9j8iqAyGQ/utts/000036.mp4,평범한 날에 평범한 정도의 노력을 기울여서 조금씩 조금씩 쌓아올리고 있다는 생각이 들어요.
tL9j8iqAyGQ_000063,tL9j8iqAyGQ,inte,train,3.08,kmsav_pilot/cropped/tL9j8iqAyGQ/utts/000063.mp4,정확하고 명확하게
tL9j8iqAyGQ_000064,tL9j8iqAyGQ,inte,train,2.76,kmsav_pilot/cropped/tL9j8iqAyGQ/utts/000064.mp4,모호한 것에 대해서 소통 할 수 있는 분들
tL9j8iqAyGQ_000072,tL9j8iqAyGQ,inte,train,8.16,kmsav_pilot/cropped/tL9j8iqAyGQ/utts/000072.mp4,저도 역시 이제 수학의 대중화 활동을 하고 있지만 참 바둑이나 이런 걸 보면은 바둑 같은 경우는 하물며 만화 같은 것도 나오고 바둑에 대한 영화같은
tL9j8iqAyGQ_000074,tL9j8iqAyGQ,inte,train,2.2,kmsav_pilot/cropped/tL9j8iqAyGQ/utts/000074.mp4,근데 바둑도 사실 되게 어려운 소재
tL9j8iqAyGQ_000092,tL9j8iqAyGQ,inte,train,4.48,kmsav_pilot/cropped/tL9j8iqAyGQ/utts/000092.mp4,정보든 내가 알렉산드리아 있는 대도서관에 들어가지 않더라도
tL9j8iqAyGQ_000094,tL9j8iqAyGQ,inte,train,6.36,kmsav_pilot/cropped/tL9j8iqAyGQ/utts/000094.mp4,모든 종류의 수학적 지식과 어떤 것들이 알려져 있는지 앞으로 어떤 것을 하면 재밌을지도 알려져 있고
tL9j8iqAyGQ_000096,tL9j8iqAyGQ,inte,train,7.2,kmsav_pilot/cropped/tL9j8iqAyGQ/utts/000096.mp4,그렇기 때문에 또 그렇게 특히나 수학의 표면적이랄까 그게 무한히 넓기 때문에
tL9j8iqAyGQ_000100,tL9j8iqAyGQ,inte,train,8.16,kmsav_pilot/cropped/tL9j8iqAyGQ/utts/000100.mp4,허준이 교수님에게 이 있어서 수학자로서의 전성기 시기가 언제쯤이라고 생각하시나요?
tL9j8iqAyGQ_000102,tL9j8iqAyGQ,inte,train,2.24,kmsav_pilot/cropped/tL9j8iqAyGQ/utts/000102.mp4,아이들 다 키우고 온전하게 연구
tL9j8iqAyGQ_000107,tL9j8iqAyGQ,inte,train,7.84,kmsav_pilot/cropped/tL9j8iqAyGQ/utts/000107.mp4,"그러니까 어떻게보면 통념이랑 살짝 다른 것 같아요. 보통 사람들이 생각했었을 때 수학자들 전성기 보통 한 3, 40대면 끝나는 거 아니야? 라고 생각할 수도 있거든요."
taF_S4MBkJw_000005,taF_S4MBkJw,scie,train,8.72,kmsav_pilot/cropped/taF_S4MBkJw/utts/000005.mp4,"사실은 그 효소는 상당히 복잡한 그 효소는 뭘, 단백질로 이루어져 있는데요."
taF_S4MBkJw_000006,taF_S4MBkJw,scie,train,7.8,kmsav_pilot/cropped/taF_S4MBkJw/utts/000006.mp4,그 생체 고분자입니다. 단백질도 따지고 보면 그니까 근데 그 효소의 기능은 화학 반응을
taF_S4MBkJw_000007,taF_S4MBkJw,scie,train,6.88,kmsav_pilot/cropped/taF_S4MBkJw/utts/000007.mp4,그 화학 반응에서 촉매로 작용을 해서 굉장히 빠르게 잘 안 일어나는 반응을 빨리 잘 일어나게 하는데 있는데
taF_S4MBkJw_000008,taF_S4MBkJw,scie,train,9.52,kmsav_pilot/cropped/taF_S4MBkJw/utts/000008.mp4,그 우리가 우리가 그 일반적으로 사용하고 있는 촉매들에 비해서 효소는 사실 굉장히 복잡한 구조를 가지고 있습니다. 그래서 그걸 저희가
taF_S4MBkJw_000009,taF_S4MBkJw,scie,train,8.56,kmsav_pilot/cropped/taF_S4MBkJw/utts/000009.mp4,아까 말씀하신 저희가 공부하는 고분자 화학 같은 입장에서 합성의 차원에서 실험적으로 똑같이 구현하는 것은 사실 쉽지 않습니다.
taF_S4MBkJw_000010,taF_S4MBkJw,scie,train,9.84,kmsav_pilot/cropped/taF_S4MBkJw/utts/000010.mp4,그래서 대안으로는 요즘은 그 실제 존재하는 효소를 개질을 해서 그 조금 구조를 바꾸는 거죠. 그래서 우리가 필요한 화학 반응에
taF_S4MBkJw_000011,taF_S4MBkJw,scie,train,3.76,kmsav_pilot/cropped/taF_S4MBkJw/utts/000011.mp4,그 효소가 촉매로 작용할 수 있게 하는 일을 하고 있습니다.
taF_S4MBkJw_000012,taF_S4MBkJw,scie,train,6.2,kmsav_pilot/cropped/taF_S4MBkJw/utts/000012.mp4,그게 바로 올해 노벨 화학상을 받은 디렉티드 에볼루션이라고 부르는 학문 분야입니다.
taF_S4MBkJw_000015,taF_S4MBkJw,scie,train,7.28,kmsav_pilot/cropped/taF_S4MBkJw/utts/000015.mp4,기사가 그니까 신문에 나갈려면 1시간 내에 기사를 써야 돼요. 그럼 막 이제 낯선 분야 나오자마자 막 수소문해서 기사를 1시간만에 기사를 끝내는데
taF_S4MBkJw_000016,taF_S4MBkJw,scie,train,5.4,kmsav_pilot/cropped/taF_S4MBkJw/utts/000016.mp4,그때 와서 항상 이제 초긴장인데 그러고 나서 결과를 보면은 다 싸우고 있어요. 비슷한 말씀 그 얘기로?
taF_S4MBkJw_000017,taF_S4MBkJw,scie,train,3.84,kmsav_pilot/cropped/taF_S4MBkJw/utts/000017.mp4,이런 거도 탔는데 우리는 뭐 하냐 그다음에 아 이런 거 사실은 다
taF_S4MBkJw_000018,taF_S4MBkJw,scie,train,5.56,kmsav_pilot/cropped/taF_S4MBkJw/utts/000018.mp4,뭐 이렇게 기초 연구 자기가 하고 싶은 거 하다가 뚝심 있게 하고 있는 과정에서 다 나온 거지 이런 얘기 나와요.
taF_S4MBkJw_000019,taF_S4MBkJw,scie,train,5.12,kmsav_pilot/cropped/taF_S4MBkJw/utts/000019.mp4,이건 다 맞는 얘기라고 봐요. 근데 이게 우리나라에서 왜 그게 좀 어렵느냐라고 말하면은
taF_S4MBkJw_000020,taF_S4MBkJw,scie,train,7.88,kmsav_pilot/cropped/taF_S4MBkJw/utts/000020.mp4,"아까 제가 인제 그 강의, 짧은 강의에서 어 금요일 밤의 과학 토론 강의가 2백 년 전에 있었다고 말씀해주셨 드렸잖아요."
taF_S4MBkJw_000021,taF_S4MBkJw,scie,train,8.84,kmsav_pilot/cropped/taF_S4MBkJw/utts/000021.mp4,"2백 년된 역사를 갖고 있는 곳이예요. 과학을 연구하는 것 뿐만이 아니고 그걸 대중화하는 이런 자리를 만드는데, 카오스 재단이 지금 열심히 하고 있지만 이제 5년 남짓 됐는데요."
taF_S4MBkJw_000023,taF_S4MBkJw,scie,train,8.56,kmsav_pilot/cropped/taF_S4MBkJw/utts/000023.mp4,"2번째로 직접적으로 연구비 문제를 보면요, 한국이 연구 수준이 굉장히 높아졌어요. 제가 이 노벨상 때문에 집중적으로 기사를 쓴 적이 있어서 조사를 해 본 적이 있는데"
taF_S4MBkJw_000024,taF_S4MBkJw,scie,train,8.04,kmsav_pilot/cropped/taF_S4MBkJw/utts/000024.mp4,"맞습니다. 지금 굉장히 우리 연구비, 투자비 어 그 정부 연구비로 올해 에 내년이죠. 내년도 예산 20조를 넘어서게 됐고"
taF_S4MBkJw_000025,taF_S4MBkJw,scie,train,4.0,kmsav_pilot/cropped/taF_S4MBkJw/utts/000025.mp4,꽤 큰 규모예요. GDP 대비해서 굉장히 큰 규모인 건 사실인데
taF_S4MBkJw_000026,taF_S4MBkJw,scie,train,9.88,kmsav_pilot/cropped/taF_S4MBkJw/utts/000026.mp4,"이렇게 된 지가 얼마 안 됐어요. 그러니까 우리가 기대하기에 지금 우리가 눈이 높아져서 그런 거지, 이걸 제가 누적 그래프를 만들어서 봤어요 한번, 일본 하고 비교하고, 맨날 일본을 비교하니까"
taF_S4MBkJw_000027,taF_S4MBkJw,scie,train,5.96,kmsav_pilot/cropped/taF_S4MBkJw/utts/000027.mp4,비교가 안 됩니다. 그래프가 일본 그래프가 이렇게 이 우리가 지금 도달해 있는 그 수치가 있어요.
taF_S4MBkJw_000028,taF_S4MBkJw,scie,train,3.92,kmsav_pilot/cropped/taF_S4MBkJw/utts/000028.mp4,그 수치를 이미 80년대 도달해서 그 이 꾸준히 그 상태로 가고 있어요.
taF_S4MBkJw_000029,taF_S4MBkJw,scie,train,5.0,kmsav_pilot/cropped/taF_S4MBkJw/utts/000029.mp4,"그 적분 해 보면은 거의 한 제가 핵 계산 안 해 봤는데 10배, 20배 차이 날 거예요."
taF_S4MBkJw_000030,taF_S4MBkJw,scie,train,5.96,kmsav_pilot/cropped/taF_S4MBkJw/utts/000030.mp4,우린 이렇게 가다가 최근에 이렇게 쭈욱 올라간 거예요. 그러니까 실제로 우리나라는 몇 10년 전만 해도 거의 전무하다시피 했고 연구비 투자도
taF_S4MBkJw_000031,taF_S4MBkJw,scie,train,4.4,kmsav_pilot/cropped/taF_S4MBkJw/utts/000031.mp4,당연히 좋은 그 교육을 받은 분들도 많지 않았고 이러니까 더 어려웠던 거고
taF_S4MBkJw_000032,taF_S4MBkJw,scie,train,2.36,kmsav_pilot/cropped/taF_S4MBkJw/utts/000032.mp4,어떻게 본다면 우린 다음 세대에 기대를 해 볼 수도 있겠지요.
taF_S4MBkJw_000033,taF_S4MBkJw,scie,train,7.56,kmsav_pilot/cropped/taF_S4MBkJw/utts/000033.mp4,지금 이제 최고의 교육을 받은 분들이 뭐 외국에서 정말로 뭐 노벨상을 받을 만한 분들 바로 밑에서 공부한 분들이 한국에 많이 들어오고 있고
taF_S4MBkJw_000034,taF_S4MBkJw,scie,train,6.76,kmsav_pilot/cropped/taF_S4MBkJw/utts/000034.mp4,어떻게 본다면 그 다음 세대에서 많은 걸 기대해 볼 수 있을 것 같다는 생각이 있겠습니다. 지금 시작이라는 생각이 저는 진지하게 들어요.
taF_S4MBkJw_000035,taF_S4MBkJw,scie,train,7.6,kmsav_pilot/cropped/taF_S4MBkJw/utts/000035.mp4,물론 여기 정하용 교수님도 계시고 일가를 이룬 분이 한국에 계세요. 계셔 가지고 분명히 그분들 중에서도 또 기대해 볼 분이 계실 텐데
taF_S4MBkJw_000036,taF_S4MBkJw,scie,train,5.8,kmsav_pilot/cropped/taF_S4MBkJw/utts/000036.mp4,일본처럼 아주 뭐 뭐 다 지난 작년에 나왔는데 또 나온다 이렇게
taF_S4MBkJw_000037,taF_S4MBkJw,scie,train,6.92,kmsav_pilot/cropped/taF_S4MBkJw/utts/000037.mp4,"좀 흔한 일이 될 단계는 분명히 조금 한 뭐 10년, 15년 정도 되면 우리도 기대해 볼 수 있지 않을까 생각을 합니다."
taF_S4MBkJw_000038,taF_S4MBkJw,scie,train,8.36,kmsav_pilot/cropped/taF_S4MBkJw/utts/000038.mp4,"예, 오늘 윤 기자님을 패널로 모시기 잘 한 것 같습니다. 저희도 비슷한 얘길 많이 하는데 저희가 하는 것보다 훨씬 더 설득력 있게 말씀해 주신 것 같고요."
taF_S4MBkJw_000042,taF_S4MBkJw,scie,train,3.8,kmsav_pilot/cropped/taF_S4MBkJw/utts/000042.mp4,남이 받는 건 사실 관심 없습니다. 근데 저도 받고 싶어요.
taF_S4MBkJw_000044,taF_S4MBkJw,scie,train,7.0,kmsav_pilot/cropped/taF_S4MBkJw/utts/000044.mp4,과학적인 연구를 이 땅 안에서 진행한 역사가 생각하시는 것보다 그렇게 길지 않습니다.
taF_S4MBkJw_000047,taF_S4MBkJw,scie,train,7.76,kmsav_pilot/cropped/taF_S4MBkJw/utts/000047.mp4,왜 우리 사회가 노벨상 시즌마다 이렇게 들쑥날쑥 막 난리가 나는지를 한번 생각해 본 적이 있는데
taF_S4MBkJw_000049,taF_S4MBkJw,scie,train,9.32,kmsav_pilot/cropped/taF_S4MBkJw/utts/000049.mp4,그런 의미가 크다고 생각하거든요. 근데 그거 하고 비슷하게 이 땅에서 살고 있는 과학자도 이 사회에 속해 있는 일원입니다.
taF_S4MBkJw_000051,taF_S4MBkJw,scie,train,10.0,kmsav_pilot/cropped/taF_S4MBkJw/utts/000051.mp4,그 그 관점에서 볼 때 우리 사회가 조금 더 그 진보되고 더 자유로워지고 사실 좋은 과학의 토양은
taF_S4MBkJw_000052,taF_S4MBkJw,scie,train,7.4,kmsav_pilot/cropped/taF_S4MBkJw/utts/000052.mp4,자유의 확대라고 저는 개인적으로 굉장히 굳게 믿는 사람이거든요. 아무거나 질문할 수 있고 아무 얘기나 할 수 있어야
taF_S4MBkJw_000053,taF_S4MBkJw,scie,train,6.52,kmsav_pilot/cropped/taF_S4MBkJw/utts/000053.mp4,가능한 거라고 생각합니다. 그래서 우리 사회가 그 방향으로 더 진보를 하면 그 사회의 일원으로서의 과학자도
taF_S4MBkJw_000055,taF_S4MBkJw,scie,train,5.44,kmsav_pilot/cropped/taF_S4MBkJw/utts/000055.mp4,그 조만간 그렇게 될 거라고 생각합니다. 우리 질문하신 분이 아까 1가지만 더 말씀 드릴게요. 뭐
taF_S4MBkJw_000056,taF_S4MBkJw,scie,train,9.12,kmsav_pilot/cropped/taF_S4MBkJw/utts/000056.mp4,돈이 되느냐? 그거는 사실은 그 모든 첨단의 과학적인 연구 결과가
taF_S4MBkJw_000057,taF_S4MBkJw,scie,train,3.92,kmsav_pilot/cropped/taF_S4MBkJw/utts/000057.mp4,상업적 이익과 연결되느냐 하면 그렇진 않습니다.
taF_S4MBkJw_000058,taF_S4MBkJw,scie,train,7.56,kmsav_pilot/cropped/taF_S4MBkJw/utts/000058.mp4,그러니까 상업적으로 가치 있는 것하고 과학적으로 진보된 것은 사실은 연결돼 있지 않습니다.
taF_S4MBkJw_000060,taF_S4MBkJw,scie,train,6.88,kmsav_pilot/cropped/taF_S4MBkJw/utts/000060.mp4,제가 그 단언하건대 그 그걸 전제로 연구를 한 사람들은 절대 노벨상을 못 받습니다. 제 주변 사람들 중에
taF_S4MBkJw_000061,taF_S4MBkJw,scie,train,5.56,kmsav_pilot/cropped/taF_S4MBkJw/utts/000061.mp4,나는 돈을 많이 벌겠다고 한 사람 중에 돈 번 사람을 제가 1명도 못 봤습니다. 그거하고 똑같습니다.
taF_S4MBkJw_000062,taF_S4MBkJw,scie,train,6.52,kmsav_pilot/cropped/taF_S4MBkJw/utts/000062.mp4,"그래서 그것과 무관하게 하다가, 그 그 연구가 사람들에게 어떻게 받아들여지고"
taF_S4MBkJw_000064,taF_S4MBkJw,scie,train,3.92,kmsav_pilot/cropped/taF_S4MBkJw/utts/000064.mp4,이걸로 그 우열이 가려지는 거라고 생각을 하거든요.
taF_S4MBkJw_000065,taF_S4MBkJw,scie,train,7.04,kmsav_pilot/cropped/taF_S4MBkJw/utts/000065.mp4,반드시 돈이 되지도 않고 돈이 되는 연구라고 해서 또 반드시 사람들이 좋아하고 많이 하느냐 반드시 그렇지도 않습니다.
taF_S4MBkJw_000068,taF_S4MBkJw,scie,train,6.76,kmsav_pilot/cropped/taF_S4MBkJw/utts/000068.mp4,"그 그 부분의 분자 구조와 그 결합 이런 데 대한 그 생물학적인 과정, 이런 것들을 밝혀내는 연구를 했고"
taF_S4MBkJw_000069,taF_S4MBkJw,scie,train,3.0,kmsav_pilot/cropped/taF_S4MBkJw/utts/000069.mp4,사실 그게 항암제에 쓰이리라고는 생각을 못 했어요.
taF_S4MBkJw_000070,taF_S4MBkJw,scie,train,3.8,kmsav_pilot/cropped/taF_S4MBkJw/utts/000070.mp4,근데 그게 굉장히 유 그 유력한 항암제 후보가 됐고요.
taF_S4MBkJw_000071,taF_S4MBkJw,scie,train,7.92,kmsav_pilot/cropped/taF_S4MBkJw/utts/000071.mp4,실제로 지금 제품도 몇 가지 나와 있고요. 그래서 이 발표할 때는 면역 면역 항암제로 실제로 노벨상 수상 위원회에서 선정 위원회에서 발표를 했어요
taF_S4MBkJw_000072,taF_S4MBkJw,scie,train,6.08,kmsav_pilot/cropped/taF_S4MBkJw/utts/000072.mp4,근데 알고 봤더니 기초 연구더라고요. 그런 식으로 본인의 의도하고 상관없이 굉장히 큰 시장을 만들어 낸 거 거든요.
taF_S4MBkJw_000073,taF_S4MBkJw,scie,train,4.32,kmsav_pilot/cropped/taF_S4MBkJw/utts/000073.mp4,그런 연구들은 정말 의도하고는 전혀 별개인 것 같습니다.
taF_S4MBkJw_000075,taF_S4MBkJw,scie,train,4.44,kmsav_pilot/cropped/taF_S4MBkJw/utts/000075.mp4,기자 분이 계시니까 간단하게 하나 물어보고 넘어가도록 하겠습니다.
taF_S4MBkJw_000078,taF_S4MBkJw,scie,train,6.28,kmsav_pilot/cropped/taF_S4MBkJw/utts/000078.mp4,"저는 그냥 이게 그냥 이런 질문 많이 받으니까, 제가 한 건 아까도 잠깐 말씀드렸는데 10년, 15년 정도 보고 있어요."
taF_S4MBkJw_000079,taF_S4MBkJw,scie,train,3.8,kmsav_pilot/cropped/taF_S4MBkJw/utts/000079.mp4,"그 전에 뭐 1, 2명 나올 수는 있는데, 1명 정도 나올 수 있는데 그거는 인제 그렇고"
taF_S4MBkJw_000080,taF_S4MBkJw,scie,train,8.48,kmsav_pilot/cropped/taF_S4MBkJw/utts/000080.mp4,"어느 정도 우리가 수준 있게 이렇게 받는 정도 그러니까 일본처럼 좀 이렇게 안정적으로 아, 여기는 과학 하는 나라라서 노벨상을 또 받는구나 이런 얘기 듣기로는"
taF_S4MBkJw_000081,taF_S4MBkJw,scie,train,2.92,kmsav_pilot/cropped/taF_S4MBkJw/utts/000081.mp4,"한 빨라도 10년, 15년 정도는 걸리지 않을까 생각을 해요."
taF_S4MBkJw_000082,taF_S4MBkJw,scie,train,4.76,kmsav_pilot/cropped/taF_S4MBkJw/utts/000082.mp4,"또는 10년, 15 예, 10년, 15년 정도, 너무 넓게 잡으면 사기꾼이 되니까."
taF_S4MBkJw_000085,taF_S4MBkJw,scie,train,4.24,kmsav_pilot/cropped/taF_S4MBkJw/utts/000085.mp4,과학자라는 이름이 생긴 게 그렇게 오래된 얘기는 아니거든요.
taF_S4MBkJw_000086,taF_S4MBkJw,scie,train,3.84,kmsav_pilot/cropped/taF_S4MBkJw/utts/000086.mp4,그래서 예전에는 과학자를 자연 철학자라고 불렀습니다.
taF_S4MBkJw_000087,taF_S4MBkJw,scie,train,7.36,kmsav_pilot/cropped/taF_S4MBkJw/utts/000087.mp4,그러니까 과학과 철학은 별개의 것이 아니라 사실은 철학의 가장 중요한 질문은
taF_S4MBkJw_000088,taF_S4MBkJw,scie,train,5.08,kmsav_pilot/cropped/taF_S4MBkJw/utts/000088.mp4,어떻게 그것이 참인지 거짓인지를 알 수 있느냐에 있거든요.
taF_S4MBkJw_000089,taF_S4MBkJw,scie,train,5.92,kmsav_pilot/cropped/taF_S4MBkJw/utts/000089.mp4,그죠? 과학자는 그거를 그 아까 말씀드린 대로
taF_S4MBkJw_000090,taF_S4MBkJw,scie,train,7.96,kmsav_pilot/cropped/taF_S4MBkJw/utts/000090.mp4,실험을 통해서 재현할 수 있느냐 없느냐를 참과 거짓의 판단 기준으로 삼은 일군의 철학자라고 보시면 됩니다.
taF_S4MBkJw_000095,taF_S4MBkJw,scie,train,9.04,kmsav_pilot/cropped/taF_S4MBkJw/utts/000095.mp4,"그래서 아까 칼 막스의 경구를 예로 들었는데, 관념론 철학은 어떤 의미에서는 19세기 이후로 종언을 고하고"
taF_S4MBkJw_000096,taF_S4MBkJw,scie,train,5.96,kmsav_pilot/cropped/taF_S4MBkJw/utts/000096.mp4,대학에만 이 이렇게 얘기하면 또 혼나겠다. 이 제 개인적인 생각입니다.
taF_S4MBkJw_000102,taF_S4MBkJw,scie,train,5.52,kmsav_pilot/cropped/taF_S4MBkJw/utts/000102.mp4,근데 여기에서 1가지 설명을 드리자면 왜 118번까지밖에 못 했는가 하면
taF_S4MBkJw_000103,taF_S4MBkJw,scie,train,3.92,kmsav_pilot/cropped/taF_S4MBkJw/utts/000103.mp4,원자를 만들 때 3가지가 필요합니다.
taF_S4MBkJw_000105,taF_S4MBkJw,scie,train,8.04,kmsav_pilot/cropped/taF_S4MBkJw/utts/000105.mp4,전기적으론 이렇게 되면 중성인데 양성자하고 전자로만 원자를 만들 수가 없으니까 중성자라는 게 필요합니다.
taF_S4MBkJw_000107,taF_S4MBkJw,scie,train,6.92,kmsav_pilot/cropped/taF_S4MBkJw/utts/000107.mp4,예를 그냥 예를 들겠습니다. 양성자 100개와 중성자 100개와 전자 100개를 한군데 모아 놔서
taF_S4MBkJw_000108,taF_S4MBkJw,scie,train,4.72,kmsav_pilot/cropped/taF_S4MBkJw/utts/000108.mp4,원자 하나를 만들었다는 뜻입니다. 이건 이제 그냥 이해를 돕기 위해서 드리는 설명입니다.
taF_S4MBkJw_000109,taF_S4MBkJw,scie,train,8.0,kmsav_pilot/cropped/taF_S4MBkJw/utts/000109.mp4,그렇게 되면 문제가 하나 있습니다. 그 양성자는 양전하를 가지고 있기 때문에 서로 밀어내려는 힘이 있거든요.
taF_S4MBkJw_000110,taF_S4MBkJw,scie,train,8.12,kmsav_pilot/cropped/taF_S4MBkJw/utts/000110.mp4,"이게 몇 개 안 될 때는 중성자라는 친구가 본듭니다, 본드. 그래서 딱 붙여 놓고 어디 안 가게 붙들어 매 놓을 수 있는데"
taF_S4MBkJw_000115,taF_S4MBkJw,scie,train,9.96,kmsav_pilot/cropped/taF_S4MBkJw/utts/000115.mp4,이론적으로는 끝이 없을 수도 있습니다. 만약에 우리가 존재하는 시간에 그 시간이 아무리 짧아도 있다가 사라지면 다 원소라고 가정을 한다면
taF_S4MBkJw_000116,taF_S4MBkJw,scie,train,6.0,kmsav_pilot/cropped/taF_S4MBkJw/utts/000116.mp4,더 내려갈 수 있지만 현실적으로 예를 그때부터는 이제 철학적 문제가 생기기 시작합니다.
taF_S4MBkJw_000117,taF_S4MBkJw,scie,train,4.8,kmsav_pilot/cropped/taF_S4MBkJw/utts/000117.mp4,진짜 찰나의 순간만 존재했다 없어지는 것도 원소라고 해야 될 것인가?
taF_S4MBkJw_000118,taF_S4MBkJw,scie,train,8.24,kmsav_pilot/cropped/taF_S4MBkJw/utts/000118.mp4,해서 지금까지 인제 그 국제 화학 단체에서 합의한 바 118번까지를 원소로 봅니다.
vhD5X6oeK8k_000005,vhD5X6oeK8k,beau,train,2.64,kmsav_pilot/cropped/vhD5X6oeK8k/utts/000005.mp4,아무래도 요런 저렴한 친구들은 귀여운 애들 많이
vhD5X6oeK8k_000028,vhD5X6oeK8k,beau,train,2.36,kmsav_pilot/cropped/vhD5X6oeK8k/utts/000028.mp4,어 그래 나 이거 너무 귀여웠어 이게
vhD5X6oeK8k_000032,vhD5X6oeK8k,beau,train,2.76,kmsav_pilot/cropped/vhD5X6oeK8k/utts/000032.mp4,가격도 5천 원 이잖아 이런거면 뭐 살만해.
vhD5X6oeK8k_000043,vhD5X6oeK8k,beau,train,2.6,kmsav_pilot/cropped/vhD5X6oeK8k/utts/000043.mp4,"발색 괜찮다, 근데 제형은 너무 물이어가지고"
vhD5X6oeK8k_000050,vhD5X6oeK8k,beau,train,4.0,kmsav_pilot/cropped/vhD5X6oeK8k/utts/000050.mp4,"어, 많이. 이런 립이안 발라 보고 사면되게 열 받을"
vhD5X6oeK8k_000054,vhD5X6oeK8k,beau,train,3.2,kmsav_pilot/cropped/vhD5X6oeK8k/utts/000054.mp4,감독님 저희 신변보장 좀 해주세요
vhD5X6oeK8k_000055,vhD5X6oeK8k,beau,train,2.8,kmsav_pilot/cropped/vhD5X6oeK8k/utts/000055.mp4,저는 립 제품 테스트할 때 항상 여기다가 해요
vhD5X6oeK8k_000075,vhD5X6oeK8k,beau,train,3.36,kmsav_pilot/cropped/vhD5X6oeK8k/utts/000075.mp4,"그래, 이거 6명이 하나 사가지고 하나씩 나누면 돼 어때?"
vhD5X6oeK8k_000087,vhD5X6oeK8k,beau,train,3.44,kmsav_pilot/cropped/vhD5X6oeK8k/utts/000087.mp4,별로 완전 취향 아니야. 우와
vhD5X6oeK8k_000092,vhD5X6oeK8k,beau,train,3.2,kmsav_pilot/cropped/vhD5X6oeK8k/utts/000092.mp4,이거 빼고 다 좋은 이거 스티커로 감아놓고 쓰면 될거 같아요
vhD5X6oeK8k_000112,vhD5X6oeK8k,beau,train,2.92,kmsav_pilot/cropped/vhD5X6oeK8k/utts/000112.mp4,이건 뭐야 약간 청바지 느낌 더샘
vhD5X6oeK8k_000126,vhD5X6oeK8k,beau,train,2.4,kmsav_pilot/cropped/vhD5X6oeK8k/utts/000126.mp4,그거 왠지 흐흐
vhD5X6oeK8k_000127,vhD5X6oeK8k,beau,train,2.16,kmsav_pilot/cropped/vhD5X6oeK8k/utts/000127.mp4,에뛰드
vhD5X6oeK8k_000134,vhD5X6oeK8k,beau,train,2.4,kmsav_pilot/cropped/vhD5X6oeK8k/utts/000134.mp4,또 이런 아이도 있네요.
vhD5X6oeK8k_000152,vhD5X6oeK8k,beau,train,2.48,kmsav_pilot/cropped/vhD5X6oeK8k/utts/000152.mp4,립 무스가 있는데 12000원이거든요
vhD5X6oeK8k_000155,vhD5X6oeK8k,beau,train,2.16,kmsav_pilot/cropped/vhD5X6oeK8k/utts/000155.mp4,어어어어
vhD5X6oeK8k_000169,vhD5X6oeK8k,beau,train,5.92,kmsav_pilot/cropped/vhD5X6oeK8k/utts/000169.mp4,저는 10대에는 역시 발색이라고 봅니다. 선생님한테 걸릴 수 있는 컬러
vhD5X6oeK8k_000181,vhD5X6oeK8k,beau,train,2.2,kmsav_pilot/cropped/vhD5X6oeK8k/utts/000181.mp4,근데
vhD5X6oeK8k_000183,vhD5X6oeK8k,beau,train,2.6,kmsav_pilot/cropped/vhD5X6oeK8k/utts/000183.mp4,할머니 장롱에서 막 꺼낸 루즈 냄새
vhD5X6oeK8k_000185,vhD5X6oeK8k,beau,train,2.6,kmsav_pilot/cropped/vhD5X6oeK8k/utts/000185.mp4,할머니 죄송합니다.
vhD5X6oeK8k_000208,vhD5X6oeK8k,beau,train,2.56,kmsav_pilot/cropped/vhD5X6oeK8k/utts/000208.mp4,"진해도 난리고, 연해도 난리고."
vhD5X6oeK8k_000210,vhD5X6oeK8k,beau,train,2.72,kmsav_pilot/cropped/vhD5X6oeK8k/utts/000210.mp4,우리 30대 언니들을 위해 홀리가 나섭니다.
vhD5X6oeK8k_000212,vhD5X6oeK8k,beau,train,7.16,kmsav_pilot/cropped/vhD5X6oeK8k/utts/000212.mp4,저는 30대 분들이 너무 매트한걸 하는 것보다 컬러감 있는데 조금은 촉촉한거 그런거를 하셨으면 좋겠어요 저는.
vhD5X6oeK8k_000229,vhD5X6oeK8k,beau,train,3.28,kmsav_pilot/cropped/vhD5X6oeK8k/utts/000229.mp4,손님 이건 바비브라운이예요
vhD5X6oeK8k_000247,vhD5X6oeK8k,beau,train,4.24,kmsav_pilot/cropped/vhD5X6oeK8k/utts/000247.mp4,아니 근데 사실 나는 반짝거리는 것도 좀 궁금하긴한데 이런거
vhD5X6oeK8k_000256,vhD5X6oeK8k,beau,train,2.2,kmsav_pilot/cropped/vhD5X6oeK8k/utts/000256.mp4,저렴이 립하면 또 페리페라를 빼먹을 수 없
vhD5X6oeK8k_000258,vhD5X6oeK8k,beau,train,2.04,kmsav_pilot/cropped/vhD5X6oeK8k/utts/000258.mp4,저는 감탄 연발 코랄 진짜 예뻐요.
vhD5X6oeK8k_000262,vhD5X6oeK8k,beau,train,3.04,kmsav_pilot/cropped/vhD5X6oeK8k/utts/000262.mp4,참고하세요.
vhD5X6oeK8k_000272,vhD5X6oeK8k,beau,train,2.52,kmsav_pilot/cropped/vhD5X6oeK8k/utts/000272.mp4,착색이 안되는데 이게 지속력이 길어요
vhD5X6oeK8k_000275,vhD5X6oeK8k,beau,train,3.44,kmsav_pilot/cropped/vhD5X6oeK8k/utts/000275.mp4,"아, 저희 집에요? 네. 저희 집에 오시면은 50% 할인된 가격에 사실 수 있"
vhD5X6oeK8k_000289,vhD5X6oeK8k,beau,train,2.72,kmsav_pilot/cropped/vhD5X6oeK8k/utts/000289.mp4,오늘 말하는거 보니까 마지막 영상될거 같아요.
vhD5X6oeK8k_000291,vhD5X6oeK8k,beau,train,2.8,kmsav_pilot/cropped/vhD5X6oeK8k/utts/000291.mp4,얼굴 소멸 윤곽템 5백 개.
vhD5X6oeK8k_000292,vhD5X6oeK8k,beau,train,2.8,kmsav_pilot/cropped/vhD5X6oeK8k/utts/000292.mp4,돌려 돌려 돌려 깎이 짜란.
zu1REHalroU_000018,zu1REHalroU,scie,train,8.16,kmsav_pilot/cropped/zu1REHalroU/utts/000018.mp4,"뭉쳐가지고 어떤 그 기둥을 만든다든지, 그런 현상은 이 위치에 대한 어떤 집중 현상이구요."
zu1REHalroU_000019,zu1REHalroU,scie,train,8.88,kmsav_pilot/cropped/zu1REHalroU/utts/000019.mp4,"아까 플로킹 현상이라고 하는건 새 떼들이 같은 속력 속도를 가지고 날아가는 거기 때문에, 속도에 대한 집중 현상이구요."
zu1REHalroU_000021,zu1REHalroU,scie,train,8.72,kmsav_pilot/cropped/zu1REHalroU/utts/000021.mp4,우리가 다른 모습을 띄고 있지만은 기본적으로 그런 것들은 다 같은 그 현상이라고 저는 이해를 하고 있습니다.
zu1REHalroU_000024,zu1REHalroU,scie,train,8.52,kmsav_pilot/cropped/zu1REHalroU/utts/000024.mp4,아 좀 어려운 질문이네요. 그런데 그 군집현상과 카오스 물론 어떤 시스템이
zu1REHalroU_000025,zu1REHalroU,scie,train,8.64,kmsav_pilot/cropped/zu1REHalroU/utts/000025.mp4,"카오틱한 현상을 보일 때도 있고, 똑같은 아까 제가 그 아까 제 강연에서 말쓰 보여드렸던 그 로렌츠 이퀘이션도"
zu1REHalroU_000026,zu1REHalroU,scie,train,7.48,kmsav_pilot/cropped/zu1REHalroU/utts/000026.mp4,그 앞에 그 변수가 코에피션트가 변함에 어떤 일정한 값을 취할 떄만 카오틱해 지거든요.
zu1REHalroU_000028,zu1REHalroU,scie,train,2.96,kmsav_pilot/cropped/zu1REHalroU/utts/000028.mp4,그 약간 그 양면성이 있는거 같아요.
zu1REHalroU_000030,zu1REHalroU,scie,train,5.56,kmsav_pilot/cropped/zu1REHalroU/utts/000030.mp4,뭐 그걸 자연현상 위주로 다루시는 건가요? 아니면은 뭐 사회현상도 그 대상에 포함이 되는 겁니까?
zu1REHalroU_000031,zu1REHalroU,scie,train,9.88,kmsav_pilot/cropped/zu1REHalroU/utts/000031.mp4,예 그 제가 사실은 요 쪽에 이제 그 사회 현상에서 나타나는 군집현상 이런거에 좀 관심을 가지게 된 계기가 있습니다.
zu1REHalroU_000032,zu1REHalroU,scie,train,8.96,kmsav_pilot/cropped/zu1REHalroU/utts/000032.mp4,"그 아마 지금 애기해도 될 거 같은데, 그 예전에 그 소고기 그 치 우리 그 파 그 뭐죠?"
zu1REHalroU_000034,zu1REHalroU,scie,train,8.2,kmsav_pilot/cropped/zu1REHalroU/utts/000034.mp4,예 광우병 그 때 사람들 이렇게 아고라를 통해 가지고 그렇게 이제 모여가지고 서로 이렇게 항의하고 이런 현상들
zu1REHalroU_000035,zu1REHalroU,scie,train,8.4,kmsav_pilot/cropped/zu1REHalroU/utts/000035.mp4,전 굉장히 그게 궁금했거든요. 그걸 어떻게 수학적으로 모델링할 수 있을까? 에 이제 그런 의무시 의구심에서 시작해가지고
zu1REHalroU_000041,zu1REHalroU,scie,train,9.64,kmsav_pilot/cropped/zu1REHalroU/utts/000041.mp4,"변동성이라는 게 있을 수 있습니다. 주식이 변하는 정도를 나타내는게 변동성인데, 변동성이 금융위기 때는 급격하게 동기화 현상이 나타난다는 걸 우리가 관측했습니다. 그로인해서"
zu1REHalroU_000043,zu1REHalroU,scie,train,8.48,kmsav_pilot/cropped/zu1REHalroU/utts/000043.mp4,어 저 모델을 갖다가 만들었습니다. 그리고 사실상 보면 어 투자자들이 요새 비트코인 했죠. 거기에서 보면
zu1REHalroU_000045,zu1REHalroU,scie,train,9.56,kmsav_pilot/cropped/zu1REHalroU/utts/000045.mp4,"오름과 내림을 갖다 반복하는, 이런 것이 사실상 보면 많은 사람들이 몰려드는 현상이거든요. 이것이 그것을 갖다가 금융에서는 허딩 비헤이버라고 합니다."
zu1REHalroU_000050,zu1REHalroU,scie,train,9.16,kmsav_pilot/cropped/zu1REHalroU/utts/000050.mp4,디퍼런시에이션이라고 표현 했더라고요. 그리고 같은 현상으로 하는 것을 패션. 이런것에 대한 제 연구도 지금 제가 진행하는 중입니다. 예.
zu1REHalroU_000052,zu1REHalroU,scie,train,7.48,kmsav_pilot/cropped/zu1REHalroU/utts/000052.mp4,언뜻 생각하면 그게 수학적으로 정확하게 모델링을 한다는게 정말 쉽지는 않을 것 같습니다. 그게 어떻게 가능한가요?
zu1REHalroU_000056,zu1REHalroU,scie,train,9.72,kmsav_pilot/cropped/zu1REHalroU/utts/000056.mp4,에 의해서 그런 사회계층이 생긴다는 걸 수학적 모델로 저희가 어 주장을 했거든요. 그러니까 그 비슷한 현상 같아요.
zu1REHalroU_000057,zu1REHalroU,scie,train,5.08,kmsav_pilot/cropped/zu1REHalroU/utts/000057.mp4,아까 강연중에 보여주신 거 중에 이제 평창 올림픽의 드론 쇼가 있었습니다.
zu1REHalroU_000059,zu1REHalroU,scie,train,7.4,kmsav_pilot/cropped/zu1REHalroU/utts/000059.mp4,아 그리고 이제 새들의 어떤 군집현상도 보여주셨는데요. 그러니까 이 2가지를 같은 원리로 이해할 수가 있는 건가요?
zu1REHalroU_000063,zu1REHalroU,scie,train,8.76,kmsav_pilot/cropped/zu1REHalroU/utts/000063.mp4,"자기, 자기 의지에 의해서 움직이기 때문에, 그런 면에서는 조금 다른 거 같습니다. 그 실제로 제가 아마 그"
zu1REHalroU_000069,zu1REHalroU,scie,train,8.64,kmsav_pilot/cropped/zu1REHalroU/utts/000069.mp4,지구에서 요 그 스페이스 요 크래프트를 갖다가 다 통제할 수는 없을 거 아니예요. 굉장히 멀 지구로부터 멀리 떨어져 머 갈수록
zu1REHalroU_000072,zu1REHalroU,scie,train,4.32,kmsav_pilot/cropped/zu1REHalroU/utts/000072.mp4,그 디스트리뷰티트 컨트롤이라고 부릅니다. 공학에서는
zu1REHalroU_000073,zu1REHalroU,scie,train,7.08,kmsav_pilot/cropped/zu1REHalroU/utts/000073.mp4,예 지금 말씀하시는 군집현상은 정말 다양한 예가 있을 것도 같습니다. 배교수님께서도 혹시 소개해 주실만한 예가 있을까요?
zu1REHalroU_000075,zu1REHalroU,scie,train,8.76,kmsav_pilot/cropped/zu1REHalroU/utts/000075.mp4,예를 들어서 우리 몸 속에 그지 제가 이제 의학 쪽에 한번 적용 해 볼 생각도 좀 있습니다. 의 예 다양한 생각들 예 다양한 곳에서 나타나기 때문에 예를 들어서
zu1REHalroU_000079,zu1REHalroU,scie,train,8.88,kmsav_pilot/cropped/zu1REHalroU/utts/000079.mp4,의대교수하고 하려고 하다가 거리가 멀어가지고 대화하다가 좀 끊겼습니다. 좀 아쉽게도요. 그 외 다른 분야도 보니까 항 굉장히 많은 것 같습니다.
zu1REHalroU_000081,zu1REHalroU,scie,train,2.2,kmsav_pilot/cropped/zu1REHalroU/utts/000081.mp4,그거에 대해서도 좀 소개를 해 주시죠. 예.
zu1REHalroU_000087,zu1REHalroU,scie,train,9.8,kmsav_pilot/cropped/zu1REHalroU/utts/000087.mp4,"그 중에 한 뭐 3개 정도가 성공적이였다고 제가 들었는데 뭐 2010스 한 이그잼플을 들자면, 2013년도에 그 무명의"
zu1REHalroU_000088,zu1REHalroU,scie,train,8.84,kmsav_pilot/cropped/zu1REHalroU/utts/000088.mp4,어 중국계 미국인 수학자 이탄 장이라는 분이 갑자기 그 우리 수학계에 나타납니다. 이 분은 박사를 받고
zu1REHalroU_000091,zu1REHalroU,scie,train,7.8,kmsav_pilot/cropped/zu1REHalroU/utts/000091.mp4,"그게 이제 그 프라임 갭에 관한 소수의 차이, 간극에 관한 논문을 쓰게 되는데 이 논문으로"
zu1REHalroU_000092,zu1REHalroU,scie,train,9.52,kmsav_pilot/cropped/zu1REHalroU/utts/000092.mp4,"하루 아침에 신데렐라가 됐어요. 수학계에서 가장 유명한 사람이 됐고, 아마 그분이 한 10여년도 제 제가 추측건대, 한 10년, 20년만"
zu1REHalroU_000094,zu1REHalroU,scie,train,9.08,kmsav_pilot/cropped/zu1REHalroU/utts/000094.mp4,여기서 정확히 그걸 수학적으로 우리말로 설명하기 좀 힘든데요. 하여튼 그 이탄 장의 결과를 여러 사람들이 메시브하게 이렇게
zu1REHalroU_000095,zu1REHalroU,scie,train,8.92,kmsav_pilot/cropped/zu1REHalroU/utts/000095.mp4,"같이 뛰어들어 가지고, 굉장히 그 결과를 향상을 시켰거든요. 그러니까 문제에 따라서는 이런 그 군집"
zu1REHalroU_000096,zu1REHalroU,scie,train,2.72,kmsav_pilot/cropped/zu1REHalroU/utts/000096.mp4,적으로 같이 일을 하는 것도 가능할 거 같아요.
