clip_id,source_video_id,domain,split,duration_sec,clip_path,transcript,dataset
-_K3g6HyQOg_000233,-_K3g6HyQOg,mukb,train,4.8,kmsav_pilot/cropped/-_K3g6HyQOg/utts/000233.mp4,"하여튼, 흔쾌히 또 같이 와준 동생이 있어가지고 오늘 예. 한잔","KMSAV (interim, not OLKAVS)"
-_K3g6HyQOg_000257,-_K3g6HyQOg,mukb,train,4.04,kmsav_pilot/cropped/-_K3g6HyQOg/utts/000257.mp4,음 굉장히 찰집니다. 아유,"KMSAV (interim, not OLKAVS)"
-_K3g6HyQOg_000284,-_K3g6HyQOg,mukb,train,2.0,kmsav_pilot/cropped/-_K3g6HyQOg/utts/000284.mp4,이거는 무조건입니다. 아가미젓. 와,"KMSAV (interim, not OLKAVS)"
-_K3g6HyQOg_000286,-_K3g6HyQOg,mukb,train,9.0,kmsav_pilot/cropped/-_K3g6HyQOg/utts/000286.mp4,"저거 하나 사갈래요. 아가미젓 흐흐흐 자! 이번엔 자, 저는 애는 항상 생물로 먹어봤는데 여기선 이제 같이 숙성을 시킨 애에요. 음","KMSAV (interim, not OLKAVS)"
-_K3g6HyQOg_000309,-_K3g6HyQOg,mukb,train,9.72,kmsav_pilot/cropped/-_K3g6HyQOg/utts/000309.mp4,햐 근데 이게 고민이 되는게 여기 이 이상태에서 더 많이 삭혀서 먹으면 맛이 인제 매콤하면서 좋아요. 근데 홍어는 특성상 더 많이 삭히면 더 짜져요. 더,"KMSAV (interim, not OLKAVS)"
-_K3g6HyQOg_000312,-_K3g6HyQOg,mukb,train,4.36,kmsav_pilot/cropped/-_K3g6HyQOg/utts/000312.mp4,그런 방법이 빨리 좀 개발이 되면 더 좋겠습니다. 음,"KMSAV (interim, not OLKAVS)"
-_K3g6HyQOg_000322,-_K3g6HyQOg,mukb,train,2.52,kmsav_pilot/cropped/-_K3g6HyQOg/utts/000322.mp4,이거는 흑산도가 아니라 국산인거죠? 그냥 국내,"KMSAV (interim, not OLKAVS)"
-_K3g6HyQOg_000327,-_K3g6HyQOg,mukb,train,6.76,kmsav_pilot/cropped/-_K3g6HyQOg/utts/000327.mp4,음 저도 홍어를 먹다보니까 요정도 인제 짬은 나오더라구요. 여기 결이나 살결이나 요런게 보니까 크기가 엄청 큰 홍어는 아니에요.,"KMSAV (interim, not OLKAVS)"
-_K3g6HyQOg_000335,-_K3g6HyQOg,mukb,train,3.72,kmsav_pilot/cropped/-_K3g6HyQOg/utts/000335.mp4,음 지금부터 슬슬슬 오기 시작한 거에요. 빡빡빡하며,"KMSAV (interim, not OLKAVS)"
0e76Mv3YWso_000006,0e76Mv3YWso,scie,train,8.04,kmsav_pilot/cropped/0e76Mv3YWso/utts/000006.mp4,너무 재밌어가지고 나 정신과 안할래. 기초의학 할래 해서 기억의 메커니즘을 연구하는 에릭 캔델 유명한 노벨상도 받았죠.,"KMSAV (interim, not OLKAVS)"
0e76Mv3YWso_000007,0e76Mv3YWso,scie,train,7.4,kmsav_pilot/cropped/0e76Mv3YWso/utts/000007.mp4,근데 그 사람이 역시 미국 사람은 돈을 좋아해가지고 그걸 노벨상 받고 그러더니 갑자기 새 회사를 차려가지고 기업을 증명시키는,"KMSAV (interim, not OLKAVS)"
0e76Mv3YWso_000013,0e76Mv3YWso,scie,train,5.96,kmsav_pilot/cropped/0e76Mv3YWso/utts/000013.mp4,어느 걸 선택해서 간직하고 어떤 걸 없어야 할지 알면 얼마나 좋겠어요. 좀 불가능한거고,"KMSAV (interim, not OLKAVS)"
0e76Mv3YWso_000014,0e76Mv3YWso,scie,train,7.4,kmsav_pilot/cropped/0e76Mv3YWso/utts/000014.mp4,다만 옛날 기억들에 너무나 자꾸 자극이 되갖고 안되겠으면은 그런데 호르몬이 트랜스미터가 지나치게 예민해져 있기 때문에,"KMSAV (interim, not OLKAVS)"
0e76Mv3YWso_000015,0e76Mv3YWso,scie,train,6.84,kmsav_pilot/cropped/0e76Mv3YWso/utts/000015.mp4,정신과 중에 약이 그런거에요. 약을 써서 그런 걸 컴다운 시키면 그런것들을 많이 좋아질 수 있는게 정신과의사들이 사용하는 약물이 되는 거죠.,"KMSAV (interim, not OLKAVS)"
0e76Mv3YWso_000039,0e76Mv3YWso,scie,train,3.12,kmsav_pilot/cropped/0e76Mv3YWso/utts/000039.mp4,퇴행성 질환 치고는 그래도 제일 나은 편인데,"KMSAV (interim, not OLKAVS)"
0e76Mv3YWso_000040,0e76Mv3YWso,scie,train,6.88,kmsav_pilot/cropped/0e76Mv3YWso/utts/000040.mp4,알츠하이머는 주로 아세틸콜린이 많이 들어서 그 약을 주면은 잠시는 좋아져요. 이만큼 좋아지고 나빠지는게 이렇게 나빠지자면은,"KMSAV (interim, not OLKAVS)"
0e76Mv3YWso_000041,0e76Mv3YWso,scie,train,3.6,kmsav_pilot/cropped/0e76Mv3YWso/utts/000041.mp4,약을 쓰면 요만큼 나빠지니까. 좀 낫긴 하지만은 여전히 나빠는 지죠.,"KMSAV (interim, not OLKAVS)"
0e76Mv3YWso_000042,0e76Mv3YWso,scie,train,4.84,kmsav_pilot/cropped/0e76Mv3YWso/utts/000042.mp4,그리고 아세틸콜린 이외에 여러가지가 또 문제가 되기 때문에 하나 가지고 치료가 안돼서 문젠데,"KMSAV (interim, not OLKAVS)"
0e76Mv3YWso_000043,0e76Mv3YWso,scie,train,8.08,kmsav_pilot/cropped/0e76Mv3YWso/utts/000043.mp4,학자들 이야기는 이미 알츠하이머로 기억이 가물하고 이제 잘 모를때는 이미 늦었다는 거죠. 이미 뇌가 많이 망가진 다음에야 증상이 나오기 때문에,"KMSAV (interim, not OLKAVS)"
0e76Mv3YWso_000044,0e76Mv3YWso,scie,train,7.72,kmsav_pilot/cropped/0e76Mv3YWso/utts/000044.mp4,그래서 이제 초기에 기억력이 깜빡거리는 게 50 밖에 안됐을때부터 아 미리 치 치료를 해서 약을 쓰면 낫지 않을까,"KMSAV (interim, not OLKAVS)"
0e76Mv3YWso_000048,0e76Mv3YWso,scie,train,7.72,kmsav_pilot/cropped/0e76Mv3YWso/utts/000048.mp4,안되지만 그런 방향으로 앞으로 그렇게 나갈겁니다. 미리미리해서 또 알츠하이머가 생길만한 유전자도 있고 그러기 때문에 그런 사람을 미리 잡아서,"KMSAV (interim, not OLKAVS)"
0e76Mv3YWso_000052,0e76Mv3YWso,scie,train,4.04,kmsav_pilot/cropped/0e76Mv3YWso/utts/000052.mp4,몸을 머리에 이식한거냐 머리를 이식하냐 아규가 있죠.,"KMSAV (interim, not OLKAVS)"
0e76Mv3YWso_000053,0e76Mv3YWso,scie,train,7.52,kmsav_pilot/cropped/0e76Mv3YWso/utts/000053.mp4,그러나 다들 의사들은 몸을 이식했다고 그래요. 왜냐하면 뇌가 그 사람이지 뇌 몸은 아무나 붙어도 되는거거든요?,"KMSAV (interim, not OLKAVS)"
0e76Mv3YWso_000054,0e76Mv3YWso,scie,train,8.96,kmsav_pilot/cropped/0e76Mv3YWso/utts/000054.mp4,"그래서 머리 몸을 통째로 그런 사람을 이식하려는 시도가 있었어요. 1900 한 8, 70년대 사시 미 미국 사람들이 해서","KMSAV (interim, not OLKAVS)"
0e76Mv3YWso_000059,0e76Mv3YWso,scie,train,7.2,kmsav_pilot/cropped/0e76Mv3YWso/utts/000059.mp4,네 저는 신경과 의사이기 때문에 뇌가 손상 당하는 사람을 봐서 정신과 의사는 안 봅니다만은,"KMSAV (interim, not OLKAVS)"
0e76Mv3YWso_000061,0e76Mv3YWso,scie,train,7.24,kmsav_pilot/cropped/0e76Mv3YWso/utts/000061.mp4,그러니까. 그 그 인간으로 있기가 너무나 고통스럽기 때문에 사 자기를 바꿔 버리는 거죠. 그래서 다른 인간처럼 행동하는 거를 말하는데,"KMSAV (interim, not OLKAVS)"
0e76Mv3YWso_000062,0e76Mv3YWso,scie,train,8.88,kmsav_pilot/cropped/0e76Mv3YWso/utts/000062.mp4,어 정신과 의사한테 물어보니까. 그런 경우는 아주 희귀해서 그 영화에 쓰긴 좋으니까 영화엔 많이 나와요. 영화엔 많 옛날 옛날에도,"KMSAV (interim, not OLKAVS)"
0e76Mv3YWso_000064,0e76Mv3YWso,scie,train,7.44,kmsav_pilot/cropped/0e76Mv3YWso/utts/000064.mp4,그렇지만 실제로는 지극히 적어서 별로 연구가 안되어 있고 너무나 많은 스트레스 때문에 자기를 바꾼다고 일단 생각할 뿐이지,"KMSAV (interim, not OLKAVS)"
0e76Mv3YWso_000069,0e76Mv3YWso,scie,train,4.04,kmsav_pilot/cropped/0e76Mv3YWso/utts/000069.mp4,관심들이 많고요. 저희는 쥐를 모델로 해서 사람을 유추하기 때문에,"KMSAV (interim, not OLKAVS)"
0e76Mv3YWso_000073,0e76Mv3YWso,scie,train,6.48,kmsav_pilot/cropped/0e76Mv3YWso/utts/000073.mp4,"사실은 자라온 환경, 교육 먹는거 다 틀리기 때문에 당연히 틀리거다 이렇게 사람들이 생각을","KMSAV (interim, not OLKAVS)"
0e76Mv3YWso_000080,0e76Mv3YWso,scie,train,3.76,kmsav_pilot/cropped/0e76Mv3YWso/utts/000080.mp4,그래서 저희 아직 많이 갖고 있는 질문이라고 답 해드릴 수 있을 것 같습니다.,"KMSAV (interim, not OLKAVS)"
0e76Mv3YWso_000082,0e76Mv3YWso,scie,train,6.04,kmsav_pilot/cropped/0e76Mv3YWso/utts/000082.mp4,네 이거 아주 깊은 질문인데 뇌성마비는 대개는 아이가 태어날때 너무 일찍 나왔거나,"KMSAV (interim, not OLKAVS)"
0e76Mv3YWso_000083,0e76Mv3YWso,scie,train,5.12,kmsav_pilot/cropped/0e76Mv3YWso/utts/000083.mp4,뭐 너무 늦게 나왔거나 아니면 너무 산모가 출혈이 있거나 아이가 거꾸로 안,"KMSAV (interim, not OLKAVS)"
0e76Mv3YWso_000084,0e76Mv3YWso,scie,train,6.72,kmsav_pilot/cropped/0e76Mv3YWso/utts/000084.mp4,누워 있다가 나왔거나 무슨 문제가 있을때 뇌에 문제가 생기는 건데 어 뇌성마비도 여러가지 증상이 있지만,"KMSAV (interim, not OLKAVS)"
0e76Mv3YWso_000085,0e76Mv3YWso,scie,train,5.48,kmsav_pilot/cropped/0e76Mv3YWso/utts/000085.mp4,제가 아까 말씀드렸던 대로 기저핵이라는 부분이 주로 망가지는 뇌성마비가 있거든요?,"KMSAV (interim, not OLKAVS)"
0e76Mv3YWso_000086,0e76Mv3YWso,scie,train,8.8,kmsav_pilot/cropped/0e76Mv3YWso/utts/000086.mp4,아까 그 문소리가 바로 그 연기를 한거예요. 뇌성마비 환자를 처음 어릴때부터 그랬거든요. 그런 사람은 어릴때 그래서 제가 말씀드린 긴장 이상증을 일으키는 병은 많아요.,"KMSAV (interim, not OLKAVS)"
0e76Mv3YWso_000087,0e76Mv3YWso,scie,train,7.16,kmsav_pilot/cropped/0e76Mv3YWso/utts/000087.mp4,뇌졸중도 기저핵이 망가지면 다 올 수 있는데 뇌성마비는 어릴때부터 이게 망가져서 이렇게 오랫동안 사는 건데,"KMSAV (interim, not OLKAVS)"
0e76Mv3YWso_000092,0e76Mv3YWso,scie,train,7.32,kmsav_pilot/cropped/0e76Mv3YWso/utts/000092.mp4,"글쎄, 역시 어려운 문제인데 남자도 물론 변연계에서 사랑이 나오죠. 그런데 일반적으로 변연계의 활성화는","KMSAV (interim, not OLKAVS)"
0e76Mv3YWso_000093,0e76Mv3YWso,scie,train,8.56,kmsav_pilot/cropped/0e76Mv3YWso/utts/000093.mp4,우리 우리가 기능적 MRI라고 통 속에 들어가서 뭐뭐 손을 움직여버리면 여기 활성화되는 걸 보고 알 수가 있는게 있는데 여자들이 훨씬 더 강하죠.,"KMSAV (interim, not OLKAVS)"
0e76Mv3YWso_000094,0e76Mv3YWso,scie,train,8.52,kmsav_pilot/cropped/0e76Mv3YWso/utts/000094.mp4,그리고 어 엠퍼시라고 그럴까요? 애가 우는 소리를 들으면 여자는 변연계가 막 활성화돼요. 남자들은 별로 안해요. 긴가민가합니다.,"KMSAV (interim, not OLKAVS)"
0e76Mv3YWso_000098,0e76Mv3YWso,scie,train,9.24,kmsav_pilot/cropped/0e76Mv3YWso/utts/000098.mp4,모든 감각이 여성이 예민해요. 모든 감각이요. 뭐 근데 여 그건 길러져서 그런게 아니라 아기도 그래. 갓난아기도 여자가 훨씬 더 예민하다고 그 태어난 거죠.,"KMSAV (interim, not OLKAVS)"
0e76Mv3YWso_000099,0e76Mv3YWso,scie,train,6.48,kmsav_pilot/cropped/0e76Mv3YWso/utts/000099.mp4,그니까. 남녀가 같을 순 없어요. 뇌로 볼때는. 몰라요. 이게 똑같이 생활을 하다 보면은 똑같아질수도 있지만 아직까지는 그래요.,"KMSAV (interim, not OLKAVS)"
0e76Mv3YWso_000100,0e76Mv3YWso,scie,train,8.44,kmsav_pilot/cropped/0e76Mv3YWso/utts/000100.mp4,그렇기 때문에 서로의 특성을 특장을 살려서 서로서로 도와서 서로 가서 제가 보기엔 변연계와 심피질을 둘 다 쓰는게 제일 좋아요.,"KMSAV (interim, not OLKAVS)"
0e76Mv3YWso_000101,0e76Mv3YWso,scie,train,3.56,kmsav_pilot/cropped/0e76Mv3YWso/utts/000101.mp4,그니까. 남자가 도와줘야지. 남자가 애 봐주지 않으면 못하니까.,"KMSAV (interim, not OLKAVS)"
0e76Mv3YWso_000102,0e76Mv3YWso,scie,train,6.56,kmsav_pilot/cropped/0e76Mv3YWso/utts/000102.mp4,그렇게해서 그렇기 때문에 제가 말씀는 거에요. 사회적으로 우리가 다같이 그걸 이해해서 차이를 그런 좋은 사회를 이뤄야 되는 것 같아요.,"KMSAV (interim, not OLKAVS)"
0e76Mv3YWso_000107,0e76Mv3YWso,scie,train,5.4,kmsav_pilot/cropped/0e76Mv3YWso/utts/000107.mp4,근데 고 놈은 약간 변동 되어가지고 앞 쪽에 전두엽이 망가지다 보니까 성격이 달라져요.,"KMSAV (interim, not OLKAVS)"
0e76Mv3YWso_000108,0e76Mv3YWso,scie,train,6.04,kmsav_pilot/cropped/0e76Mv3YWso/utts/000108.mp4,전두엽은 우리 우리 자아거든요. 자아가 전두엽이 망가지면 순하던 사람이 막 난폭해지고 어,"KMSAV (interim, not OLKAVS)"
0e76Mv3YWso_000109,0e76Mv3YWso,scie,train,5.0,kmsav_pilot/cropped/0e76Mv3YWso/utts/000109.mp4,난폭하던 사람이 얌전해지고 변합니다. 사람이 달 달라지면 그건 치매 징조가 있는거죠.,"KMSAV (interim, not OLKAVS)"
0e76Mv3YWso_000110,0e76Mv3YWso,scie,train,8.08,kmsav_pilot/cropped/0e76Mv3YWso/utts/000110.mp4,전두엽이 많이 망가지니까 평상시에 전두엽이 억누르고 있던 다른 것이 오히려 릴리즈가 됐어요. 해소 해소가 될 수가 있어요.,"KMSAV (interim, not OLKAVS)"
0e76Mv3YWso_000116,0e76Mv3YWso,scie,train,6.48,kmsav_pilot/cropped/0e76Mv3YWso/utts/000116.mp4,실제로 그런 그림들이 많이 레포트가 돼요. 그 그림을 더 멋있게 그리고 다르게 그리는 것들이 레포트가 많이 돼서,"KMSAV (interim, not OLKAVS)"
0fppXi4h5v8_000013,0fppXi4h5v8,issu,train,3.6,kmsav_pilot/cropped/0fppXi4h5v8/utts/000013.mp4,아 지나치게 낮은 형을 선고한 것이 아닌가 생각이 듭니다.,"KMSAV (interim, not OLKAVS)"
1DKwTQ5yL6k_000013,1DKwTQ5yL6k,inte,train,3.48,kmsav_pilot/cropped/1DKwTQ5yL6k/utts/000013.mp4,안녕하세요. 군복무를 마치고 돌아온 정현철 입니다.,"KMSAV (interim, not OLKAVS)"
1DKwTQ5yL6k_000014,1DKwTQ5yL6k,inte,train,3.88,kmsav_pilot/cropped/1DKwTQ5yL6k/utts/000014.mp4,저도 현철이형과 같이 군복무를 마치고 돌아온 김주성 입니다.,"KMSAV (interim, not OLKAVS)"
1DKwTQ5yL6k_000027,1DKwTQ5yL6k,inte,train,2.08,kmsav_pilot/cropped/1DKwTQ5yL6k/utts/000027.mp4,같이 뭐 얘기하고 이러면 뭐,"KMSAV (interim, not OLKAVS)"
1DKwTQ5yL6k_000030,1DKwTQ5yL6k,inte,train,8.8,kmsav_pilot/cropped/1DKwTQ5yL6k/utts/000030.mp4,저녁에 이제 할 게 할 게 없으니까. 저녁 먹고 막 부르마블 같은 거 하고 PX에서 막 맛있는 거 사갖고 저희 같이 먹고 막 그 그러면서 시간을 보냈던 것 같아요.,"KMSAV (interim, not OLKAVS)"
1DKwTQ5yL6k_000046,1DKwTQ5yL6k,inte,train,7.0,kmsav_pilot/cropped/1DKwTQ5yL6k/utts/000046.mp4,여기와서도 그렇게 할거라고 걔는 제가 짐작을 했었어요. 그렇게 말하는 거 보니까. 어떻게 행동하는지 짐작이 가네요.,"KMSAV (interim, not OLKAVS)"
54ULzusB3zU_000010,54ULzusB3zU,scie,train,9.88,kmsav_pilot/cropped/54ULzusB3zU/utts/000010.mp4,"제가 재해석을 해보면, 비교적 그 우리가 이해는 잘 하고 있는 것들이 있습니다. 그니까 예를 들어서 뭐","KMSAV (interim, not OLKAVS)"
54ULzusB3zU_000013,54ULzusB3zU,scie,train,9.24,kmsav_pilot/cropped/54ULzusB3zU/utts/000013.mp4,현상입니다. 그렇지만 이 문제를 가져다가 사람보고 풀라고 그러면 미지수가 아까 이야기했던 우리 문제를 풀려고 하는 방정식의,"KMSAV (interim, not OLKAVS)"
54ULzusB3zU_000017,54ULzusB3zU,scie,train,9.84,kmsav_pilot/cropped/54ULzusB3zU/utts/000017.mp4,"일단 기본적인 원리만 이해한다면, 그러면 그 작업이 지난하고 굉장히 오래걸리고","KMSAV (interim, not OLKAVS)"
54ULzusB3zU_000023,54ULzusB3zU,scie,train,6.04,kmsav_pilot/cropped/54ULzusB3zU/utts/000023.mp4,그랬더니 그 기계는 움직이다가 벽에 부딪히면 스스로 물러나서 다른 데로 갑니다.,"KMSAV (interim, not OLKAVS)"
54ULzusB3zU_000024,54ULzusB3zU,scie,train,7.96,kmsav_pilot/cropped/54ULzusB3zU/utts/000024.mp4,"만약 이걸 사람들이 프로그램을 짜서 만든다 그러면, 자 벽에 부딪히면 뭐하라 이런식으로 명령을 만들겠죠. 그런데 그게 아니라 각 신경들이","KMSAV (interim, not OLKAVS)"
54ULzusB3zU_000025,54ULzusB3zU,scie,train,9.92,kmsav_pilot/cropped/54ULzusB3zU/utts/000025.mp4,"각 각 뉴런들이 어떻게 신호를 주는지만 결정해 주면, 걔가 마치 살아있는 것 처럼 움직인다라는 거죠. 사실 극단적으로 얘기하면 사람도 그런 존재일 지도 모릅니다.","KMSAV (interim, not OLKAVS)"
54ULzusB3zU_000031,54ULzusB3zU,scie,train,7.52,kmsav_pilot/cropped/54ULzusB3zU/utts/000031.mp4,순서도 이렇게 해서 튜링의 알고리즘 프로그램을 짤 수 있을거 것처럼 보입니다. 그런데 또 하나는 인공,"KMSAV (interim, not OLKAVS)"
54ULzusB3zU_000034,54ULzusB3zU,scie,train,9.6,kmsav_pilot/cropped/54ULzusB3zU/utts/000034.mp4,"알파고는 컴퓨터를 만들어 놓는다고 해가지고 뭔가 일을 잘 하지 못합니다. 뭔가 계속해서 훈련시키고, 어떤 식으로 어떤 방식으로","KMSAV (interim, not OLKAVS)"
54ULzusB3zU_000066,54ULzusB3zU,scie,train,9.8,kmsav_pilot/cropped/54ULzusB3zU/utts/000066.mp4,"어 문제에 주어져 있는 그 밑에 깔려있는 숨어있는 구조가 무엇인지를 파악하고 이런걸 볼려고 내는 문제니까, 기본적으로는 어 그냥 유한한 단계를","KMSAV (interim, not OLKAVS)"
54ULzusB3zU_000068,54ULzusB3zU,scie,train,6.64,kmsav_pilot/cropped/54ULzusB3zU/utts/000068.mp4,어 어 그러니까 컴퓨 뭐 알고리듬으로 문제를 풀겠다는 생각은 안하시는 게 좋습니다.,"KMSAV (interim, not OLKAVS)"
54ULzusB3zU_000078,54ULzusB3zU,scie,train,9.36,kmsav_pilot/cropped/54ULzusB3zU/utts/000078.mp4,"사람한테 의미있는 종류의 그 학생이 이 문제를 받았을 때, 어떤 식의 수학적 사고를 가질 지 실측하기 위해서 문제를 내는 거지 않습니까?","KMSAV (interim, not OLKAVS)"
54ULzusB3zU_000080,54ULzusB3zU,scie,train,9.52,kmsav_pilot/cropped/54ULzusB3zU/utts/000080.mp4,저도 뭐 답을 모릅니다. 강 인공지능이라는 거가 본질적으로 존재할지 그런데 1가지 저의 생각은 우리가 우리가,"KMSAV (interim, not OLKAVS)"
54ULzusB3zU_000082,54ULzusB3zU,scie,train,9.56,kmsav_pilot/cropped/54ULzusB3zU/utts/000082.mp4,"정치 사회적인 문제는 잘 모르겠지만, 수학문제를 갖다가 푸는 도구로써 인공지능을 발전시킨다고 그러면, 우리는 아무런 할 일 이 없는 종류로 인공지능을","KMSAV (interim, not OLKAVS)"
54ULzusB3zU_000083,54ULzusB3zU,scie,train,2.32,kmsav_pilot/cropped/54ULzusB3zU/utts/000083.mp4,발전시킬 가능성은 없다고 보여지고요.,"KMSAV (interim, not OLKAVS)"
54ULzusB3zU_000084,54ULzusB3zU,scie,train,9.16,kmsav_pilot/cropped/54ULzusB3zU/utts/000084.mp4,"우리의 사고를 훨씬 더 넓히고, 우리가 관심있는 문제를 새로운 지평을 열어줄 수 있도록 도움을 주는 형태의 인공지능을 만들 것 같습니다.","KMSAV (interim, not OLKAVS)"
54ULzusB3zU_000088,54ULzusB3zU,scie,train,9.04,kmsav_pilot/cropped/54ULzusB3zU/utts/000088.mp4,1가지 시각은 리만가설 자체가 우리가 갖고 있는 수학체계의 공리체계 극단적으로는 이거는 뭐,"KMSAV (interim, not OLKAVS)"
54ULzusB3zU_000115,54ULzusB3zU,scie,train,9.44,kmsav_pilot/cropped/54ULzusB3zU/utts/000115.mp4,"사색정리 증명이 나왔을 때, 전부다 대부분의 수학자들이 어글리라고 했던 이유가 그 증명 과정이 컴퓨터에 들어있기 때문에 우리가 알 수가 없잖아요. 눈에 보이지 않았기 때문에","KMSAV (interim, not OLKAVS)"
5lX4UInJwBU_000009,5lX4UInJwBU,beau,train,2.24,kmsav_pilot/cropped/5lX4UInJwBU/utts/000009.mp4,저번에는 례아님께서 문제를 내주셨는데,"KMSAV (interim, not OLKAVS)"
5lX4UInJwBU_000043,5lX4UInJwBU,beau,train,3.76,kmsav_pilot/cropped/5lX4UInJwBU/utts/000043.mp4,네 여기에 이제 문제 속에 함정이 있다라고 말씀을 드리고 싶은데요.,"KMSAV (interim, not OLKAVS)"
5lX4UInJwBU_000051,5lX4UInJwBU,beau,train,5.28,kmsav_pilot/cropped/5lX4UInJwBU/utts/000051.mp4,네 맞아요. 이렇게 해서 2L를 목표로 먹을 수 있도록 기준을 정해 놓았거든요.,"KMSAV (interim, not OLKAVS)"
5lX4UInJwBU_000080,5lX4UInJwBU,beau,train,4.56,kmsav_pilot/cropped/5lX4UInJwBU/utts/000080.mp4,그런 분들은 오히려 이런 카페인이 없는 차 종류를 드시는걸 좀 권장드려요,"KMSAV (interim, not OLKAVS)"
5lX4UInJwBU_000090,5lX4UInJwBU,beau,train,2.56,kmsav_pilot/cropped/5lX4UInJwBU/utts/000090.mp4,물의 온도가 영향을 그렇게 크게 주진 않아요.,"KMSAV (interim, not OLKAVS)"
5lX4UInJwBU_000101,5lX4UInJwBU,beau,train,4.12,kmsav_pilot/cropped/5lX4UInJwBU/utts/000101.mp4,습관 성형을 아마 열심히 하신 우리 다노블리 분들은 다 맞추셨겠죠?,"KMSAV (interim, not OLKAVS)"
5lX4UInJwBU_000105,5lX4UInJwBU,beau,train,4.32,kmsav_pilot/cropped/5lX4UInJwBU/utts/000105.mp4,우리가 자면서 노폐물을 배출하는 시간을 갖다 보니까,"KMSAV (interim, not OLKAVS)"
75AWLc2tQIQ_000005,75AWLc2tQIQ,scie,train,9.36,kmsav_pilot/cropped/75AWLc2tQIQ/utts/000005.mp4,"어 각각의 각각의 방법이 분자를 움직이게 하는 건 있는데, 트위저 같은 경우에는 어 빛을 이용해 갖고, 어떤 빛의 어떤 압력을","KMSAV (interim, not OLKAVS)"
75AWLc2tQIQ_000008,75AWLc2tQIQ,scie,train,8.4,kmsav_pilot/cropped/75AWLc2tQIQ/utts/000008.mp4,"어 팁 자체는 그렇게 크게 상호 작용을 하지 않지만, 집어넣어준 전자가 분자와 상호 작용을 해서 분자를 얻은 거가 어디론가","KMSAV (interim, not OLKAVS)"
75AWLc2tQIQ_000009,75AWLc2tQIQ,scie,train,7.64,kmsav_pilot/cropped/75AWLc2tQIQ/utts/000009.mp4,"움직이게 하는 어 그런 차이가 있습니다. 뭐 간단하게 말씀해갖고 빛이냐? 전자냐? 요, 이런 구분이 있는 것 같다고 생각합니다.","KMSAV (interim, not OLKAVS)"
75AWLc2tQIQ_000012,75AWLc2tQIQ,scie,train,7.8,kmsav_pilot/cropped/75AWLc2tQIQ/utts/000012.mp4,더 기다려요. 라고 얘기를 들어야만 될 거라고 생각을 하구요. 그리고 STM이라는 그 도구 자체가 그렇게,"KMSAV (interim, not OLKAVS)"
75AWLc2tQIQ_000013,75AWLc2tQIQ,scie,train,9.28,kmsav_pilot/cropped/75AWLc2tQIQ/utts/000013.mp4,"어 분자를 자르는 거에는 특허가 돼 있는데, 결합을 만드는 쪽에는 아직도 해결해야 될 문제들이 굉장히 많습니다. 그 이유가,","KMSAV (interim, not OLKAVS)"
75AWLc2tQIQ_000014,75AWLc2tQIQ,scie,train,6.44,kmsav_pilot/cropped/75AWLc2tQIQ/utts/000014.mp4,어 STM 팁에서 나오는 아주 제한된 어,"KMSAV (interim, not OLKAVS)"
75AWLc2tQIQ_000015,75AWLc2tQIQ,scie,train,6.44,kmsav_pilot/cropped/75AWLc2tQIQ/utts/000015.mp4,"그 영역에서만, 어 전자를 집어넣어서","KMSAV (interim, not OLKAVS)"
75AWLc2tQIQ_000016,75AWLc2tQIQ,scie,train,8.56,kmsav_pilot/cropped/75AWLc2tQIQ/utts/000016.mp4,"그거를 흥분시켜갖고 깨는데, 2분자를 합쳐 갖고 화학 결합을 시키려면 그 2개를 동시에","KMSAV (interim, not OLKAVS)"
75AWLc2tQIQ_000018,75AWLc2tQIQ,scie,train,4.52,kmsav_pilot/cropped/75AWLc2tQIQ/utts/000018.mp4,어 아직 제가 알고 있는 기술로서는 그게 어,"KMSAV (interim, not OLKAVS)"
75AWLc2tQIQ_000028,75AWLc2tQIQ,scie,train,9.84,kmsav_pilot/cropped/75AWLc2tQIQ/utts/000028.mp4,"아까 말씀드렸죠? 전자를 잘 받기 위해서 필요한 어떤 상태들이 존재하는데, 그게 각각 고유한 에너지의 그 레벨로 표현이 된다고요.","KMSAV (interim, not OLKAVS)"
75AWLc2tQIQ_000029,75AWLc2tQIQ,scie,train,7.84,kmsav_pilot/cropped/75AWLc2tQIQ/utts/000029.mp4,"그 다음에 거기에 맞춰서 공명상 오낫, 그 똑같은 에너지 레벨을 맞추는 게 공명이라는 작업을 시키는 작업인데,","KMSAV (interim, not OLKAVS)"
75AWLc2tQIQ_000032,75AWLc2tQIQ,scie,train,7.72,kmsav_pilot/cropped/75AWLc2tQIQ/utts/000032.mp4,"그래서 결론적으로 말씀드리면 STM 쪽에 전압을 바꿔줌으로써, 공명 상태를 만들어준다. 입니다.","KMSAV (interim, not OLKAVS)"
75AWLc2tQIQ_000035,75AWLc2tQIQ,scie,train,9.36,kmsav_pilot/cropped/75AWLc2tQIQ/utts/000035.mp4,"전자 상태가 굉장히 큰 간격을 갖고 떨어져 있어요. 서로. 그래서 말씀하신 대로 전자적으로 여기를 시키려면은,","KMSAV (interim, not OLKAVS)"
75AWLc2tQIQ_000036,75AWLc2tQIQ,scie,train,8.6,kmsav_pilot/cropped/75AWLc2tQIQ/utts/000036.mp4,뭐 몇 일렉트로 5V 6V 정도 되는 전자볼트 되는 에너지를 줘야만 되는 경우도 굉장히 많아요.,"KMSAV (interim, not OLKAVS)"
75AWLc2tQIQ_000037,75AWLc2tQIQ,scie,train,4.96,kmsav_pilot/cropped/75AWLc2tQIQ/utts/000037.mp4,"특히 아까 말씀드린 CO 일산화탄소 같은 경우는. 하지만,","KMSAV (interim, not OLKAVS)"
75AWLc2tQIQ_000038,75AWLc2tQIQ,scie,train,7.12,kmsav_pilot/cropped/75AWLc2tQIQ/utts/000038.mp4,"이 분자가 표면에 달라붙어, 금속 표면에 달라붙으면은, 금속 표면이 갖고 있는","KMSAV (interim, not OLKAVS)"
75AWLc2tQIQ_000039,75AWLc2tQIQ,scie,train,9.56,kmsav_pilot/cropped/75AWLc2tQIQ/utts/000039.mp4,"무수히 많은 전자, 자유전자와 이 분자가 새로 결합을 해서, 이 분자가 갖고 있는 상태를 훨씬 더 복잡하고,","KMSAV (interim, not OLKAVS)"
75AWLc2tQIQ_000040,75AWLc2tQIQ,scie,train,7.8,kmsav_pilot/cropped/75AWLc2tQIQ/utts/000040.mp4,"아주 넓게 만들어 버립니다. 그래서 상태가, 그렇게 멀리 떨어져 있는 상태가 아주 좁아지고,","KMSAV (interim, not OLKAVS)"
75AWLc2tQIQ_000041,75AWLc2tQIQ,scie,train,5.8,kmsav_pilot/cropped/75AWLc2tQIQ/utts/000041.mp4,"그 우리가 이용할 수 있는 범위도 굉장히 어 가능성이 높아지고,","KMSAV (interim, not OLKAVS)"
75AWLc2tQIQ_000042,75AWLc2tQIQ,scie,train,8.68,kmsav_pilot/cropped/75AWLc2tQIQ/utts/000042.mp4,그래서 1.5V 정도의 에너지만 줘도 이 물 분자를 전자적으로 역이시킬 수 있는 그런 상황이 되는 겁니다.,"KMSAV (interim, not OLKAVS)"
75AWLc2tQIQ_000047,75AWLc2tQIQ,scie,train,7.88,kmsav_pilot/cropped/75AWLc2tQIQ/utts/000047.mp4,"어 입자를 써야지만 볼 수가 있으니까, 혹시 중간자 정도의 크기를 가진 빔이 있어서,","KMSAV (interim, not OLKAVS)"
75AWLc2tQIQ_000048,75AWLc2tQIQ,scie,train,5.2,kmsav_pilot/cropped/75AWLc2tQIQ/utts/000048.mp4,"뭐 그걸로 현미경으로 이용한다고 그러면, 볼 수 있을지도 잘 모르겠지만,","KMSAV (interim, not OLKAVS)"
75AWLc2tQIQ_000049,75AWLc2tQIQ,scie,train,8.4,kmsav_pilot/cropped/75AWLc2tQIQ/utts/000049.mp4,"음 굉장히 꿈으로 가득 찬 질문이어서, 저도 좀 놀랐습니다. 가지고 갖고 한 번 물어보겠습니다. 전문가들한테. 감사합니다.","KMSAV (interim, not OLKAVS)"
75AWLc2tQIQ_000064,75AWLc2tQIQ,scie,train,7.64,kmsav_pilot/cropped/75AWLc2tQIQ/utts/000064.mp4,"닿아서 원자가 바뀌거나, 뭐 이런 가능성은 없게끔 합니다. 그래서 잘 조심스럽게 해야 되고요.","KMSAV (interim, not OLKAVS)"
75AWLc2tQIQ_000066,75AWLc2tQIQ,scie,train,6.24,kmsav_pilot/cropped/75AWLc2tQIQ/utts/000066.mp4,"전장이 걸리기 때문에, 어 원자의 이동이 일어날 수도 있어요. 팁에. 그래서,","KMSAV (interim, not OLKAVS)"
75AWLc2tQIQ_000067,75AWLc2tQIQ,scie,train,9.04,kmsav_pilot/cropped/75AWLc2tQIQ/utts/000067.mp4,"원래 팁은 텅스텐이나 금 , 은 아니면 백금, 이리듐, 합금, 이 정도가 보통 팁으로 많이 쓰이는 것들인데,","KMSAV (interim, not OLKAVS)"
75AWLc2tQIQ_000068,75AWLc2tQIQ,scie,train,8.28,kmsav_pilot/cropped/75AWLc2tQIQ/utts/000068.mp4,"그걸로 막 표면을 이 스캔하다 보면은, 언젠가 그 팁 표면이 표면에 있는 원자로 뒤덮이는 경우도 있어요.","KMSAV (interim, not OLKAVS)"
75AWLc2tQIQ_000069,75AWLc2tQIQ,scie,train,7.84,kmsav_pilot/cropped/75AWLc2tQIQ/utts/000069.mp4,"그래서 굉장히 조심스럽게 해야 되는 거고요. 그 다음 2번째 질문은, 원자 번호가 큰 것만 보일 수 있지 않을까? 라는 질문이었는데,","KMSAV (interim, not OLKAVS)"
75AWLc2tQIQ_000070,75AWLc2tQIQ,scie,train,4.72,kmsav_pilot/cropped/75AWLc2tQIQ/utts/000070.mp4,어 지금 수소는 안 보여요. 리튬도 본 사람이 거의 없어요.,"KMSAV (interim, not OLKAVS)"
75AWLc2tQIQ_000071,75AWLc2tQIQ,scie,train,6.52,kmsav_pilot/cropped/75AWLc2tQIQ/utts/000071.mp4,"그래 갖고, 한 탄소 정도부터는 어 보이기 시작합니다. 그래 갖고 원자 번호가 너무 낮은 것들은,","KMSAV (interim, not OLKAVS)"
75AWLc2tQIQ_000072,75AWLc2tQIQ,scie,train,7.48,kmsav_pilot/cropped/75AWLc2tQIQ/utts/000072.mp4,"음 사실 어 좀 어려운 얘기긴 하지만, 그 전, 그 원소의 전자 상태가 굉장히 로컬 하게","KMSAV (interim, not OLKAVS)"
75AWLc2tQIQ_000074,75AWLc2tQIQ,scie,train,5.72,kmsav_pilot/cropped/75AWLc2tQIQ/utts/000074.mp4,"그렇게 국소적으로 많이 모여 있지가 않기 때문에, 아주 확실한 STM 이미지를 얻기는 쉽지가 않습니다.","KMSAV (interim, not OLKAVS)"
75AWLc2tQIQ_000077,75AWLc2tQIQ,scie,train,6.36,kmsav_pilot/cropped/75AWLc2tQIQ/utts/000077.mp4,"이름을 갖고 있는 물질을 어 사용하면요, 거기다 전압을 얼마만큼 걸어주느냐에 따라서,","KMSAV (interim, not OLKAVS)"
75AWLc2tQIQ_000078,75AWLc2tQIQ,scie,train,5.8,kmsav_pilot/cropped/75AWLc2tQIQ/utts/000078.mp4,그 물질이 얼마만큼 늘어나고 줄어드느냐 그런 특성을 갖고 있습니다. 근데 그걸로 팁,"KMSAV (interim, not OLKAVS)"
75AWLc2tQIQ_000079,75AWLc2tQIQ,scie,train,5.8,kmsav_pilot/cropped/75AWLc2tQIQ/utts/000079.mp4,을 유지하는 그런 틀을 만들거든요. 거기다가 전압을 걸어줘서 조금,"KMSAV (interim, not OLKAVS)"
75AWLc2tQIQ_000080,75AWLc2tQIQ,scie,train,7.64,kmsav_pilot/cropped/75AWLc2tQIQ/utts/000080.mp4,"이렇게 옆으로 가게끔 하고 이런 어 굉장히 높은 정확도를, 정밀도를 갖고 제어를 할 수 있습니다. 그건 기술적으로는,","KMSAV (interim, not OLKAVS)"
75AWLc2tQIQ_000081,75AWLc2tQIQ,scie,train,6.56,kmsav_pilot/cropped/75AWLc2tQIQ/utts/000081.mp4,"문제가 없는 상태고요. 2번째 빛을 이용하는 거는 어 지금 저희들이 이미,","KMSAV (interim, not OLKAVS)"
75AWLc2tQIQ_000083,75AWLc2tQIQ,scie,train,6.56,kmsav_pilot/cropped/75AWLc2tQIQ/utts/000083.mp4,"저희들이 검출할 수가 있게 됐습니다. 그래서 분자 1개에서의 발광을 계측을 할 수가 있고요. 또 하나는,","KMSAV (interim, not OLKAVS)"
AAAW5DgParc_000008,AAAW5DgParc,mukb,train,2.96,kmsav_pilot/cropped/AAAW5DgParc/utts/000008.mp4,아 미키광수 대 단양 띠리띠리,"KMSAV (interim, not OLKAVS)"
AAAW5DgParc_000057,AAAW5DgParc,mukb,train,2.24,kmsav_pilot/cropped/AAAW5DgParc/utts/000057.mp4,구독자 여러분의 힘이 필요합니다. 댓글로,"KMSAV (interim, not OLKAVS)"
ET54EeUHHig_000028,ET54EeUHHig,mukb,train,2.68,kmsav_pilot/cropped/ET54EeUHHig/utts/000028.mp4,네 이제 바로 먹어보도록 하겠습니다.,"KMSAV (interim, not OLKAVS)"
HHNmbwo8kPg_000054,HHNmbwo8kPg,scie,train,9.16,kmsav_pilot/cropped/HHNmbwo8kPg/utts/000054.mp4,"차단이 되면서 인제 진화를 거듭한건데, 지금 화성에 미생물을 보내면, 인간은 절대 안 될 것 같고 죽을 겁니다. 그래서 질문을 다시, 만약에","KMSAV (interim, not OLKAVS)"
HHNmbwo8kPg_000071,HHNmbwo8kPg,scie,train,9.04,kmsav_pilot/cropped/HHNmbwo8kPg/utts/000071.mp4,"미생물이 혼자 분열을 해가지고 진핵 생물로 갈 수 있다라는 가설이 되는 것이고요, 그게 아니라 다른 가설은 그럴 수 없다. 얘야.","KMSAV (interim, not OLKAVS)"
HHNmbwo8kPg_000078,HHNmbwo8kPg,scie,train,8.52,kmsav_pilot/cropped/HHNmbwo8kPg/utts/000078.mp4,"그래야만, 환경이 뭐 A라는 환경이 있다면, 그 A라는 환경에 맞게, 환경이 그 A라고 하는 환경에","KMSAV (interim, not OLKAVS)"
HHNmbwo8kPg_000087,HHNmbwo8kPg,scie,train,9.32,kmsav_pilot/cropped/HHNmbwo8kPg/utts/000087.mp4,"그러니까 가만히 두었더니, 미생물 중에서 변이가 생기고, 미생물은 세포벽이 있잖아요. 어떤 녀석이 세포 벽이 없어집니다. 흐물흐물해졌죠?","KMSAV (interim, not OLKAVS)"
HHNmbwo8kPg_000093,HHNmbwo8kPg,scie,train,7.68,kmsav_pilot/cropped/HHNmbwo8kPg/utts/000093.mp4,"표면적대 부피의 비가 세포의 크기가 커지면 작아집니다. 그렇기 때문에, 세포는 무한정 커질 수가 없죠. 그 다음에","KMSAV (interim, not OLKAVS)"
HHNmbwo8kPg_000095,HHNmbwo8kPg,scie,train,8.52,kmsav_pilot/cropped/HHNmbwo8kPg/utts/000095.mp4,"그러니까, 이 원핵 세포는 세포막에서 온 몸으로 에너지를 받아들이는 녀석들은, 그대로는 진핵 세포가 안돼고,","KMSAV (interim, not OLKAVS)"
K10oVqHs5XU_000009,K10oVqHs5XU,issu,train,5.76,kmsav_pilot/cropped/K10oVqHs5XU/utts/000009.mp4,그것도 어 그것보담 쫌 뭐 기가 막히는 뭐 여러 가지가 뭐 이야기가 있는데,"KMSAV (interim, not OLKAVS)"
K10oVqHs5XU_000011,K10oVqHs5XU,issu,train,5.08,kmsav_pilot/cropped/K10oVqHs5XU/utts/000011.mp4,이거는 이제 어 수사종결권을 경찰이 갖고 경찰이 수사를 끝내고,"KMSAV (interim, not OLKAVS)"
K10oVqHs5XU_000018,K10oVqHs5XU,issu,train,2.48,kmsav_pilot/cropped/K10oVqHs5XU/utts/000018.mp4,꼭 검 거기 북부지검 검사들이,"KMSAV (interim, not OLKAVS)"
K10oVqHs5XU_000043,K10oVqHs5XU,issu,train,3.08,kmsav_pilot/cropped/K10oVqHs5XU/utts/000043.mp4,모르지요. 뭐 언론이 보도하고 안하고는,"KMSAV (interim, not OLKAVS)"
K10oVqHs5XU_000055,K10oVqHs5XU,issu,train,7.0,kmsav_pilot/cropped/K10oVqHs5XU/utts/000055.mp4,그러니까 증인들을 압박하기 위한 말하자면 증인이나 증거물 등을 갖다가 압박할 목적으로,"KMSAV (interim, not OLKAVS)"
K10oVqHs5XU_000059,K10oVqHs5XU,issu,train,2.48,kmsav_pilot/cropped/K10oVqHs5XU/utts/000059.mp4,다른 경찰서에 끝도 없어 그래서,"KMSAV (interim, not OLKAVS)"
K10oVqHs5XU_000060,K10oVqHs5XU,issu,train,8.56,kmsav_pilot/cropped/K10oVqHs5XU/utts/000060.mp4,아예 그냥 자기들이 모르는 유튜브 나간거까지 내가 다 명시를 해가 여기 여여 여기 여기 여기서 나갔다.,"KMSAV (interim, not OLKAVS)"
K10oVqHs5XU_000061,K10oVqHs5XU,issu,train,6.6,kmsav_pilot/cropped/K10oVqHs5XU/utts/000061.mp4,그리고 이제 김명신과 만난게 내가 정확한 기억으로만 13번인데,"KMSAV (interim, not OLKAVS)"
K10oVqHs5XU_000079,K10oVqHs5XU,issu,train,6.24,kmsav_pilot/cropped/K10oVqHs5XU/utts/000079.mp4,길게 진행된거는 내가 낸 진술서 자체를 다 그거 함 물어보는거만 시간이 상당히 오래 걸리니까,"KMSAV (interim, not OLKAVS)"
K10oVqHs5XU_000080,K10oVqHs5XU,issu,train,2.16,kmsav_pilot/cropped/K10oVqHs5XU/utts/000080.mp4,그것 전체를 갖다가 물어보느라고,"KMSAV (interim, not OLKAVS)"
K10oVqHs5XU_000091,K10oVqHs5XU,issu,train,7.32,kmsav_pilot/cropped/K10oVqHs5XU/utts/000091.mp4,조사할게 없잖아요. 그래서 그사람들이 그 안좋은걸 크 이거는 어렵게 구한 뭐 히든카드처럼,"KMSAV (interim, not OLKAVS)"
K10oVqHs5XU_000119,K10oVqHs5XU,issu,train,2.72,kmsav_pilot/cropped/K10oVqHs5XU/utts/000119.mp4,최은순이를 만나 소개했다 딱 요 2꼭지에요.,"KMSAV (interim, not OLKAVS)"
MhqIY-jQgKI_000008,MhqIY-jQgKI,mukb,train,4.0,kmsav_pilot/cropped/MhqIY-jQgKI/utts/000008.mp4,"LA갈비에요. 음, 어머! 잘 먹을게요. 여러분.","KMSAV (interim, not OLKAVS)"
MhqIY-jQgKI_000010,MhqIY-jQgKI,mukb,train,3.16,kmsav_pilot/cropped/MhqIY-jQgKI/utts/000010.mp4,"또 우리 연희 이모님 덕분에, 그","KMSAV (interim, not OLKAVS)"
MhqIY-jQgKI_000013,MhqIY-jQgKI,mukb,train,6.0,kmsav_pilot/cropped/MhqIY-jQgKI/utts/000013.mp4,"고기를 시켜 먹네요. LA 갈비, 맛있게 먹겠습니다. 음.","KMSAV (interim, not OLKAVS)"
MhqIY-jQgKI_000028,MhqIY-jQgKI,mukb,train,2.96,kmsav_pilot/cropped/MhqIY-jQgKI/utts/000028.mp4,아 이거 꽃게 된장이라서 안 먹나 보다. 내가 먹을게요.,"KMSAV (interim, not OLKAVS)"
MhqIY-jQgKI_000050,MhqIY-jQgKI,mukb,train,3.84,kmsav_pilot/cropped/MhqIY-jQgKI/utts/000050.mp4,고추에 대한 매운맛을 많이 못 느끼는 사람이 있긴 있더라고.,"KMSAV (interim, not OLKAVS)"
MhqIY-jQgKI_000052,MhqIY-jQgKI,mukb,train,3.52,kmsav_pilot/cropped/MhqIY-jQgKI/utts/000052.mp4,마늘이 엄청 맵게 느껴지는 사람도 있고.,"KMSAV (interim, not OLKAVS)"
MhqIY-jQgKI_000059,MhqIY-jQgKI,mukb,train,4.32,kmsav_pilot/cropped/MhqIY-jQgKI/utts/000059.mp4,"어휴, 쉽죠. 우리 엄마는 맨 만날 먹는 거만 먹는데?","KMSAV (interim, not OLKAVS)"
MhqIY-jQgKI_000080,MhqIY-jQgKI,mukb,train,6.6,kmsav_pilot/cropped/MhqIY-jQgKI/utts/000080.mp4,근데 이런 매운맛은 맛있어. 나는 후추 막 퍼 넣은 거 너무 싫어해.,"KMSAV (interim, not OLKAVS)"
MhqIY-jQgKI_000089,MhqIY-jQgKI,mukb,train,3.64,kmsav_pilot/cropped/MhqIY-jQgKI/utts/000089.mp4,"너무 무섭게 많이 쪄서, 먹는 게. 으흠.","KMSAV (interim, not OLKAVS)"
MhqIY-jQgKI_000102,MhqIY-jQgKI,mukb,train,2.16,kmsav_pilot/cropped/MhqIY-jQgKI/utts/000102.mp4,화성인 바이러스에 나가는 거 아니야?,"KMSAV (interim, not OLKAVS)"
MhqIY-jQgKI_000105,MhqIY-jQgKI,mukb,train,3.44,kmsav_pilot/cropped/MhqIY-jQgKI/utts/000105.mp4,언니 나중에 그것 먹어봐요. 염라대왕 라면인가?,"KMSAV (interim, not OLKAVS)"
MhqIY-jQgKI_000111,MhqIY-jQgKI,mukb,train,3.32,kmsav_pilot/cropped/MhqIY-jQgKI/utts/000111.mp4,이게 안 매울 리가 없어. 참고 있는 걸 거야.,"KMSAV (interim, not OLKAVS)"
MhqIY-jQgKI_000123,MhqIY-jQgKI,mukb,train,6.76,kmsav_pilot/cropped/MhqIY-jQgKI/utts/000123.mp4,"음, 맞아. 캡사이신은 살짝 써, 쓴맛 나요.","KMSAV (interim, not OLKAVS)"
MhqIY-jQgKI_000131,MhqIY-jQgKI,mukb,train,2.0,kmsav_pilot/cropped/MhqIY-jQgKI/utts/000131.mp4,연희 이모님 뿌듯하시겠다.,"KMSAV (interim, not OLKAVS)"
MhqIY-jQgKI_000134,MhqIY-jQgKI,mukb,train,7.68,kmsav_pilot/cropped/MhqIY-jQgKI/utts/000134.mp4,"음 어우! 두더지 파이팅! 큼, 큼, 큼. 두더지님, 고마워요.","KMSAV (interim, not OLKAVS)"
MhqIY-jQgKI_000148,MhqIY-jQgKI,mukb,train,2.2,kmsav_pilot/cropped/MhqIY-jQgKI/utts/000148.mp4,나는 너무 많이 먹긴 한다. 그죠?,"KMSAV (interim, not OLKAVS)"
MhqIY-jQgKI_000162,MhqIY-jQgKI,mukb,train,2.72,kmsav_pilot/cropped/MhqIY-jQgKI/utts/000162.mp4,이거 먹을 때 앞니가 사실 무섭긴 해.,"KMSAV (interim, not OLKAVS)"
MhqIY-jQgKI_000171,MhqIY-jQgKI,mukb,train,3.72,kmsav_pilot/cropped/MhqIY-jQgKI/utts/000171.mp4,아랫니 2개가 가짜라서 살짝 무서운. 음,"KMSAV (interim, not OLKAVS)"
MhqIY-jQgKI_000183,MhqIY-jQgKI,mukb,train,5.32,kmsav_pilot/cropped/MhqIY-jQgKI/utts/000183.mp4,아 한번 앞니를 떨어진 적 있어 갖고. 한 2번 떨어졌나?,"KMSAV (interim, not OLKAVS)"
MhqIY-jQgKI_000187,MhqIY-jQgKI,mukb,train,2.08,kmsav_pilot/cropped/MhqIY-jQgKI/utts/000187.mp4,얘는 고기 많아. 이 봐.,"KMSAV (interim, not OLKAVS)"
MhqIY-jQgKI_000192,MhqIY-jQgKI,mukb,train,2.4,kmsav_pilot/cropped/MhqIY-jQgKI/utts/000192.mp4,예. 총체적 난국이거든.,"KMSAV (interim, not OLKAVS)"
MhqIY-jQgKI_000193,MhqIY-jQgKI,mukb,train,3.12,kmsav_pilot/cropped/MhqIY-jQgKI/utts/000193.mp4,"이 시간에 빠져버리면, 회사에서.","KMSAV (interim, not OLKAVS)"
MhqIY-jQgKI_000197,MhqIY-jQgKI,mukb,train,3.8,kmsav_pilot/cropped/MhqIY-jQgKI/utts/000197.mp4,거기다가 아 라미가 아니라 크라운이라서,"KMSAV (interim, not OLKAVS)"
MhqIY-jQgKI_000198,MhqIY-jQgKI,mukb,train,3.88,kmsav_pilot/cropped/MhqIY-jQgKI/utts/000198.mp4,이빨이 엄청 쪼그맣단 말이야. 앞에 있어 귀여운 이빨이긴 한데.,"KMSAV (interim, not OLKAVS)"
MhqIY-jQgKI_000207,MhqIY-jQgKI,mukb,train,2.84,kmsav_pilot/cropped/MhqIY-jQgKI/utts/000207.mp4,"어머, 쌈 있는 걸 깜빡했네요.","KMSAV (interim, not OLKAVS)"
MhqIY-jQgKI_000209,MhqIY-jQgKI,mukb,train,2.4,kmsav_pilot/cropped/MhqIY-jQgKI/utts/000209.mp4,임 오른쪽 거는 임자 있어요?,"KMSAV (interim, not OLKAVS)"
MhqIY-jQgKI_000211,MhqIY-jQgKI,mukb,train,3.76,kmsav_pilot/cropped/MhqIY-jQgKI/utts/000211.mp4,나 임자 있어? 언제부터?,"KMSAV (interim, not OLKAVS)"
MhqIY-jQgKI_000221,MhqIY-jQgKI,mukb,train,2.0,kmsav_pilot/cropped/MhqIY-jQgKI/utts/000221.mp4,아 이거 떼줄까 봐.,"KMSAV (interim, not OLKAVS)"
MhqIY-jQgKI_000226,MhqIY-jQgKI,mukb,train,3.92,kmsav_pilot/cropped/MhqIY-jQgKI/utts/000226.mp4,"음! 으음, 쏘 워즈 서윗해","KMSAV (interim, not OLKAVS)"
MhqIY-jQgKI_000240,MhqIY-jQgKI,mukb,train,3.44,kmsav_pilot/cropped/MhqIY-jQgKI/utts/000240.mp4,반찬도 맛있다. 반찬이 아니라 이거 뭐라 그래?,"KMSAV (interim, not OLKAVS)"
MhqIY-jQgKI_000251,MhqIY-jQgKI,mukb,train,5.84,kmsav_pilot/cropped/MhqIY-jQgKI/utts/000251.mp4,"왜, 난 관심도 없는데. 님 혼자 내 스타일이네, 내 뭐 그래? 난 관심도 없어.","KMSAV (interim, not OLKAVS)"
MhqIY-jQgKI_000255,MhqIY-jQgKI,mukb,train,3.76,kmsav_pilot/cropped/MhqIY-jQgKI/utts/000255.mp4,"어 내일 포밴 님, 내일 일 해요. 내일.","KMSAV (interim, not OLKAVS)"
MhqIY-jQgKI_000262,MhqIY-jQgKI,mukb,train,3.36,kmsav_pilot/cropped/MhqIY-jQgKI/utts/000262.mp4,나 요즘에 다이어트한다고 밥을 안 먹어요.,"KMSAV (interim, not OLKAVS)"
MhqIY-jQgKI_000271,MhqIY-jQgKI,mukb,train,9.8,kmsav_pilot/cropped/MhqIY-jQgKI/utts/000271.mp4,맞아요. 우리 다솔이가 언급하는 거 봤죠? 거기에 음 타 B 음 바라는 글의 언급은 채금이라잖아. 아휴.,"KMSAV (interim, not OLKAVS)"
MhqIY-jQgKI_000277,MhqIY-jQgKI,mukb,train,2.72,kmsav_pilot/cropped/MhqIY-jQgKI/utts/000277.mp4,매번 듣는데도 적응이 안 됐나 봐요.,"KMSAV (interim, not OLKAVS)"
Ml2W6PvzCCM_000012,Ml2W6PvzCCM,scie,train,8.48,kmsav_pilot/cropped/Ml2W6PvzCCM/utts/000012.mp4,"그렇지만 지구 과학자들은 가능한 물리 화학적, 생물학적 지식과 지질학적 기록을 바탕으로 어","KMSAV (interim, not OLKAVS)"
Ml2W6PvzCCM_000013,Ml2W6PvzCCM,scie,train,4.28,kmsav_pilot/cropped/Ml2W6PvzCCM/utts/000013.mp4,그 때의 당시를 재느해 재현해내려고 노력하고 있습니다.,"KMSAV (interim, not OLKAVS)"
Ml2W6PvzCCM_000022,Ml2W6PvzCCM,scie,train,4.4,kmsav_pilot/cropped/Ml2W6PvzCCM/utts/000022.mp4,지구 초기에 지구는 굉장히 뜨거웠을 것으로 지금 예상하고 있습니다.,"KMSAV (interim, not OLKAVS)"
Ml2W6PvzCCM_000023,Ml2W6PvzCCM,scie,train,3.92,kmsav_pilot/cropped/Ml2W6PvzCCM/utts/000023.mp4,뜨거웠다는 말은 굉장히 마그마 활동이 활발했다는 것입니다.,"KMSAV (interim, not OLKAVS)"
Ml2W6PvzCCM_000024,Ml2W6PvzCCM,scie,train,3.8,kmsav_pilot/cropped/Ml2W6PvzCCM/utts/000024.mp4,"여러분, 화산에 가보신 적이 있으신 분이 있을지 모르겠는데","KMSAV (interim, not OLKAVS)"
Ml2W6PvzCCM_000037,Ml2W6PvzCCM,scie,train,5.88,kmsav_pilot/cropped/Ml2W6PvzCCM/utts/000037.mp4,이러한 대기 조건과 이러한 바다의 형성 이런 조건은 아,"KMSAV (interim, not OLKAVS)"
Ml2W6PvzCCM_000079,Ml2W6PvzCCM,scie,train,6.28,kmsav_pilot/cropped/Ml2W6PvzCCM/utts/000079.mp4,지구 초기부터 지금까지 지구 환경은 똑같이 유지됐다고 보지 않습니다.,"KMSAV (interim, not OLKAVS)"
Ml2W6PvzCCM_000080,Ml2W6PvzCCM,scie,train,4.72,kmsav_pilot/cropped/Ml2W6PvzCCM/utts/000080.mp4,많은 변화가 있었는데요. 그러한 변화는 어떻게 일어났을까요?,"KMSAV (interim, not OLKAVS)"
Ml2W6PvzCCM_000082,Ml2W6PvzCCM,scie,train,6.72,kmsav_pilot/cropped/Ml2W6PvzCCM/utts/000082.mp4,여러분 몸을 구성하는 우리 몸은 유기물로 되어 있다 그랬죠? 유기물의 중요한 성분이 탄소입니다.,"KMSAV (interim, not OLKAVS)"
Ml2W6PvzCCM_000141,Ml2W6PvzCCM,scie,train,4.72,kmsav_pilot/cropped/Ml2W6PvzCCM/utts/000141.mp4,그런데 이제 모든 생명체가 다 광합성을 하는 거 아니죠. 우리들은 광합성을 하지 못합니다.,"KMSAV (interim, not OLKAVS)"
Ml2W6PvzCCM_000144,Ml2W6PvzCCM,scie,train,10.0,kmsav_pilot/cropped/Ml2W6PvzCCM/utts/000144.mp4,그래서 요런 식으로 하면서 모든 생명체가 무한정한 태양 에너지를 쓰게 되면서 이제 조그마한 방에서 근근이 먹고 살던 시대를 벗어나게 되죠.,"KMSAV (interim, not OLKAVS)"
OMJ9i30zBIw_000025,OMJ9i30zBIw,mukb,train,3.12,kmsav_pilot/cropped/OMJ9i30zBIw/utts/000025.mp4,"어! 고환 한번 먹자! 그래! 소, 소.","KMSAV (interim, not OLKAVS)"
OMJ9i30zBIw_000041,OMJ9i30zBIw,mukb,train,3.44,kmsav_pilot/cropped/OMJ9i30zBIw/utts/000041.mp4,"이게 섬진강에서 나는 거, 강하고 바다하고","KMSAV (interim, not OLKAVS)"
OMJ9i30zBIw_000045,OMJ9i30zBIw,mukb,train,3.2,kmsav_pilot/cropped/OMJ9i30zBIw/utts/000045.mp4,"그 저기 뭐야. 벚굴, 벚굴","KMSAV (interim, not OLKAVS)"
OMJ9i30zBIw_000064,OMJ9i30zBIw,mukb,train,4.48,kmsav_pilot/cropped/OMJ9i30zBIw/utts/000064.mp4,"진짜 박재범인데, 왜 여기 와서, 헬스장 와서 노래 부르고 다니냐고.","KMSAV (interim, not OLKAVS)"
OMJ9i30zBIw_000139,OMJ9i30zBIw,mukb,train,4.6,kmsav_pilot/cropped/OMJ9i30zBIw/utts/000139.mp4,이게 요때만 잠깐 나오는 거더라고 나도 옛날에 먹어 보고 안 먹어 봤어.,"KMSAV (interim, not OLKAVS)"
RBo3QndKgrE_000022,RBo3QndKgrE,issu,train,9.96,kmsav_pilot/cropped/RBo3QndKgrE/utts/000022.mp4,"자 아무래도 기축통화국의 통화정책이 이제 미 증시를 비롯해서, 전 세계 증시에 큰 영향이 있기 때문일 텐데. 일단 12월 우리 FOMC 그 회의 결과가","KMSAV (interim, not OLKAVS)"
RBo3QndKgrE_000065,RBo3QndKgrE,issu,train,7.72,kmsav_pilot/cropped/RBo3QndKgrE/utts/000065.mp4,뭐 그렇다는 면에서 이번에 일시적이라는 표현을 에 삭제 하면서 소통을 했다라고 평가하고 싶습니다.,"KMSAV (interim, not OLKAVS)"
RBo3QndKgrE_000070,RBo3QndKgrE,issu,train,9.28,kmsav_pilot/cropped/RBo3QndKgrE/utts/000070.mp4,뭐 시간이 또 저희에게 또 한정되어 있다 보니까. 또 이런 또 점도표가 그대로 그 그 금리 인상의 진행 일정이 그대로 진행될지 이런 부분도 좀 말씀해 주시죠.,"KMSAV (interim, not OLKAVS)"
RBo3QndKgrE_000072,RBo3QndKgrE,issu,train,5.28,kmsav_pilot/cropped/RBo3QndKgrE/utts/000072.mp4,"그 버냉키 의장께서 하신 것 중의 하나가 아, 중앙은행에 소통을 좀 더 하자.","KMSAV (interim, not OLKAVS)"
RBo3QndKgrE_000087,RBo3QndKgrE,issu,train,7.48,kmsav_pilot/cropped/RBo3QndKgrE/utts/000087.mp4,과연 중앙은행의 정책 금리가 어느 정도에 가 있을까 라는 것에 대한 자기들의,"KMSAV (interim, not OLKAVS)"
RBo3QndKgrE_000089,RBo3QndKgrE,issu,train,5.44,kmsav_pilot/cropped/RBo3QndKgrE/utts/000089.mp4,그 전체가 다 있으면 19명인데 지금 아마 1자리가 공석이어서 18명이,"KMSAV (interim, not OLKAVS)"
RBo3QndKgrE_000100,RBo3QndKgrE,issu,train,3.0,kmsav_pilot/cropped/RBo3QndKgrE/utts/000100.mp4,점 약속으로 이해하고 싶은,"KMSAV (interim, not OLKAVS)"
RBo3QndKgrE_000102,RBo3QndKgrE,issu,train,8.56,kmsav_pilot/cropped/RBo3QndKgrE/utts/000102.mp4,것이 많은데 그게 사실은 다른 나라들에서는 점도표를 이야기하지 않는 이유 중의 하나인데요. 그건 국가마다 금융시장에,"KMSAV (interim, not OLKAVS)"
RBo3QndKgrE_000103,RBo3QndKgrE,issu,train,5.08,kmsav_pilot/cropped/RBo3QndKgrE/utts/000103.mp4,"이 중앙은행을 이해하는 방식이 달라서 그러한 차이가 나오지 않나, 그렇게 생각을 합니다.","KMSAV (interim, not OLKAVS)"
RBo3QndKgrE_000113,RBo3QndKgrE,issu,train,5.32,kmsav_pilot/cropped/RBo3QndKgrE/utts/000113.mp4,그런 걱정에 조금 동의해서 네 연준도 일시적이라는 표현도 삭제하고,"KMSAV (interim, not OLKAVS)"
RBo3QndKgrE_000115,RBo3QndKgrE,issu,train,7.0,kmsav_pilot/cropped/RBo3QndKgrE/utts/000115.mp4,점점 더 이제 조금은 더 빨리 올린다. 금리를 더 빨리 올린다라는 방식으로,"KMSAV (interim, not OLKAVS)"
RBo3QndKgrE_000119,RBo3QndKgrE,issu,train,3.64,kmsav_pilot/cropped/RBo3QndKgrE/utts/000119.mp4,우리 이제 결국은 우리 신흥국을 포함 우리나라에 어떤 영향을 미칠지가,"KMSAV (interim, not OLKAVS)"
RBo3QndKgrE_000122,RBo3QndKgrE,issu,train,5.8,kmsav_pilot/cropped/RBo3QndKgrE/utts/000122.mp4,사실 그동안 계속 얘기 나왔기 때문에 선반영된 측면도 좀 증시에는 좀 있습니다. 어떻게 보시나요?,"KMSAV (interim, not OLKAVS)"
RBo3QndKgrE_000124,RBo3QndKgrE,issu,train,5.04,kmsav_pilot/cropped/RBo3QndKgrE/utts/000124.mp4,몇몇 신흥국은 영향을 받을 수밖에 없는 게 그게 금융시장의 생리라고 생각을 합니다.,"KMSAV (interim, not OLKAVS)"
RBo3QndKgrE_000127,RBo3QndKgrE,issu,train,4.84,kmsav_pilot/cropped/RBo3QndKgrE/utts/000127.mp4,그렇다면 과연 그 나라가 되지 않으려는 각 신흥국들의 노력이,"KMSAV (interim, not OLKAVS)"
RBo3QndKgrE_000129,RBo3QndKgrE,issu,train,5.0,kmsav_pilot/cropped/RBo3QndKgrE/utts/000129.mp4,현재 보여지고 있고요. 네 우리나라도 마찬가지라고 생각을 합니다.,"KMSAV (interim, not OLKAVS)"
RBo3QndKgrE_000135,RBo3QndKgrE,issu,train,2.68,kmsav_pilot/cropped/RBo3QndKgrE/utts/000135.mp4,내년 1월 또 한차례 금리 인상 얘기를 하고 있는데,"KMSAV (interim, not OLKAVS)"
RBo3QndKgrE_000162,RBo3QndKgrE,issu,train,7.44,kmsav_pilot/cropped/RBo3QndKgrE/utts/000162.mp4,큰 문제는 없을 것이다라는 게 이해라고 생각을 합니다. 물론 코로나나 다른 일로 인한 불확실성은 여전히,"KMSAV (interim, not OLKAVS)"
RBo3QndKgrE_000169,RBo3QndKgrE,issu,train,3.16,kmsav_pilot/cropped/RBo3QndKgrE/utts/000169.mp4,우리나라 경제에 대한 예상도 결국은 코로나,"KMSAV (interim, not OLKAVS)"
RBo3QndKgrE_000172,RBo3QndKgrE,issu,train,5.6,kmsav_pilot/cropped/RBo3QndKgrE/utts/000172.mp4,미국의 중앙은행의 정책이나 그런 식의 그 간접적인 파고? 추가 파고,"KMSAV (interim, not OLKAVS)"
RBo3QndKgrE_000175,RBo3QndKgrE,issu,train,7.28,kmsav_pilot/cropped/RBo3QndKgrE/utts/000175.mp4,네 그런 추가 파고를 잘 막을 수 있는 정책이 나온다면 뭐 통화정책 그리고 경제정책 전체로도,"KMSAV (interim, not OLKAVS)"
RBo3QndKgrE_000178,RBo3QndKgrE,issu,train,7.4,kmsav_pilot/cropped/RBo3QndKgrE/utts/000178.mp4,"이번 코로나 위기 아주 잘 예 대응했다 라고 평가할 수 있지 않을까, 네 그렇게 바라보고 기대하고 있습니다.","KMSAV (interim, not OLKAVS)"
RG5Kpfiw-Kw_000001,RG5Kpfiw-Kw,issu,train,3.32,kmsav_pilot/cropped/RG5Kpfiw-Kw/utts/000001.mp4,이데일리의 이광수 기자와 함께 하시죠 안녕하세요?,"KMSAV (interim, not OLKAVS)"
RG5Kpfiw-Kw_000013,RG5Kpfiw-Kw,issu,train,9.6,kmsav_pilot/cropped/RG5Kpfiw-Kw/utts/000013.mp4,삐에로 쇼핑이라던지 막 등등등 약간 실험을 약간 좋아하는 그런 성향을 나타내고 있기 때문에 그런 차원에서 좀 네이버를 좀 만난 것이 아닌가 좀 이런 생각이 드는데요.,"KMSAV (interim, not OLKAVS)"
RG5Kpfiw-Kw_000014,RG5Kpfiw-Kw,issu,train,9.12,kmsav_pilot/cropped/RG5Kpfiw-Kw/utts/000014.mp4,"그 네이버 예전에 그 고위 관계자분 만나가지고 예전에 CJ 대한통운과 이렇게 주식교환 했을 때 와, 어떻게 이렇게 온라인 쇼핑을 강화하는거냐 막 이렇게","KMSAV (interim, not OLKAVS)"
RG5Kpfiw-Kw_000020,RG5Kpfiw-Kw,issu,train,5.56,kmsav_pilot/cropped/RG5Kpfiw-Kw/utts/000020.mp4,아마 양사도 물론 그걸 고려하고 있겠지만 아직까지는 뭐 구체적인 단계는 당연히 아닐 것으로 그렇게 예상이 됩니,"KMSAV (interim, not OLKAVS)"
RG5Kpfiw-Kw_000025,RG5Kpfiw-Kw,issu,train,9.8,kmsav_pilot/cropped/RG5Kpfiw-Kw/utts/000025.mp4,"돈이 안벌리는, 지금 적자거든요 SK 와이번스가. 그래서 그 야구단을 왜 샀냐, 아무리 싸게 샀어도 좀 그런 시너지 자체 의문이 든다 좀 이런 시장에서 해석을 했던거 같아요.","KMSAV (interim, not OLKAVS)"
RG5Kpfiw-Kw_000029,RG5Kpfiw-Kw,issu,train,7.52,kmsav_pilot/cropped/RG5Kpfiw-Kw/utts/000029.mp4,"온라인 쇼핑 역, 역량을 좀 키우려고 하는 행보로 보이는데 아마 네이버를 만난 것도 그에 일환이지 않을까 좀 이렇게 생각이 듭니다.","KMSAV (interim, not OLKAVS)"
S8OsACnjTUY_000007,S8OsACnjTUY,scie,train,6.2,kmsav_pilot/cropped/S8OsACnjTUY/utts/000007.mp4,10세기 정도에 활동했던 페르시아 수학자로 알 콰리즈미라고 하는 분이 있습니다.,"KMSAV (interim, not OLKAVS)"
S8OsACnjTUY_000008,S8OsACnjTUY,scie,train,7.68,kmsav_pilot/cropped/S8OsACnjTUY/utts/000008.mp4,"그 여러분들이 중학교 때 방정식 풀 때, 어떻게 했는지 잘 생각해 보시면, 양쪽에 같은 수를 뭐 더하고, 빼고, 나누고 이렇게 해서","KMSAV (interim, not OLKAVS)"
S8OsACnjTUY_000009,S8OsACnjTUY,scie,train,9.04,kmsav_pilot/cropped/S8OsACnjTUY/utts/000009.mp4,미지수 X의 값을 구하잖아요. 이런 식으로 어떤 절차에 따라서 문제를 푼다라는 이 과정을 어 체계적으로 정리한 사람이 알 콰리즈미이었습니다.,"KMSAV (interim, not OLKAVS)"
S8OsACnjTUY_000011,S8OsACnjTUY,scie,train,8.16,kmsav_pilot/cropped/S8OsACnjTUY/utts/000011.mp4,"어 알고리드미 선생께서 말씀하시기를, 알고리드미 가라사대 이런 식으로 이제 라틴어로 적혔던 거죠. 그게 나중에 세월이 지나면서,","KMSAV (interim, not OLKAVS)"
S8OsACnjTUY_000012,S8OsACnjTUY,scie,train,9.0,kmsav_pilot/cropped/S8OsACnjTUY/utts/000012.mp4,알고리듬이라고 하는 우리가 알고 있는 그 용어로 바뀌게 된 겁니다. 그래서 알고리듬이라고 하는 용어 자체는 한 1000년 이상 되었다고 할 수 있겠습니다.,"KMSAV (interim, not OLKAVS)"
S8OsACnjTUY_000016,S8OsACnjTUY,scie,train,5.6,kmsav_pilot/cropped/S8OsACnjTUY/utts/000016.mp4,의미있는 알고리즘은 유클리드 알고리즘이 아닌가 싶습니다. 유클리드가 제안한 건데요.,"KMSAV (interim, not OLKAVS)"
S8OsACnjTUY_000033,S8OsACnjTUY,scie,train,8.96,kmsav_pilot/cropped/S8OsACnjTUY/utts/000033.mp4,"어 이 계산을 몇 십년 동안 해도 1000자리를 넘는게 인간의 힘으로는 불가능한 일이었거든요. 그런데, 컴퓨터가 개발되면서 이젠 뭐","KMSAV (interim, not OLKAVS)"
S8OsACnjTUY_000037,S8OsACnjTUY,scie,train,8.68,kmsav_pilot/cropped/S8OsACnjTUY/utts/000037.mp4,"미지수가 하나 짜리인 방적식은 푸는게 뭐 그렇게 어렵지 않습니다. 근데 이제 미지수가 두 개가 되면, 굉장히 복잡해지거든요. 이런 구조를 다루는게","KMSAV (interim, not OLKAVS)"
S8OsACnjTUY_000039,S8OsACnjTUY,scie,train,8.08,kmsav_pilot/cropped/S8OsACnjTUY/utts/000039.mp4,"사실 이 아이디어 자체는 여러분도 아마 잘 아실 것 같은데, 히로나카 헤이스케라고 하는 필즈메달 받으신 일본 수학자 있으시죠?","KMSAV (interim, not OLKAVS)"
S8OsACnjTUY_000040,S8OsACnjTUY,scie,train,7.72,kmsav_pilot/cropped/S8OsACnjTUY/utts/000040.mp4,"이 분이 이제 자기 최대 업적인 그 논문에서 그 내용을, 기본적 개념을 어 사실 사용하고 있습니다.","KMSAV (interim, not OLKAVS)"
S8OsACnjTUY_000042,S8OsACnjTUY,scie,train,9.28,kmsav_pilot/cropped/S8OsACnjTUY/utts/000042.mp4,이제 이 대수기하나 이런 쪽 연구하는 분들한테는 완전히 새로운 무기가 하나 등장을 한 것이죠. 지금 대수기하 하시는 분들은 계산하는 프로그램을 다 가지고 있거든요.,"KMSAV (interim, not OLKAVS)"
S8OsACnjTUY_000083,S8OsACnjTUY,scie,train,9.92,kmsav_pilot/cropped/S8OsACnjTUY/utts/000083.mp4,"20세기 수학자들이 풀어야 할 문제로, 23개의 문제를 제시합니다. 그 중에 10번째 문제가 무엇이냐면, 어떤 주어진 정수계수 당 방정식의 해가,","KMSAV (interim, not OLKAVS)"
S8OsACnjTUY_000084,S8OsACnjTUY,scie,train,7.16,kmsav_pilot/cropped/S8OsACnjTUY/utts/000084.mp4,"존재하는지, 존재하지 않는지를 판정할 수 있는지 알고리듬을 만들어봐라, 이런 문제였습니다. 어 근데,","KMSAV (interim, not OLKAVS)"
S8OsACnjTUY_000085,S8OsACnjTUY,scie,train,9.92,kmsav_pilot/cropped/S8OsACnjTUY/utts/000085.mp4,"너무 거창하죠. 이 되게 거창한 일들은 안되게 마련입니다. 이게 사실은 그런 알고리듬이 없습니다. 근데, 없다는 걸 어떻게 보이느냐가 문제가 되는거죠.","KMSAV (interim, not OLKAVS)"
S8OsACnjTUY_000086,S8OsACnjTUY,scie,train,9.52,kmsav_pilot/cropped/S8OsACnjTUY/utts/000086.mp4,"이걸 하는 과정에서 미국에 줄리아 로빈슨이라고 하는 어 여성 수학자신데, 저는 여성이 수학 못한다는 말을 전혀 이해 못하는 사람 중의 1명인데요.","KMSAV (interim, not OLKAVS)"
S8OsACnjTUY_000087,S8OsACnjTUY,scie,train,8.72,kmsav_pilot/cropped/S8OsACnjTUY/utts/000087.mp4,줄리아 로빈슨이 여기에 굉장히 많은 업적을 세웠고요. 최종적으로 문제를 해결한 사람은 러시아 사람인 마티야세비치라고 하는 사람이 문제를 해결합니다.,"KMSAV (interim, not OLKAVS)"
S8OsACnjTUY_000089,S8OsACnjTUY,scie,train,8.64,kmsav_pilot/cropped/S8OsACnjTUY/utts/000089.mp4,"만약에 그런 알고리듬이 힐베르트가 원했던 그런 알고리즘이 정말로 존재하는 거라면, 전 먹고 살수가 없겠죠. 다행히 그런게 안 통하기 때문에,","KMSAV (interim, not OLKAVS)"
S8OsACnjTUY_000101,S8OsACnjTUY,scie,train,9.2,kmsav_pilot/cropped/S8OsACnjTUY/utts/000101.mp4,"그러니까 지식을 아무것도 가지지 않고, 검증하는 뭐 이런 겁니다. 예를 들어서, 내가 의료보험을 드는데, 나의 건강정보는 하나도 안 알려주고,","KMSAV (interim, not OLKAVS)"
S8OsACnjTUY_000102,S8OsACnjTUY,scie,train,9.48,kmsav_pilot/cropped/S8OsACnjTUY/utts/000102.mp4,"나의 적정한 보험료가 얼마인지를 계산해서 보험회사에 보내면, 보험회사는 어 맞았어, 틀렸어를 검증할 수 있는 이런 종류의 알고리즘들은","KMSAV (interim, not OLKAVS)"
S8OsACnjTUY_000107,S8OsACnjTUY,scie,train,9.08,kmsav_pilot/cropped/S8OsACnjTUY/utts/000107.mp4,"그 수학자들이 사실 하는 일은 문제를 풀어서 답을 구하는 게 아니라, 증명을 하는 거잖아요. 근데, 증명이라고 하는 것은 어떤 주어진 전제로부터,","KMSAV (interim, not OLKAVS)"
S8OsACnjTUY_000108,S8OsACnjTUY,scie,train,8.04,kmsav_pilot/cropped/S8OsACnjTUY/utts/000108.mp4,"논리적으로 결과를 이끌어 내는 겁니다. 근데 이게 대부분의 경우에는, 굉장히 복잡하지요. 예를 들어, 작년에 설, 강연하셨던","KMSAV (interim, not OLKAVS)"
S8OsACnjTUY_000109,S8OsACnjTUY,scie,train,8.16,kmsav_pilot/cropped/S8OsACnjTUY/utts/000109.mp4,내용 중에 보면 4색 문제 같은 경우에 지도를 4가지 색으로 칠하는 4색 문제 같은 경우에 중간에 컴퓨터를 써가지고 결과를 만들어 내거든요.,"KMSAV (interim, not OLKAVS)"
S8OsACnjTUY_000111,S8OsACnjTUY,scie,train,9.52,kmsav_pilot/cropped/S8OsACnjTUY/utts/000111.mp4,"지금 정반대로 더 많이 나가서, 아니 아예 그러면 그 모든, 증명의 모든 단계를, 사람을 못 믿는거죠. 모든 단계를,","KMSAV (interim, not OLKAVS)"
S8OsACnjTUY_000113,S8OsACnjTUY,scie,train,9.44,kmsav_pilot/cropped/S8OsACnjTUY/utts/000113.mp4,"어 수학적인 증명을 검증하기 이런 프로그램들도 지금 개발되어 있습니다. 프랑스에서 개발한 코크라고, COQ라고 부르는 그 프로그램 같은 경우에는,","KMSAV (interim, not OLKAVS)"
foHGym4mQR8_000017,foHGym4mQR8,issu,train,7.32,kmsav_pilot/cropped/foHGym4mQR8/utts/000017.mp4,더욱 어 빛나는 것 같습니다. 해변의 경우 말이죠. 많이 인제 햇빛도 좋고 또 어 뜨겁지만요.,"KMSAV (interim, not OLKAVS)"
foHGym4mQR8_000022,foHGym4mQR8,issu,train,5.56,kmsav_pilot/cropped/foHGym4mQR8/utts/000022.mp4,그런데 화순항 개발 사업으로 인해서 이 금모래 해변이 완전히 사라질 위기입니다.,"KMSAV (interim, not OLKAVS)"
foHGym4mQR8_000024,foHGym4mQR8,issu,train,6.72,kmsav_pilot/cropped/foHGym4mQR8/utts/000024.mp4,지금 그렇게 추진되고 있습니다. 그 모래 해변을 갖다가 이제 매립을 할려고 지금 어 국가에서는 지금 준비를 하고 있는데,"KMSAV (interim, not OLKAVS)"
foHGym4mQR8_000027,foHGym4mQR8,issu,train,6.4,kmsav_pilot/cropped/foHGym4mQR8/utts/000027.mp4,"사계리의 앞바다의 해삼, 성게, 그 소라 등의 해양 생물의 주요 서식 공간이자","KMSAV (interim, not OLKAVS)"
foHGym4mQR8_000038,foHGym4mQR8,issu,train,5.28,kmsav_pilot/cropped/foHGym4mQR8/utts/000038.mp4,길다란 그 화순항 방파제를 쌓은 뒤에 황우치 해변에 모래 유실이 급격히 증가했습니다.,"KMSAV (interim, not OLKAVS)"
foHGym4mQR8_000047,foHGym4mQR8,issu,train,2.04,kmsav_pilot/cropped/foHGym4mQR8/utts/000047.mp4,용머리 해안과 바로 이어지는데요.,"KMSAV (interim, not OLKAVS)"
foHGym4mQR8_000051,foHGym4mQR8,issu,train,4.16,kmsav_pilot/cropped/foHGym4mQR8/utts/000051.mp4,그 그 넓은 백사장의 그 땅바닥 지반이 드러나 버렸습니다.,"KMSAV (interim, not OLKAVS)"
foHGym4mQR8_000054,foHGym4mQR8,issu,train,6.32,kmsav_pilot/cropped/foHGym4mQR8/utts/000054.mp4,나름의 어떤 노력은 했다고 볼 수 있겠는데 물속에 방파제도 공사했습니다. 이게 한 1700억?,"KMSAV (interim, not OLKAVS)"
foHGym4mQR8_000059,foHGym4mQR8,issu,train,7.32,kmsav_pilot/cropped/foHGym4mQR8/utts/000059.mp4,아 또 백원 아 백사장 복원 사업도 펼쳤습니다. 모래를 갖다 쏟아 붓는 복원 사업도 펼쳤는데 모두 수포로 돌아갔습니다.,"KMSAV (interim, not OLKAVS)"
foHGym4mQR8_000069,foHGym4mQR8,issu,train,4.88,kmsav_pilot/cropped/foHGym4mQR8/utts/000069.mp4,이 황우치 해변 백사장 복원 사업 직후에 황당한 일이 벌어졌습니다.,"KMSAV (interim, not OLKAVS)"
foHGym4mQR8_000071,foHGym4mQR8,issu,train,3.44,kmsav_pilot/cropped/foHGym4mQR8/utts/000071.mp4,이 레미콘 3600대 분량에 달하는 모래 대부분이,"KMSAV (interim, not OLKAVS)"
foHGym4mQR8_000075,foHGym4mQR8,issu,train,2.56,kmsav_pilot/cropped/foHGym4mQR8/utts/000075.mp4,네네. 3 레미콘 3600대 분량입니다.,"KMSAV (interim, not OLKAVS)"
foHGym4mQR8_000079,foHGym4mQR8,issu,train,4.76,kmsav_pilot/cropped/foHGym4mQR8/utts/000079.mp4,"네, 이 쓸려 나간 모래들 어디로 갔을까? 마을 어장 마을 어장을 덮쳤습니다.","KMSAV (interim, not OLKAVS)"
foHGym4mQR8_000081,foHGym4mQR8,issu,train,5.96,kmsav_pilot/cropped/foHGym4mQR8/utts/000081.mp4,네네. 지난 2019년에 용역을 맡아서 수행한 한국항만기술단은,"KMSAV (interim, not OLKAVS)"
foHGym4mQR8_000082,foHGym4mQR8,issu,train,5.16,kmsav_pilot/cropped/foHGym4mQR8/utts/000082.mp4,태풍 등에 의해서 발생하는 강한 해빈류로 인해서 황우치 해변에 모래가 쓸려 나오고,"KMSAV (interim, not OLKAVS)"
foHGym4mQR8_000084,foHGym4mQR8,issu,train,5.72,kmsav_pilot/cropped/foHGym4mQR8/utts/000084.mp4,화순항 방파제 인근의 조류를 타고 사계리 어장 부근으로 이동한 것으로 이렇게 판단을 했습니다.,"KMSAV (interim, not OLKAVS)"
foHGym4mQR8_000093,foHGym4mQR8,issu,train,4.84,kmsav_pilot/cropped/foHGym4mQR8/utts/000093.mp4,황 이 화순항 내측에서 유출되는 모래의 양까지 증가시키면서,"KMSAV (interim, not OLKAVS)"
foHGym4mQR8_000104,foHGym4mQR8,issu,train,9.36,kmsav_pilot/cropped/foHGym4mQR8/utts/000104.mp4,거기다가 인제 또 인공 구조물들을 갖다가 설치를 하는 거죠. 이런 상황을 야기한 근본이라고 할 수 있는 즉 화순항 방파제를 그대로 두고서,"KMSAV (interim, not OLKAVS)"
foHGym4mQR8_000106,foHGym4mQR8,issu,train,9.56,kmsav_pilot/cropped/foHGym4mQR8/utts/000106.mp4,"어 또 다른 토목 공사를 추진하는 것이 얼마나 효과가 있을지 미지수입니다. 이 방파제 때문에 방파제가 원체 길거든요. 800인, 800m 이상 가까이 되는데요.","KMSAV (interim, not OLKAVS)"
foHGym4mQR8_000117,foHGym4mQR8,issu,train,2.84,kmsav_pilot/cropped/foHGym4mQR8/utts/000117.mp4,"어 피해 보상을 위한 용역을 실시하고 있는데요,","KMSAV (interim, not OLKAVS)"
foHGym4mQR8_000120,foHGym4mQR8,issu,train,4.08,kmsav_pilot/cropped/foHGym4mQR8/utts/000120.mp4,어업 어업 피해 조사 용역 내년 초에 마무리 된다고 합니다.,"KMSAV (interim, not OLKAVS)"
foHGym4mQR8_000123,foHGym4mQR8,issu,train,2.6,kmsav_pilot/cropped/foHGym4mQR8/utts/000123.mp4,관심 갖고 바라볼 필요가 있겠습니다. 먼저,"KMSAV (interim, not OLKAVS)"
foHGym4mQR8_000124,foHGym4mQR8,issu,train,9.36,kmsav_pilot/cropped/foHGym4mQR8/utts/000124.mp4,화순 아 하수 처리장 포화호로 인해서 바다 환경이 악화된 다른 지역의 어민들도 이번 피해 보상 결과를 유의 깊게 바라보게 될 거 같구요.,"KMSAV (interim, not OLKAVS)"
foHGym4mQR8_000129,foHGym4mQR8,issu,train,3.2,kmsav_pilot/cropped/foHGym4mQR8/utts/000129.mp4,무투표 교육위원장입니다.,"KMSAV (interim, not OLKAVS)"
foHGym4mQR8_000160,foHGym4mQR8,issu,train,5.0,kmsav_pilot/cropped/foHGym4mQR8/utts/000160.mp4,그런 문제 무투표 당선 문제 교육위원 제도의 문제점으로 거론되기도 했었거든요.,"KMSAV (interim, not OLKAVS)"
foHGym4mQR8_000164,foHGym4mQR8,issu,train,8.88,kmsav_pilot/cropped/foHGym4mQR8/utts/000164.mp4,어 교육위원들이 교육위원장을 맡아야 한다. 그런 얘기가 또 나오기도 했습니다. 하지만 아 교육위원들 결국 합의하지는 못했다고 했나요?,"KMSAV (interim, not OLKAVS)"
foHGym4mQR8_000173,foHGym4mQR8,issu,train,3.56,kmsav_pilot/cropped/foHGym4mQR8/utts/000173.mp4,상호 발전적 동반 관계를 유지하도록 노력하겠다. 그렇게 밝혔습니다.,"KMSAV (interim, not OLKAVS)"
h_oWNspfDU0_000010,h_oWNspfDU0,beau,train,8.44,kmsav_pilot/cropped/h_oWNspfDU0/utts/000010.mp4,"여름에 땀을 막 너무 흘리고 만났는데, 포옹했는데 약간 땀남새가 확 나거나 고기 냄새가 확 나면은 이제","KMSAV (interim, not OLKAVS)"
h_oWNspfDU0_000011,h_oWNspfDU0,beau,train,6.48,kmsav_pilot/cropped/h_oWNspfDU0/utts/000011.mp4,상대방도 저를 그렇게 느끼지 않을까 걱정도 되고 그랬던 적은 있죠.,"KMSAV (interim, not OLKAVS)"
h_oWNspfDU0_000036,h_oWNspfDU0,beau,train,2.04,kmsav_pilot/cropped/h_oWNspfDU0/utts/000036.mp4,그러면은 영상 편지 한번 써라.,"KMSAV (interim, not OLKAVS)"
h_oWNspfDU0_000039,h_oWNspfDU0,beau,train,3.2,kmsav_pilot/cropped/h_oWNspfDU0/utts/000039.mp4,"승준아. 내가 이거 꼭 보내줄 테니까,","KMSAV (interim, not OLKAVS)"
h_oWNspfDU0_000040,h_oWNspfDU0,beau,train,5.92,kmsav_pilot/cropped/h_oWNspfDU0/utts/000040.mp4,집에 이불에도 뿌리고 어? 베개에도 뿌리고 입에도 뿌리고 좀 그렇게 해 어? 옷에도 뿌리고,"KMSAV (interim, not OLKAVS)"
h_oWNspfDU0_000059,h_oWNspfDU0,beau,train,6.08,kmsav_pilot/cropped/h_oWNspfDU0/utts/000059.mp4,"이제 운동을 좋아하셔 가지고 땀이 많이 나시는 분들이나, 아니면 저 처럼 담배 냄새 걱정 많이 하시는 분들한테","KMSAV (interim, not OLKAVS)"
kGW7tikzUNQ_000002,kGW7tikzUNQ,issu,train,5.36,kmsav_pilot/cropped/kGW7tikzUNQ/utts/000002.mp4,기업 모닝노틉니다. 서상영 팀장 모시고 시장 사항들 살펴보도록 하겠습니다. 어서오십시오.,"KMSAV (interim, not OLKAVS)"
kGW7tikzUNQ_000010,kGW7tikzUNQ,issu,train,5.72,kmsav_pilot/cropped/kGW7tikzUNQ/utts/000010.mp4,내가 볼 때는 뭐 먼저 저기 그 한번 질러보면 NATO 가 있잖아요.,"KMSAV (interim, not OLKAVS)"
kGW7tikzUNQ_000012,kGW7tikzUNQ,issu,train,6.36,kmsav_pilot/cropped/kGW7tikzUNQ/utts/000012.mp4,에 NATO가 있는데 지금 인제 그 이 프랑스의 그 이 누구 마크롱이,"KMSAV (interim, not OLKAVS)"
kGW7tikzUNQ_000017,kGW7tikzUNQ,issu,train,8.16,kmsav_pilot/cropped/kGW7tikzUNQ/utts/000017.mp4,어 중국과의 무역협상을 타결할 사람은 나 밖에 없다. 나만이 무역 협상을 타결할 수 있어.,"KMSAV (interim, not OLKAVS)"
kGW7tikzUNQ_000019,kGW7tikzUNQ,issu,train,9.48,kmsav_pilot/cropped/kGW7tikzUNQ/utts/000019.mp4,이게 좀 지연되면 때는 대선 이후에 할 수도 있어. 이런 얘기를 했거든요. 근데 그러나 그럼에도 불구하고,"KMSAV (interim, not OLKAVS)"
kGW7tikzUNQ_000020,kGW7tikzUNQ,issu,train,6.52,kmsav_pilot/cropped/kGW7tikzUNQ/utts/000020.mp4,중국이 무역협상을 원하고 있기 때문에 뭐 금융적으로 잘 진행될 수도 있어.,"KMSAV (interim, not OLKAVS)"
kGW7tikzUNQ_000023,kGW7tikzUNQ,issu,train,5.28,kmsav_pilot/cropped/kGW7tikzUNQ/utts/000023.mp4,왜그냐면 미국과 미국 국민들중에 67%가,"KMSAV (interim, not OLKAVS)"
kGW7tikzUNQ_000024,kGW7tikzUNQ,issu,train,4.96,kmsav_pilot/cropped/kGW7tikzUNQ/utts/000024.mp4,그 트럼프에 대중국 정책에 대해서 찬성을 하고 있다라는 점에 주목할 필요가 있어요.,"KMSAV (interim, not OLKAVS)"
kGW7tikzUNQ_000026,kGW7tikzUNQ,issu,train,7.28,kmsav_pilot/cropped/kGW7tikzUNQ/utts/000026.mp4,그러다 보니까 대선전에 무역협상을 중국이 무릎을 꿇고 항복해 버리면,"KMSAV (interim, not OLKAVS)"
kGW7tikzUNQ_000029,kGW7tikzUNQ,issu,train,6.12,kmsav_pilot/cropped/kGW7tikzUNQ/utts/000029.mp4,문제는 인제 이게 여러가지 조건들이 좀 있습니다. 트럼프가 계속적으로,"KMSAV (interim, not OLKAVS)"
kGW7tikzUNQ_000034,kGW7tikzUNQ,issu,train,9.64,kmsav_pilot/cropped/kGW7tikzUNQ/utts/000034.mp4,왜그냐면 사는 사람들 입장에서는 관세 부과되 가지고 가격이 올라가면 다른 대체제가 있으면 그쪽으로 가는 거잖아요. 예. 근데.,"KMSAV (interim, not OLKAVS)"
kGW7tikzUNQ_000035,kGW7tikzUNQ,issu,train,9.64,kmsav_pilot/cropped/kGW7tikzUNQ/utts/000035.mp4,"문제는 대체제가 없는 것들이 있죠. 예를 들어서 빨대, 뭐 이런 것들 이쑤시개 이런것들은 전부다 관세에서 면제해 버렸어요.","KMSAV (interim, not OLKAVS)"
kGW7tikzUNQ_000038,kGW7tikzUNQ,issu,train,6.44,kmsav_pilot/cropped/kGW7tikzUNQ/utts/000038.mp4,그러면서 그러면 그 관 그 미국 정부 미국 트럼프가 맨날 돈 벌었다고 하는데 그럼 어디서 나왔냐.,"KMSAV (interim, not OLKAVS)"
kGW7tikzUNQ_000040,kGW7tikzUNQ,issu,train,6.88,kmsav_pilot/cropped/kGW7tikzUNQ/utts/000040.mp4,얼마전에 뉴욕 연원에서 그와 관련된 보고서를 발표를 했죠. 이것다 미국 기업들하고 미국 소비자들이 부담한거다.,"KMSAV (interim, not OLKAVS)"
kGW7tikzUNQ_000044,kGW7tikzUNQ,issu,train,3.44,kmsav_pilot/cropped/kGW7tikzUNQ/utts/000044.mp4,"근데, 항상 트럼프는 자기가 잘한거니까","KMSAV (interim, not OLKAVS)"
kGW7tikzUNQ_000046,kGW7tikzUNQ,issu,train,3.68,kmsav_pilot/cropped/kGW7tikzUNQ/utts/000046.mp4,일단 중국으로부터 내가 돈을 이만큼 뺏어왔어. 이런 식으로 언급을 하는 거죠.,"KMSAV (interim, not OLKAVS)"
kGW7tikzUNQ_000048,kGW7tikzUNQ,issu,train,9.6,kmsav_pilot/cropped/kGW7tikzUNQ/utts/000048.mp4,근데 그럼에도 불구하고 일단 관세로 인해서 피해를 보고 있는게 미국 기업들과 그 소비자들 이건 뭘 얘기를 하는 거냐면,"KMSAV (interim, not OLKAVS)"
kGW7tikzUNQ_000050,kGW7tikzUNQ,issu,train,7.56,kmsav_pilot/cropped/kGW7tikzUNQ/utts/000050.mp4,뭐 그다음에 4분기도 지금 현재 -1.4%까지 떨어져 있는 상황인데 관세가 만약에 계속적으로 진행이 되면 더 나빠질 수 있죠.,"KMSAV (interim, not OLKAVS)"
kGW7tikzUNQ_000053,kGW7tikzUNQ,issu,train,8.6,kmsav_pilot/cropped/kGW7tikzUNQ/utts/000053.mp4,"이미 많은 재고를 쌓아놨기 때문에 뭐 관세부과해도 피해는 없을꺼야라고 하는데, 그믄 그걸 팔았던 중국 입장에서는","KMSAV (interim, not OLKAVS)"
kGW7tikzUNQ_000054,kGW7tikzUNQ,issu,train,6.28,kmsav_pilot/cropped/kGW7tikzUNQ/utts/000054.mp4,어 그러면 그때까지는 우리 뭐 우리 안 팔아도 되는데? 그런거 잖아요. 똑같은 소린데.,"KMSAV (interim, not OLKAVS)"
kGW7tikzUNQ_000055,kGW7tikzUNQ,issu,train,8.16,kmsav_pilot/cropped/kGW7tikzUNQ/utts/000055.mp4,그 조삼모산데 일단 뭐 그 사람들이야 똑똑하다라고 자기들이 생각을 하고 있으니 그런 식으로 한다고 봤을 때,"KMSAV (interim, not OLKAVS)"
kGW7tikzUNQ_000057,kGW7tikzUNQ,issu,train,5.28,kmsav_pilot/cropped/kGW7tikzUNQ/utts/000057.mp4,그 스마트폰이라던지 뭐 이런 것들 전자제품들이거든요. 그러면 이제 애플.,"KMSAV (interim, not OLKAVS)"
kGW7tikzUNQ_000058,kGW7tikzUNQ,issu,train,7.2,kmsav_pilot/cropped/kGW7tikzUNQ/utts/000058.mp4,그래서 애플에 이제 감 그 관세 부과를 안 할 수 있다라는 발표를 하는 이유가 이런 것들을 회피하기 위해서,"KMSAV (interim, not OLKAVS)"
kGW7tikzUNQ_000060,kGW7tikzUNQ,issu,train,5.08,kmsav_pilot/cropped/kGW7tikzUNQ/utts/000060.mp4,문제는 그 지난번에 관세부과 이후에,"KMSAV (interim, not OLKAVS)"
kGW7tikzUNQ_000063,kGW7tikzUNQ,issu,train,2.44,kmsav_pilot/cropped/kGW7tikzUNQ/utts/000063.mp4,그쪽은 실업률이 올라가기 시작했습니다.,"KMSAV (interim, not OLKAVS)"
kGW7tikzUNQ_000065,kGW7tikzUNQ,issu,train,9.08,kmsav_pilot/cropped/kGW7tikzUNQ/utts/000065.mp4,그러면 트럼프 입장에서는 이게 무역분쟁과 관련돼 가지고 더 격화되거나 뭐 관세부과하고 난리 부르스를 치면,"KMSAV (interim, not OLKAVS)"
kGW7tikzUNQ_000066,kGW7tikzUNQ,issu,train,8.96,kmsav_pilot/cropped/kGW7tikzUNQ/utts/000066.mp4,"판벨트하고 러스트 벨트 지역이 실업률이 올라가기 시작하면, 대체적으로 대부분에 그 실업률 자체가 위로 올라가게 됩니다. 그말은","KMSAV (interim, not OLKAVS)"
kGW7tikzUNQ_000067,kGW7tikzUNQ,issu,train,7.68,kmsav_pilot/cropped/kGW7tikzUNQ/utts/000067.mp4,지금 미국까지 미국 대선 역사상 실업률이 올라갈 때 재선에 성공했던 사례는 단 1차례도 없어요.,"KMSAV (interim, not OLKAVS)"
kGW7tikzUNQ_000068,kGW7tikzUNQ,issu,train,8.08,kmsav_pilot/cropped/kGW7tikzUNQ/utts/000068.mp4,근데 국제 유 그 주식시장이 급락을 했을 때 급락을 했을때에도 재선 재선에 성공했던 사례는 많거든요.,"KMSAV (interim, not OLKAVS)"
kGW7tikzUNQ_000070,kGW7tikzUNQ,issu,train,7.84,kmsav_pilot/cropped/kGW7tikzUNQ/utts/000070.mp4,"루즈벨트라던지 뭐 이런 쪽에 있었으니까, 그래서 이제 실업률에 더 초점을 맞춰다라고 보시면 될 거에요. 그래서 어제 트럼프가 그 얘기를 했잖아요.","KMSAV (interim, not OLKAVS)"
kGW7tikzUNQ_000071,kGW7tikzUNQ,issu,train,7.44,kmsav_pilot/cropped/kGW7tikzUNQ/utts/000071.mp4,뭐 주가 뭐 사상 최고치 경신해서 여기서 좀 빠진다 해도 난 이거보다는 실업률을 더 중시 여길거야 이런 식으로 언급을 했는데,"KMSAV (interim, not OLKAVS)"
kGW7tikzUNQ_000073,kGW7tikzUNQ,issu,train,3.84,kmsav_pilot/cropped/kGW7tikzUNQ/utts/000073.mp4,실업률이 더 나빠진다는거에 대해서 간과하고 있는거죠.,"KMSAV (interim, not OLKAVS)"
kGW7tikzUNQ_000085,kGW7tikzUNQ,issu,train,6.8,kmsav_pilot/cropped/kGW7tikzUNQ/utts/000085.mp4,이렇게 되면은 이러 이 문제가 좀 불가 부각이 되니까 국채 시 채권시장이 변동성이 커져 버렸어요.,"KMSAV (interim, not OLKAVS)"
kGW7tikzUNQ_000087,kGW7tikzUNQ,issu,train,7.36,kmsav_pilot/cropped/kGW7tikzUNQ/utts/000087.mp4,뭐 붓 그 한때 10년물 국채금리가 1.7% 미만으로도 떨어지는 등 제대로 변동성 좀 많이 크게 키웠거든요.,"KMSAV (interim, not OLKAVS)"
kGW7tikzUNQ_000089,kGW7tikzUNQ,issu,train,9.48,kmsav_pilot/cropped/kGW7tikzUNQ/utts/000089.mp4,고때 이렇게 금융시장에서 변동성 키울 때 가장 큰 문제가 좀 커지는데 이제 그 흐름을 좀 더 지켜 봐야 될 것 같죠. 근데 이제 다만 1가지 좋은 거는,"KMSAV (interim, not OLKAVS)"
kGW7tikzUNQ_000090,kGW7tikzUNQ,issu,train,9.64,kmsav_pilot/cropped/kGW7tikzUNQ/utts/000090.mp4,"낙폭을 만약에 하락 출발한 이후에 낙폭을 확대했다라면 오늘 우리나라 주식시장도 크게 좀 문제가 삼을 수 있는데,","KMSAV (interim, not OLKAVS)"
kGW7tikzUNQ_000091,kGW7tikzUNQ,issu,train,6.8,kmsav_pilot/cropped/kGW7tikzUNQ/utts/000091.mp4,크게 또 아니라는 점 때문에 조 그나마 조금은 괜찮죠. 그 다음에 또 하나가 있습니다.,"KMSAV (interim, not OLKAVS)"
kGW7tikzUNQ_000092,kGW7tikzUNQ,issu,train,4.0,kmsav_pilot/cropped/kGW7tikzUNQ/utts/000092.mp4,이게 미중 간에 무역전쟁 이슈가 이제 부각이 되면서 빠진거잖아요.,"KMSAV (interim, not OLKAVS)"
kGW7tikzUNQ_000094,kGW7tikzUNQ,issu,train,5.84,kmsav_pilot/cropped/kGW7tikzUNQ/utts/000094.mp4,"근데 26일날 미 상무부가 화웨이 관련되서 새로운 조치를 언급을 했었고,","KMSAV (interim, not OLKAVS)"
kGW7tikzUNQ_000095,kGW7tikzUNQ,issu,train,7.24,kmsav_pilot/cropped/kGW7tikzUNQ/utts/000095.mp4,그 다음에 뭐 지난주에 이미 월블스는 15일날 관세를 부과할 수도 있다라고 언급을 했었기 때문에,"KMSAV (interim, not OLKAVS)"
kGW7tikzUNQ_000096,kGW7tikzUNQ,issu,train,8.36,kmsav_pilot/cropped/kGW7tikzUNQ/utts/000096.mp4,어 그와 관련되서는 무역분쟁과 관련되서는 어제 근까 지난주부터 계속적으로 시장이 영향을 주기 시작했었다라고 봐야 봐야될 것 같애요.,"KMSAV (interim, not OLKAVS)"
kGW7tikzUNQ_000097,kGW7tikzUNQ,issu,train,4.56,kmsav_pilot/cropped/kGW7tikzUNQ/utts/000097.mp4,그렇기 때문에 우리나라 환율 같은 경우가 크게 좀 올랐던 사례들 좀 있었구요.,"KMSAV (interim, not OLKAVS)"
kGW7tikzUNQ_000099,kGW7tikzUNQ,issu,train,9.24,kmsav_pilot/cropped/kGW7tikzUNQ/utts/000099.mp4,음 그런 부분들을 감안하면 오늘 뭐 이시 이슈가지고 뭐 크게 하락할 가능성은 높지 않구요. 또 하나가 있었죠. 트럼프가 우리나라 관련되서,"KMSAV (interim, not OLKAVS)"
kGW7tikzUNQ_000105,kGW7tikzUNQ,issu,train,3.6,kmsav_pilot/cropped/kGW7tikzUNQ/utts/000105.mp4,이제 어제부터 미국에서 하고 있는게 있죠? 방위비,"KMSAV (interim, not OLKAVS)"
kGW7tikzUNQ_000107,kGW7tikzUNQ,issu,train,4.52,kmsav_pilot/cropped/kGW7tikzUNQ/utts/000107.mp4,"협상 진행중인데, 그와 관련되서 하나의 협상이 기술이라고 보면 되요.","KMSAV (interim, not OLKAVS)"
kGW7tikzUNQ_000112,kGW7tikzUNQ,issu,train,9.68,kmsav_pilot/cropped/kGW7tikzUNQ/utts/000112.mp4,쭉 하고 있는데 마지막에 이제 어? 저기 그 저 잘 안되면 어뜩하냐 에이 그러면 한번 쏘면 되지 뭘 이제 그렇게 그런 뉘앙슨데 그걸 이제 우리는 또 크게 썼더라고,"KMSAV (interim, not OLKAVS)"
kGW7tikzUNQ_000120,kGW7tikzUNQ,issu,train,5.76,kmsav_pilot/cropped/kGW7tikzUNQ/utts/000120.mp4,"미국 미 증시 마감후에 뭐 윌버 로스가 또 자동차 관세 부과할 수도 있다. 그거 배제하지 않고 있다라고 했지만,","KMSAV (interim, not OLKAVS)"
kGW7tikzUNQ_000124,kGW7tikzUNQ,issu,train,7.28,kmsav_pilot/cropped/kGW7tikzUNQ/utts/000124.mp4,예. 그 흐름도 생각을 해보면 우리가 우려했었던 흐름은 조금 약화될 수 있다라고 봐야될 것 같습니다.,"KMSAV (interim, not OLKAVS)"
kGW7tikzUNQ_000130,kGW7tikzUNQ,issu,train,3.56,kmsav_pilot/cropped/kGW7tikzUNQ/utts/000130.mp4,"플로리다, 애리조나, 펜실베니아, 위스콘신 뭐 이런데 거든요.","KMSAV (interim, not OLKAVS)"
kGW7tikzUNQ_000131,kGW7tikzUNQ,issu,train,6.48,kmsav_pilot/cropped/kGW7tikzUNQ/utts/000131.mp4,근데 플로리다나 애리조나 같은 경우는 공화당 이길 가능성이 높기 때문에 트럼프가 당선 펜실베니아가 중요해요.,"KMSAV (interim, not OLKAVS)"
kGW7tikzUNQ_000133,kGW7tikzUNQ,issu,train,4.08,kmsav_pilot/cropped/kGW7tikzUNQ/utts/000133.mp4,펜실베니아가 약 한 100 그 이시 20표 정도 되거든요?,"KMSAV (interim, not OLKAVS)"
kGW7tikzUNQ_000135,kGW7tikzUNQ,issu,train,8.8,kmsav_pilot/cropped/kGW7tikzUNQ/utts/000135.mp4,저쪽 북동부쪽에서 이제 오대호 연안 옆에 러스트 벨트 지역 중에 하난데 문제는 여기가 보잉과 관련돼 있는,"KMSAV (interim, not OLKAVS)"
kGW7tikzUNQ_000137,kGW7tikzUNQ,issu,train,7.52,kmsav_pilot/cropped/kGW7tikzUNQ/utts/000137.mp4,"주력 상품들이 많기 때문에, 자 그 말은 달리 해석을 하면 여기가 또 펜실베니아가 실업률이 올라가고 있어요.","KMSAV (interim, not OLKAVS)"
mNKy_V09sa4_000008,mNKy_V09sa4,inte,train,2.76,kmsav_pilot/cropped/mNKy_V09sa4/utts/000008.mp4,하루에 36명이 자살로 인해서 죽는거구요.,"KMSAV (interim, not OLKAVS)"
mNKy_V09sa4_000010,mNKy_V09sa4,inte,train,3.48,kmsav_pilot/cropped/mNKy_V09sa4/utts/000010.mp4,어 사망 원인으로 한다면 지금 5위에 있습니다.,"KMSAV (interim, not OLKAVS)"
mNKy_V09sa4_000014,mNKy_V09sa4,inte,train,5.52,kmsav_pilot/cropped/mNKy_V09sa4/utts/000014.mp4,"그다음에 심장. 그다음에 뇌혈관질환, 그다음에 그 폐렴 그다음은 자살","KMSAV (interim, not OLKAVS)"
mNKy_V09sa4_000015,mNKy_V09sa4,inte,train,6.8,kmsav_pilot/cropped/mNKy_V09sa4/utts/000015.mp4,이 밑으로 뭐 당뇨병도 있구요. 간질환이나 밑으로 내려가면 어 교통사고 같은 경우들도 있습니다.,"KMSAV (interim, not OLKAVS)"
mNKy_V09sa4_000017,mNKy_V09sa4,inte,train,4.52,kmsav_pilot/cropped/mNKy_V09sa4/utts/000017.mp4,우리나라에서는 한 해에 어 뭐 쉽게 표현을 한다면,"KMSAV (interim, not OLKAVS)"
mNKy_V09sa4_000019,mNKy_V09sa4,inte,train,4.48,kmsav_pilot/cropped/mNKy_V09sa4/utts/000019.mp4,1개 사단이 자살로 인해서 죽는거다. 이렇게 볼수가 있는 것이죠.,"KMSAV (interim, not OLKAVS)"
mNKy_V09sa4_000022,mNKy_V09sa4,inte,train,4.88,kmsav_pilot/cropped/mNKy_V09sa4/utts/000022.mp4,저는 참 이상한 나라라고 전 생각을 하는데요. 에 그건 뭐냐면,"KMSAV (interim, not OLKAVS)"
mNKy_V09sa4_000023,mNKy_V09sa4,inte,train,4.0,kmsav_pilot/cropped/mNKy_V09sa4/utts/000023.mp4,어 자살이라고 하는 자기 스스로 목숨을 끊는다라고 하는 것이,"KMSAV (interim, not OLKAVS)"
mNKy_V09sa4_000025,mNKy_V09sa4,inte,train,3.48,kmsav_pilot/cropped/mNKy_V09sa4/utts/000025.mp4,어떤 병에 걸려 죽거나 어떤 사고에 의해서 죽는거 보다,"KMSAV (interim, not OLKAVS)"
mNKy_V09sa4_000040,mNKy_V09sa4,inte,train,6.12,kmsav_pilot/cropped/mNKy_V09sa4/utts/000040.mp4,우리나라가 지금 28명 이렇게 나가고 있는데요. 헝가리나 일본 같은 경우는 18명,"KMSAV (interim, not OLKAVS)"
mNKy_V09sa4_000051,mNKy_V09sa4,inte,train,2.92,kmsav_pilot/cropped/mNKy_V09sa4/utts/000051.mp4,2등하고 1등차이가 10명이나 차이가 나기 때문에,"KMSAV (interim, not OLKAVS)"
mNKy_V09sa4_000053,mNKy_V09sa4,inte,train,2.2,kmsav_pilot/cropped/mNKy_V09sa4/utts/000053.mp4,상당히 좀 어려울거 같아요. 근데 인제,"KMSAV (interim, not OLKAVS)"
mNKy_V09sa4_000055,mNKy_V09sa4,inte,train,5.96,kmsav_pilot/cropped/mNKy_V09sa4/utts/000055.mp4,어 최근에 정부에서 인제 그 자살예방 행동계획 뭐 이런걸,"KMSAV (interim, not OLKAVS)"
mNKy_V09sa4_000056,mNKy_V09sa4,inte,train,2.28,kmsav_pilot/cropped/mNKy_V09sa4/utts/000056.mp4,해서 적극적으로 개입을 하겠다고 했고,"KMSAV (interim, not OLKAVS)"
mNKy_V09sa4_000058,mNKy_V09sa4,inte,train,3.12,kmsav_pilot/cropped/mNKy_V09sa4/utts/000058.mp4,앞으로 5년 동안 1등 자린 좀 내려놓겠다.,"KMSAV (interim, not OLKAVS)"
mNKy_V09sa4_000066,mNKy_V09sa4,inte,train,2.0,kmsav_pilot/cropped/mNKy_V09sa4/utts/000066.mp4,이 세 이 구간에서는요.,"KMSAV (interim, not OLKAVS)"
mNKy_V09sa4_000068,mNKy_V09sa4,inte,train,2.24,kmsav_pilot/cropped/mNKy_V09sa4/utts/000068.mp4,자살이 그 사망원인 1위입니다.,"KMSAV (interim, not OLKAVS)"
mNKy_V09sa4_000071,mNKy_V09sa4,inte,train,2.68,kmsav_pilot/cropped/mNKy_V09sa4/utts/000071.mp4,어 가장 큰 위험이구요.,"KMSAV (interim, not OLKAVS)"
mNKy_V09sa4_000072,mNKy_V09sa4,inte,train,4.08,kmsav_pilot/cropped/mNKy_V09sa4/utts/000072.mp4,어 그다음에 40대 50대가 실제적으로는 사망한 사람들,"KMSAV (interim, not OLKAVS)"
mNKy_V09sa4_000074,mNKy_V09sa4,inte,train,2.36,kmsav_pilot/cropped/mNKy_V09sa4/utts/000074.mp4,그 자살로 인해서 죽은 사람들 숫자로 보면,"KMSAV (interim, not OLKAVS)"
mNKy_V09sa4_000086,mNKy_V09sa4,inte,train,2.6,kmsav_pilot/cropped/mNKy_V09sa4/utts/000086.mp4,4월 5월 참 좋은 계절이잖아요.,"KMSAV (interim, not OLKAVS)"
mNKy_V09sa4_000089,mNKy_V09sa4,inte,train,2.8,kmsav_pilot/cropped/mNKy_V09sa4/utts/000089.mp4,그런 상황이 좋지 않은 사람들의 입장에서 보면,"KMSAV (interim, not OLKAVS)"
mNKy_V09sa4_000091,mNKy_V09sa4,inte,train,2.2,kmsav_pilot/cropped/mNKy_V09sa4/utts/000091.mp4,더 큰 소외감을 느낄수 밖에 없는,"KMSAV (interim, not OLKAVS)"
mNKy_V09sa4_000095,mNKy_V09sa4,inte,train,3.8,kmsav_pilot/cropped/mNKy_V09sa4/utts/000095.mp4,얼마 남지 않았는데 좀 우리가 좀더 마음을 열었으면 좋겠습니다.,"KMSAV (interim, not OLKAVS)"
mNKy_V09sa4_000104,mNKy_V09sa4,inte,train,4.24,kmsav_pilot/cropped/mNKy_V09sa4/utts/000104.mp4,그니깐 뭐가 잘못됐다 싶으면은 아 죽어야지 이런 아주,"KMSAV (interim, not OLKAVS)"
mNKy_V09sa4_000106,mNKy_V09sa4,inte,train,2.24,kmsav_pilot/cropped/mNKy_V09sa4/utts/000106.mp4,간단한 공식이 우리들에게 있다라는 것이죠.,"KMSAV (interim, not OLKAVS)"
mNKy_V09sa4_000108,mNKy_V09sa4,inte,train,4.52,kmsav_pilot/cropped/mNKy_V09sa4/utts/000108.mp4,전 이게 인제 죽음의 가치관 내지는 죽음의 문화다 이렇게 생각을 하는데요.,"KMSAV (interim, not OLKAVS)"
mNKy_V09sa4_000111,mNKy_V09sa4,inte,train,2.68,kmsav_pilot/cropped/mNKy_V09sa4/utts/000111.mp4,경제적인 문제가 제일 큰 거 같습니다.,"KMSAV (interim, not OLKAVS)"
mNKy_V09sa4_000113,mNKy_V09sa4,inte,train,2.64,kmsav_pilot/cropped/mNKy_V09sa4/utts/000113.mp4,네. 그래서 돈을 가장 중시 여기는,"KMSAV (interim, not OLKAVS)"
mNKy_V09sa4_000121,mNKy_V09sa4,inte,train,2.96,kmsav_pilot/cropped/mNKy_V09sa4/utts/000121.mp4,우리는 OECD 평균보다 낮았거든요.,"KMSAV (interim, not OLKAVS)"
mNKy_V09sa4_000123,mNKy_V09sa4,inte,train,2.6,kmsav_pilot/cropped/mNKy_V09sa4/utts/000123.mp4,헌데 그 시기가 지나면서,"KMSAV (interim, not OLKAVS)"
mNKy_V09sa4_000124,mNKy_V09sa4,inte,train,3.24,kmsav_pilot/cropped/mNKy_V09sa4/utts/000124.mp4,그때부터 우리들의 사고가 많이 변한 거 같아요.,"KMSAV (interim, not OLKAVS)"
mNKy_V09sa4_000126,mNKy_V09sa4,inte,train,2.24,kmsav_pilot/cropped/mNKy_V09sa4/utts/000126.mp4,어 예를 들어서 돈이 최고다라는 생각,"KMSAV (interim, not OLKAVS)"
mNKy_V09sa4_000128,mNKy_V09sa4,inte,train,4.4,kmsav_pilot/cropped/mNKy_V09sa4/utts/000128.mp4,그리고 그로 인해서 나온 것이 인제 경쟁이 심해진거죠.,"KMSAV (interim, not OLKAVS)"
mNKy_V09sa4_000129,mNKy_V09sa4,inte,train,6.36,kmsav_pilot/cropped/mNKy_V09sa4/utts/000129.mp4,어 사회에서 일반적으로 어 회사에서 정말 버티고 지낼수 있어 있기 위해서,"KMSAV (interim, not OLKAVS)"
mNKy_V09sa4_000134,mNKy_V09sa4,inte,train,2.72,kmsav_pilot/cropped/mNKy_V09sa4/utts/000134.mp4,어 자기가 살아야 될 이유를 못 찾는게,"KMSAV (interim, not OLKAVS)"
mNKy_V09sa4_000138,mNKy_V09sa4,inte,train,2.92,kmsav_pilot/cropped/mNKy_V09sa4/utts/000138.mp4,어 이런 훈련들을 우린 어려서부터 시키잖아요.,"KMSAV (interim, not OLKAVS)"
mNKy_V09sa4_000143,mNKy_V09sa4,inte,train,2.2,kmsav_pilot/cropped/mNKy_V09sa4/utts/000143.mp4,아니면 더 심하게 하면,"KMSAV (interim, not OLKAVS)"
mNKy_V09sa4_000144,mNKy_V09sa4,inte,train,3.08,kmsav_pilot/cropped/mNKy_V09sa4/utts/000144.mp4,초등학교 때부터 아이들이 계속 경쟁에 밀리고,"KMSAV (interim, not OLKAVS)"
mNKy_V09sa4_000146,mNKy_V09sa4,inte,train,2.76,kmsav_pilot/cropped/mNKy_V09sa4/utts/000146.mp4,1등 해야 되고 뭘 해야 된다라는 그런 것들,"KMSAV (interim, not OLKAVS)"
mNKy_V09sa4_000148,mNKy_V09sa4,inte,train,5.32,kmsav_pilot/cropped/mNKy_V09sa4/utts/000148.mp4,그러면 결론적으로 거기서 밀려난 사람들의 입장은 우리가 고려를 안 해 줬다라는 것이죠.,"KMSAV (interim, not OLKAVS)"
mNKy_V09sa4_000162,mNKy_V09sa4,inte,train,3.8,kmsav_pilot/cropped/mNKy_V09sa4/utts/000162.mp4,업무 하는거 보면 다 요즘은 컴퓨터로 얘기하잖아요. 메신저로 얘기하고,"KMSAV (interim, not OLKAVS)"
mNKy_V09sa4_000164,mNKy_V09sa4,inte,train,2.36,kmsav_pilot/cropped/mNKy_V09sa4/utts/000164.mp4,바로 옆에 앉아 있는데도,"KMSAV (interim, not OLKAVS)"
mNKy_V09sa4_000171,mNKy_V09sa4,inte,train,6.24,kmsav_pilot/cropped/mNKy_V09sa4/utts/000171.mp4,예. 또 우울증 얘기도 많이 하는데 실제로 그 뭐 우울증도 많이 영향을 미친다고 보십니까?,"KMSAV (interim, not OLKAVS)"
mNKy_V09sa4_000174,mNKy_V09sa4,inte,train,4.64,kmsav_pilot/cropped/mNKy_V09sa4/utts/000174.mp4,근데 이제 사회 전반적인 문제들의 결론이 우울증으로 가 있기,"KMSAV (interim, not OLKAVS)"
mNKy_V09sa4_000182,mNKy_V09sa4,inte,train,4.08,kmsav_pilot/cropped/mNKy_V09sa4/utts/000182.mp4,사회 전체적인 이 분위기가 어 그렇게 몰아가고 있다. 라는 것이죠.,"KMSAV (interim, not OLKAVS)"
mNKy_V09sa4_000185,mNKy_V09sa4,inte,train,6.16,kmsav_pilot/cropped/mNKy_V09sa4/utts/000185.mp4,손을 잡아주는 그러한 노력들이 굉장히 필요한 거 같습니다. 그리고 또 많은 게 필요한 게 아니라 괜찮니?,"KMSAV (interim, not OLKAVS)"
mNKy_V09sa4_000192,mNKy_V09sa4,inte,train,4.2,kmsav_pilot/cropped/mNKy_V09sa4/utts/000192.mp4,그니까 우리가 일상 가운데 사람들이 다들 숨기고 살고 있어요.,"KMSAV (interim, not OLKAVS)"
mNKy_V09sa4_000202,mNKy_V09sa4,inte,train,2.88,kmsav_pilot/cropped/mNKy_V09sa4/utts/000202.mp4,우리들이 주변에서 괜찮니? 라고 물어볼 때,"KMSAV (interim, not OLKAVS)"
mNKy_V09sa4_000204,mNKy_V09sa4,inte,train,2.52,kmsav_pilot/cropped/mNKy_V09sa4/utts/000204.mp4,그 사람들이 자기를 내어 놓을 수 있거든요.,"KMSAV (interim, not OLKAVS)"
mNKy_V09sa4_000205,mNKy_V09sa4,inte,train,3.56,kmsav_pilot/cropped/mNKy_V09sa4/utts/000205.mp4,예. 그때 같이 진지하게 얘기해 주는 게 상당히 중요합니다.,"KMSAV (interim, not OLKAVS)"
mNKy_V09sa4_000207,mNKy_V09sa4,inte,train,2.6,kmsav_pilot/cropped/mNKy_V09sa4/utts/000207.mp4,아 우리 심정 자체가,"KMSAV (interim, not OLKAVS)"
mNKy_V09sa4_000209,mNKy_V09sa4,inte,train,3.16,kmsav_pilot/cropped/mNKy_V09sa4/utts/000209.mp4,괜찮니? 물었는데 아니 실은 힘들어,"KMSAV (interim, not OLKAVS)"
mNKy_V09sa4_000217,mNKy_V09sa4,inte,train,2.16,kmsav_pilot/cropped/mNKy_V09sa4/utts/000217.mp4,그때 인제 아 너 힘드니?,"KMSAV (interim, not OLKAVS)"
mNKy_V09sa4_000241,mNKy_V09sa4,inte,train,4.16,kmsav_pilot/cropped/mNKy_V09sa4/utts/000241.mp4,어 저 같은 경우는 인제 자살 예방한다 라는게 알려져 있으니까,"KMSAV (interim, not OLKAVS)"
mNKy_V09sa4_000242,mNKy_V09sa4,inte,train,3.16,kmsav_pilot/cropped/mNKy_V09sa4/utts/000242.mp4,페이스북이나 이런 거 할 때도 이렇게 툭툭 메시지들이 옵니다.,"KMSAV (interim, not OLKAVS)"
mNKy_V09sa4_000245,mNKy_V09sa4,inte,train,5.52,kmsav_pilot/cropped/mNKy_V09sa4/utts/000245.mp4,죽고 싶단 얘기가 오고요. 에 그래서 저는 제가 경험하기로는,"KMSAV (interim, not OLKAVS)"
mNKy_V09sa4_000250,mNKy_V09sa4,inte,train,2.8,kmsav_pilot/cropped/mNKy_V09sa4/utts/000250.mp4,실은 살고 싶은데라는 얘기가 나오는 거죠.,"KMSAV (interim, not OLKAVS)"
mNKy_V09sa4_000252,mNKy_V09sa4,inte,train,7.08,kmsav_pilot/cropped/mNKy_V09sa4/utts/000252.mp4,아 그래서 저희 센터에서 같이 아 아 그 지내면서 어 한번 회복이 된 형제도 있는데,"KMSAV (interim, not OLKAVS)"
mNKy_V09sa4_000253,mNKy_V09sa4,inte,train,2.76,kmsav_pilot/cropped/mNKy_V09sa4/utts/000253.mp4,어 정말 우리 주변에 너무 많아요.,"KMSAV (interim, not OLKAVS)"
mNKy_V09sa4_000255,mNKy_V09sa4,inte,train,4.64,kmsav_pilot/cropped/mNKy_V09sa4/utts/000255.mp4,아 예.예. 그래서 자살하려는 사람들이 자기 신호를 보낸다고 그러잖아요.,"KMSAV (interim, not OLKAVS)"
mNKy_V09sa4_000262,mNKy_V09sa4,inte,train,3.04,kmsav_pilot/cropped/mNKy_V09sa4/utts/000262.mp4,마지막엔 누군가 그래도 한마디 같이 나눠 보고 싶고,"KMSAV (interim, not OLKAVS)"
mNKy_V09sa4_000264,mNKy_V09sa4,inte,train,4.4,kmsav_pilot/cropped/mNKy_V09sa4/utts/000264.mp4,정말 죽고 싶은 마음도 있지만 한켠으론 살고 싶은 마음이 더 크잖아요.,"KMSAV (interim, not OLKAVS)"
mNKy_V09sa4_000267,mNKy_V09sa4,inte,train,2.32,kmsav_pilot/cropped/mNKy_V09sa4/utts/000267.mp4,고리를 건다라고 제가 표현을 하는데,"KMSAV (interim, not OLKAVS)"
mNKy_V09sa4_000269,mNKy_V09sa4,inte,train,4.12,kmsav_pilot/cropped/mNKy_V09sa4/utts/000269.mp4,정말 고리걸 수 있는 사람 한 사람만 있으면 좋겠다라는 생각들을 해요.,"KMSAV (interim, not OLKAVS)"
mNKy_V09sa4_000272,mNKy_V09sa4,inte,train,4.12,kmsav_pilot/cropped/mNKy_V09sa4/utts/000272.mp4,그러한 신호들을 보낼 때 좀 더 진지하게 맞이해 주시고,"KMSAV (interim, not OLKAVS)"
mNKy_V09sa4_000273,mNKy_V09sa4,inte,train,3.76,kmsav_pilot/cropped/mNKy_V09sa4/utts/000273.mp4,그 사람들에게 아 정말 조금만 상식을 가지고,"KMSAV (interim, not OLKAVS)"
mNKy_V09sa4_000274,mNKy_V09sa4,inte,train,3.2,kmsav_pilot/cropped/mNKy_V09sa4/utts/000274.mp4,어 이 사람이 도움을 받을 수 있는 기관을 소개해 주고,"KMSAV (interim, not OLKAVS)"
mNKy_V09sa4_000276,mNKy_V09sa4,inte,train,2.52,kmsav_pilot/cropped/mNKy_V09sa4/utts/000276.mp4,그렇게만 해도 참 많은 도움이 될 겁니다.,"KMSAV (interim, not OLKAVS)"
mNKy_V09sa4_000278,mNKy_V09sa4,inte,train,5.24,kmsav_pilot/cropped/mNKy_V09sa4/utts/000278.mp4,그것을 그냥 지나치지 않고 따뜻한 한마디로 함께 대답해 주고 응답해 주는 거,"KMSAV (interim, not OLKAVS)"
mNKy_V09sa4_000286,mNKy_V09sa4,inte,train,2.08,kmsav_pilot/cropped/mNKy_V09sa4/utts/000286.mp4,약간의 차이는 있습니다. 그래도,"KMSAV (interim, not OLKAVS)"
mNKy_V09sa4_000287,mNKy_V09sa4,inte,train,3.64,kmsav_pilot/cropped/mNKy_V09sa4/utts/000287.mp4,일반적인 사회에서 자살 생각하는 사람들보단 좀 적지만,"KMSAV (interim, not OLKAVS)"
mNKy_V09sa4_000291,mNKy_V09sa4,inte,train,5.16,kmsav_pilot/cropped/mNKy_V09sa4/utts/000291.mp4,네. 그래서 상당히 아직 그 교회 안에도 자살을 생각하는 사람들이,"KMSAV (interim, not OLKAVS)"
mNKy_V09sa4_000296,mNKy_V09sa4,inte,train,2.0,kmsav_pilot/cropped/mNKy_V09sa4/utts/000296.mp4,어 근데 우리가 아직 대비가 없어요.,"KMSAV (interim, not OLKAVS)"
mNKy_V09sa4_000299,mNKy_V09sa4,inte,train,3.0,kmsav_pilot/cropped/mNKy_V09sa4/utts/000299.mp4,그냥 어 믿음이 있으면 자살 안 해.,"KMSAV (interim, not OLKAVS)"
mNKy_V09sa4_000305,mNKy_V09sa4,inte,train,2.44,kmsav_pilot/cropped/mNKy_V09sa4/utts/000305.mp4,아 믿음이 있어도 자살을 하고,"KMSAV (interim, not OLKAVS)"
mNKy_V09sa4_000307,mNKy_V09sa4,inte,train,2.08,kmsav_pilot/cropped/mNKy_V09sa4/utts/000307.mp4,신앙이 좋아도 자살을 합니다.,"KMSAV (interim, not OLKAVS)"
mNKy_V09sa4_000309,mNKy_V09sa4,inte,train,2.64,kmsav_pilot/cropped/mNKy_V09sa4/utts/000309.mp4,이게 아주 병 같이 흘러가는 것이거든요.,"KMSAV (interim, not OLKAVS)"
mNKy_V09sa4_000318,mNKy_V09sa4,inte,train,4.8,kmsav_pilot/cropped/mNKy_V09sa4/utts/000318.mp4,어려움을 겪고 있는 사람들을 실제적으로 도와줄 수 있는,"KMSAV (interim, not OLKAVS)"
mNKy_V09sa4_000319,mNKy_V09sa4,inte,train,2.56,kmsav_pilot/cropped/mNKy_V09sa4/utts/000319.mp4,그런 것들을 좀 훈련 받으셨음 좋겠구요.,"KMSAV (interim, not OLKAVS)"
mNKy_V09sa4_000321,mNKy_V09sa4,inte,train,4.32,kmsav_pilot/cropped/mNKy_V09sa4/utts/000321.mp4,그걸 통해서 좀더 실질적인 도움을 줄 수 있음 좋겠고,"KMSAV (interim, not OLKAVS)"
mNKy_V09sa4_000322,mNKy_V09sa4,inte,train,5.8,kmsav_pilot/cropped/mNKy_V09sa4/utts/000322.mp4,더 나아가선 교회가 지역 사회에서 이러한 역할들을 해주셨으면 좋겠어요.,"KMSAV (interim, not OLKAVS)"
mNKy_V09sa4_000323,mNKy_V09sa4,inte,train,4.2,kmsav_pilot/cropped/mNKy_V09sa4/utts/000323.mp4,근데 정말 중요하게 제가 생각하는 건 뭐냐하면요,"KMSAV (interim, not OLKAVS)"
mNKy_V09sa4_000324,mNKy_V09sa4,inte,train,2.08,kmsav_pilot/cropped/mNKy_V09sa4/utts/000324.mp4,자살한 사람들,"KMSAV (interim, not OLKAVS)"
mNKy_V09sa4_000331,mNKy_V09sa4,inte,train,4.72,kmsav_pilot/cropped/mNKy_V09sa4/utts/000331.mp4,교회에서 논란이 일어나 가지고 장례를 못 치른 사람들 참 많습니다.,"KMSAV (interim, not OLKAVS)"
mNKy_V09sa4_000334,mNKy_V09sa4,inte,train,3.92,kmsav_pilot/cropped/mNKy_V09sa4/utts/000334.mp4,어 교회에서 그런 의향이 있어도 본인들이 숨기는 경우도 있고,"KMSAV (interim, not OLKAVS)"
mNKy_V09sa4_000336,mNKy_V09sa4,inte,train,3.56,kmsav_pilot/cropped/mNKy_V09sa4/utts/000336.mp4,교회가 또 그렇게 숨기고 얘길 하라고 하는 경우도 있구요.,"KMSAV (interim, not OLKAVS)"
mNKy_V09sa4_000338,mNKy_V09sa4,inte,train,2.48,kmsav_pilot/cropped/mNKy_V09sa4/utts/000338.mp4,그래서 상처받은 사람들이 너무 많아요.,"KMSAV (interim, not OLKAVS)"
mNKy_V09sa4_000340,mNKy_V09sa4,inte,train,2.4,kmsav_pilot/cropped/mNKy_V09sa4/utts/000340.mp4,예. 그래서 유가족들 입장에서 보면,"KMSAV (interim, not OLKAVS)"
mNKy_V09sa4_000341,mNKy_V09sa4,inte,train,3.6,kmsav_pilot/cropped/mNKy_V09sa4/utts/000341.mp4,어 가장 그 하나님의 위로를 받아야 되고,"KMSAV (interim, not OLKAVS)"
mNKy_V09sa4_000342,mNKy_V09sa4,inte,train,3.6,kmsav_pilot/cropped/mNKy_V09sa4/utts/000342.mp4,그 다음에 교회가 정말 도움이 필요한 땐데,"KMSAV (interim, not OLKAVS)"
mNKy_V09sa4_000349,mNKy_V09sa4,inte,train,2.28,kmsav_pilot/cropped/mNKy_V09sa4/utts/000349.mp4,심지어 인제 하나님을 떠나게 되는 것이죠.,"KMSAV (interim, not OLKAVS)"
mNKy_V09sa4_000351,mNKy_V09sa4,inte,train,2.08,kmsav_pilot/cropped/mNKy_V09sa4/utts/000351.mp4,어 유가족들이,"KMSAV (interim, not OLKAVS)"
mNKy_V09sa4_000352,mNKy_V09sa4,inte,train,2.08,kmsav_pilot/cropped/mNKy_V09sa4/utts/000352.mp4,그 자살의 위험이 제일 높습니다.,"KMSAV (interim, not OLKAVS)"
mNKy_V09sa4_000358,mNKy_V09sa4,inte,train,5.76,kmsav_pilot/cropped/mNKy_V09sa4/utts/000358.mp4,그때 이 가족 중에 누가 자살을 하면 그 충격 때문에 더 큰 위험에 빠지게 되거든요.,"KMSAV (interim, not OLKAVS)"
mNKy_V09sa4_000359,mNKy_V09sa4,inte,train,3.16,kmsav_pilot/cropped/mNKy_V09sa4/utts/000359.mp4,근데 교회가 그때를 외면한다 라고 한다면,"KMSAV (interim, not OLKAVS)"
mNKy_V09sa4_000360,mNKy_V09sa4,inte,train,2.48,kmsav_pilot/cropped/mNKy_V09sa4/utts/000360.mp4,아 이건 정말 성도의 공동체가,"KMSAV (interim, not OLKAVS)"
mNKy_V09sa4_000361,mNKy_V09sa4,inte,train,2.2,kmsav_pilot/cropped/mNKy_V09sa4/utts/000361.mp4,아니지 않나 그런 생각이 들어요.,"KMSAV (interim, not OLKAVS)"
mNKy_V09sa4_000372,mNKy_V09sa4,inte,train,8.2,kmsav_pilot/cropped/mNKy_V09sa4/utts/000372.mp4,관계 으쯔쯔쯔 과정인데 장례를 안 치뤄주니까 이걸 잃어버리는거죠. 그래서 유가족들의 그런 아픔을 제가 듣고,"KMSAV (interim, not OLKAVS)"
mNKy_V09sa4_000374,mNKy_V09sa4,inte,train,3.64,kmsav_pilot/cropped/mNKy_V09sa4/utts/000374.mp4,어 처음에는 1년에 1번씩 위로 예배를 드렸어요.,"KMSAV (interim, not OLKAVS)"
mNKy_V09sa4_000376,mNKy_V09sa4,inte,train,4.8,kmsav_pilot/cropped/mNKy_V09sa4/utts/000376.mp4,네. 그니까 장례를 못 치르신 분들 네 장례를 우리가 새로 치를순 없지만,"KMSAV (interim, not OLKAVS)"
mNKy_V09sa4_000380,mNKy_V09sa4,inte,train,3.64,kmsav_pilot/cropped/mNKy_V09sa4/utts/000380.mp4,그 수요예배 저녁 예배 때 함께 모여서 예배드리고 있습니다.,"KMSAV (interim, not OLKAVS)"
mNKy_V09sa4_000385,mNKy_V09sa4,inte,train,3.72,kmsav_pilot/cropped/mNKy_V09sa4/utts/000385.mp4,어 유가족들끼리 그리고 말씀을 통해서 또 회복도 하고,"KMSAV (interim, not OLKAVS)"
mNKy_V09sa4_000387,mNKy_V09sa4,inte,train,2.88,kmsav_pilot/cropped/mNKy_V09sa4/utts/000387.mp4,아 그렇게 함께 지금 모임 갖고 있습니다.,"KMSAV (interim, not OLKAVS)"
mNKy_V09sa4_000400,mNKy_V09sa4,inte,train,4.36,kmsav_pilot/cropped/mNKy_V09sa4/utts/000400.mp4,너무 고마 아 그니까 그런 거 볼 때마다 제가 참 마음이 아파요.,"KMSAV (interim, not OLKAVS)"
mNKy_V09sa4_000403,mNKy_V09sa4,inte,train,3.76,kmsav_pilot/cropped/mNKy_V09sa4/utts/000403.mp4,저 분들 저렇게 교회가 내쳤다라는 것이 너무 힘들어요.,"KMSAV (interim, not OLKAVS)"
mNKy_V09sa4_000413,mNKy_V09sa4,inte,train,2.56,kmsav_pilot/cropped/mNKy_V09sa4/utts/000413.mp4,어 사회로 복귀하는 과정에,"KMSAV (interim, not OLKAVS)"
mNKy_V09sa4_000417,mNKy_V09sa4,inte,train,3.72,kmsav_pilot/cropped/mNKy_V09sa4/utts/000417.mp4,근데 이렇게 보면 같은 아픔을 가진 사람들이고,"KMSAV (interim, not OLKAVS)"
mNKy_V09sa4_000418,mNKy_V09sa4,inte,train,4.28,kmsav_pilot/cropped/mNKy_V09sa4/utts/000418.mp4,우리 같은 사람들은 참 본인들을 이해해 줄 수 있다라는 확신이 있으니까,"KMSAV (interim, not OLKAVS)"
mNKy_V09sa4_000420,mNKy_V09sa4,inte,train,4.12,kmsav_pilot/cropped/mNKy_V09sa4/utts/000420.mp4,이야길 꺼내 놓는 순간부터 정말 많은 그 회복의 과정,"KMSAV (interim, not OLKAVS)"
mNKy_V09sa4_000422,mNKy_V09sa4,inte,train,5.12,kmsav_pilot/cropped/mNKy_V09sa4/utts/000422.mp4,그리고 새롭게 또 이 사람들과의 만남을 시작하는 분들이 많이 있습니다.,"KMSAV (interim, not OLKAVS)"
mNKy_V09sa4_000425,mNKy_V09sa4,inte,train,2.28,kmsav_pilot/cropped/mNKy_V09sa4/utts/000425.mp4,결국 인제 구원의 문제죠.,"KMSAV (interim, not OLKAVS)"
mNKy_V09sa4_000428,mNKy_V09sa4,inte,train,4.0,kmsav_pilot/cropped/mNKy_V09sa4/utts/000428.mp4,우리가 일반적으로 통설적으로 우리가 이해하는 것이,"KMSAV (interim, not OLKAVS)"
mNKy_V09sa4_000429,mNKy_V09sa4,inte,train,3.76,kmsav_pilot/cropped/mNKy_V09sa4/utts/000429.mp4,자살한 사람은 지옥간다. 이렇게 이해를 하고 있잖아요.,"KMSAV (interim, not OLKAVS)"
mNKy_V09sa4_000430,mNKy_V09sa4,inte,train,2.36,kmsav_pilot/cropped/mNKy_V09sa4/utts/000430.mp4,어 이거는 정말 통설이라고 이야길 하는 거,"KMSAV (interim, not OLKAVS)"
mNKy_V09sa4_000432,mNKy_V09sa4,inte,train,2.16,kmsav_pilot/cropped/mNKy_V09sa4/utts/000432.mp4,성경적인 명확한 근거가 없는 거죠?,"KMSAV (interim, not OLKAVS)"
mNKy_V09sa4_000435,mNKy_V09sa4,inte,train,6.08,kmsav_pilot/cropped/mNKy_V09sa4/utts/000435.mp4,이건 확실한 사실이거든요. 그깐 어 초기 초대 교회만 해도 이런 논의 자체가 없었구요.,"KMSAV (interim, not OLKAVS)"
mNKy_V09sa4_000437,mNKy_V09sa4,inte,train,6.64,kmsav_pilot/cropped/mNKy_V09sa4/utts/000437.mp4,어거스틴 때 이르러 가지고 어거스틴이 하는 얘기가 아 자살도 살인이다. 라는 겁니다.,"KMSAV (interim, not OLKAVS)"
mNKy_V09sa4_000449,mNKy_V09sa4,inte,train,2.6,kmsav_pilot/cropped/mNKy_V09sa4/utts/000449.mp4,어 자살도 마찬가지라는 것이죠.,"KMSAV (interim, not OLKAVS)"
mNKy_V09sa4_000451,mNKy_V09sa4,inte,train,7.08,kmsav_pilot/cropped/mNKy_V09sa4/utts/000451.mp4,그 행위가 하나님 앞에 용서를 받을 수 있느냐 없느냐의 문제는 하나님이 판단하실 것이구요.,"KMSAV (interim, not OLKAVS)"
mNKy_V09sa4_000453,mNKy_V09sa4,inte,train,7.16,kmsav_pilot/cropped/mNKy_V09sa4/utts/000453.mp4,어떠한 절대적인 죄로 인해서 우리가 어 천국에 못 갈 것이다 하는 것은 개신교적인 사상은 아닙니다.,"KMSAV (interim, not OLKAVS)"
mNKy_V09sa4_000455,mNKy_V09sa4,inte,train,5.44,kmsav_pilot/cropped/mNKy_V09sa4/utts/000455.mp4,그래서 일치감치 종교 개혁가들도 이 부분에 대해서는 많은 이야기들을 했습니다.,"KMSAV (interim, not OLKAVS)"
mNKy_V09sa4_000457,mNKy_V09sa4,inte,train,8.2,kmsav_pilot/cropped/mNKy_V09sa4/utts/000457.mp4,특히 루터 같은 경우는 그 당시에 인제 카톨릭 교회에서 그 자살한 사람을 그 장례를 안 치뤄주고 있으니까,"KMSAV (interim, not OLKAVS)"
mNKy_V09sa4_000459,mNKy_V09sa4,inte,train,2.52,kmsav_pilot/cropped/mNKy_V09sa4/utts/000459.mp4,루터가 나서서 장례를 치뤄주죠.,"KMSAV (interim, not OLKAVS)"
mNKy_V09sa4_000462,mNKy_V09sa4,inte,train,5.84,kmsav_pilot/cropped/mNKy_V09sa4/utts/000462.mp4,자살을 한다라는 것은 우리가 숲을 지나가 지나다가 강도를 만난 것과 같다.,"KMSAV (interim, not OLKAVS)"
mNKy_V09sa4_000464,mNKy_V09sa4,inte,train,3.16,kmsav_pilot/cropped/mNKy_V09sa4/utts/000464.mp4,에 그 사탄에 의해서 우리가 강도 만나듯이,"KMSAV (interim, not OLKAVS)"
mNKy_V09sa4_000472,mNKy_V09sa4,inte,train,6.16,kmsav_pilot/cropped/mNKy_V09sa4/utts/000472.mp4,그래서 정말 이 개인적으로 이 사람이 믿음이 있었느냐 이 하나를 가지고,"KMSAV (interim, not OLKAVS)"
mNKy_V09sa4_000475,mNKy_V09sa4,inte,train,6.96,kmsav_pilot/cropped/mNKy_V09sa4/utts/000475.mp4,땅에 있는 우리가 어떤 사람이 지옥 갈 것이다. 천국 갈 것이다. 우리가 결정할 일은 절대 아니구요.,"KMSAV (interim, not OLKAVS)"
mNKy_V09sa4_000479,mNKy_V09sa4,inte,train,5.08,kmsav_pilot/cropped/mNKy_V09sa4/utts/000479.mp4,그 은혜 가운데 결정해 주실 것이다 라는 그런 믿음으로 나가야 될 거 같습니다.,"KMSAV (interim, not OLKAVS)"
mNKy_V09sa4_000496,mNKy_V09sa4,inte,train,5.96,kmsav_pilot/cropped/mNKy_V09sa4/utts/000496.mp4,그 안에 보면은 어 그 신도들 중에 자살한 사람이 있으면,"KMSAV (interim, not OLKAVS)"
mNKy_V09sa4_000498,mNKy_V09sa4,inte,train,4.2,kmsav_pilot/cropped/mNKy_V09sa4/utts/000498.mp4,예식서와 거기에 맞는 설교문까지 아주 잘 들어있습니다.,"KMSAV (interim, not OLKAVS)"
mNKy_V09sa4_000500,mNKy_V09sa4,inte,train,6.72,kmsav_pilot/cropped/mNKy_V09sa4/utts/000500.mp4,이 말은 다시 말하면 총회가 공식적으로 자살한 사람에 대한 장례가 아 가능하다,"KMSAV (interim, not OLKAVS)"
mNKy_V09sa4_000508,mNKy_V09sa4,inte,train,4.24,kmsav_pilot/cropped/mNKy_V09sa4/utts/000508.mp4,결국 생명의 문화를 가지고 이 죽음의 문화를 이겨야죠.,"KMSAV (interim, not OLKAVS)"
mNKy_V09sa4_000512,mNKy_V09sa4,inte,train,4.32,kmsav_pilot/cropped/mNKy_V09sa4/utts/000512.mp4,우리가 그 예수 그리스도의 이 생명의 영을 가지고 있는 우리 한국 교회가,"KMSAV (interim, not OLKAVS)"
mNKy_V09sa4_000514,mNKy_V09sa4,inte,train,2.12,kmsav_pilot/cropped/mNKy_V09sa4/utts/000514.mp4,이 죽음의 영을 이기고,"KMSAV (interim, not OLKAVS)"
mNKy_V09sa4_000515,mNKy_V09sa4,inte,train,2.72,kmsav_pilot/cropped/mNKy_V09sa4/utts/000515.mp4,자살을 극복할 수 있도록 만들어 줘야 된다.,"KMSAV (interim, not OLKAVS)"
mNKy_V09sa4_000520,mNKy_V09sa4,inte,train,4.08,kmsav_pilot/cropped/mNKy_V09sa4/utts/000520.mp4,어 올해부터는 인제 전국적으로 펼치고 있는 것이,"KMSAV (interim, not OLKAVS)"
mNKy_V09sa4_000522,mNKy_V09sa4,inte,train,2.12,kmsav_pilot/cropped/mNKy_V09sa4/utts/000522.mp4,어 라이프 워킹,"KMSAV (interim, not OLKAVS)"
mNKy_V09sa4_000523,mNKy_V09sa4,inte,train,3.4,kmsav_pilot/cropped/mNKy_V09sa4/utts/000523.mp4,해서 생명 보듬 페스티발을 펼치고 있습니다.,"KMSAV (interim, not OLKAVS)"
mNKy_V09sa4_000525,mNKy_V09sa4,inte,train,6.76,kmsav_pilot/cropped/mNKy_V09sa4/utts/000525.mp4,"어 서울 뿐만이 아니고 이제 파주, 하남, 안양, 천안 지금 확정이 됐고요.","KMSAV (interim, not OLKAVS)"
mNKy_V09sa4_000527,mNKy_V09sa4,inte,train,3.4,kmsav_pilot/cropped/mNKy_V09sa4/utts/000527.mp4,이제 부산과 순천 지역도 저희들이 준비 중인데,"KMSAV (interim, not OLKAVS)"
mNKy_V09sa4_000529,mNKy_V09sa4,inte,train,2.96,kmsav_pilot/cropped/mNKy_V09sa4/utts/000529.mp4,전국적으로 생명의 축제를,"KMSAV (interim, not OLKAVS)"
mNKy_V09sa4_000531,mNKy_V09sa4,inte,train,4.48,kmsav_pilot/cropped/mNKy_V09sa4/utts/000531.mp4,열고 함께 걸으면서 죽음과 삶에 대한 이야기를 나누고,"KMSAV (interim, not OLKAVS)"
mNKy_V09sa4_000533,mNKy_V09sa4,inte,train,4.44,kmsav_pilot/cropped/mNKy_V09sa4/utts/000533.mp4,어떻게 생명의 문화를 만들 것인가 함께 나누는 아주 축제의 기간을 저희들이,"KMSAV (interim, not OLKAVS)"
mNKy_V09sa4_000547,mNKy_V09sa4,inte,train,6.96,kmsav_pilot/cropped/mNKy_V09sa4/utts/000547.mp4,아 우리나라 중고등학교에 자살 예방 교육 생명 교육을 아 1년에 2번 2시간씩 시키게 되있어요.,"KMSAV (interim, not OLKAVS)"
mNKy_V09sa4_000549,mNKy_V09sa4,inte,train,2.72,kmsav_pilot/cropped/mNKy_V09sa4/utts/000549.mp4,근데 인제 예산 지원은 지금 없는 상황이거든요.,"KMSAV (interim, not OLKAVS)"
mNKy_V09sa4_000551,mNKy_V09sa4,inte,train,4.92,kmsav_pilot/cropped/mNKy_V09sa4/utts/000551.mp4,근데 정말 교육을 하라고 했는데 교육이 이루어질 수 있는 상황은 아니에요. 그래서,"KMSAV (interim, not OLKAVS)"
mNKy_V09sa4_000552,mNKy_V09sa4,inte,train,5.8,kmsav_pilot/cropped/mNKy_V09sa4/utts/000552.mp4,교회들이 한 교회가 지역에 있는 한 학교의 교육을 좀 지원해주셨으면 좋겠어요.,"KMSAV (interim, not OLKAVS)"
mNKy_V09sa4_000565,mNKy_V09sa4,inte,train,3.44,kmsav_pilot/cropped/mNKy_V09sa4/utts/000565.mp4,아 이런 걸 통해 가지고 전국민이 서로 안부 물어주는,"KMSAV (interim, not OLKAVS)"
mNKy_V09sa4_000567,mNKy_V09sa4,inte,train,3.72,kmsav_pilot/cropped/mNKy_V09sa4/utts/000567.mp4,그래서 좀 더 밝은 사회를 만들어 가는 그러한 일들을 하고 있고,"KMSAV (interim, not OLKAVS)"
mNKy_V09sa4_000569,mNKy_V09sa4,inte,train,2.2,kmsav_pilot/cropped/mNKy_V09sa4/utts/000569.mp4,이걸 위해서 플래시 몹 이런 것도 하고 있구요.,"KMSAV (interim, not OLKAVS)"
mNKy_V09sa4_000571,mNKy_V09sa4,inte,train,6.28,kmsav_pilot/cropped/mNKy_V09sa4/utts/000571.mp4,예. 어 암튼 좀 캠페인 사업을 좀 재밌게 좀 펼쳐 볼려고 어 노력 중에 있습니다.,"KMSAV (interim, not OLKAVS)"
mNKy_V09sa4_000574,mNKy_V09sa4,inte,train,3.6,kmsav_pilot/cropped/mNKy_V09sa4/utts/000574.mp4,유가족들을 위한 프로그램들을 저희들이 활발하게 진행하고 있고,"KMSAV (interim, not OLKAVS)"
mNKy_V09sa4_000576,mNKy_V09sa4,inte,train,4.84,kmsav_pilot/cropped/mNKy_V09sa4/utts/000576.mp4,특히 크리스찬들이 정말 이곳에 와서 같이 위로를 받으면서,"KMSAV (interim, not OLKAVS)"
mNKy_V09sa4_000577,mNKy_V09sa4,inte,train,2.48,kmsav_pilot/cropped/mNKy_V09sa4/utts/000577.mp4,어 그 아픔을 서로 나누고 있습니다.,"KMSAV (interim, not OLKAVS)"
mNKy_V09sa4_000599,mNKy_V09sa4,inte,train,3.24,kmsav_pilot/cropped/mNKy_V09sa4/utts/000599.mp4,어 근데 제가 이 일을 하는 이유는,"KMSAV (interim, not OLKAVS)"
mNKy_V09sa4_000601,mNKy_V09sa4,inte,train,3.96,kmsav_pilot/cropped/mNKy_V09sa4/utts/000601.mp4,어 제가 인제 목회 사회학이라고 인제 사회학 쪽으로 하는데,"KMSAV (interim, not OLKAVS)"
mNKy_V09sa4_000608,mNKy_V09sa4,inte,train,3.36,kmsav_pilot/cropped/mNKy_V09sa4/utts/000608.mp4,슨 주제를 가지고 우리가 이야길 해야되고,"KMSAV (interim, not OLKAVS)"
mNKy_V09sa4_000610,mNKy_V09sa4,inte,train,4.64,kmsav_pilot/cropped/mNKy_V09sa4/utts/000610.mp4,교회가 이 사회를 위해서 뭘 할 수 있을까를 살펴보니까,"KMSAV (interim, not OLKAVS)"
mNKy_V09sa4_000611,mNKy_V09sa4,inte,train,2.4,kmsav_pilot/cropped/mNKy_V09sa4/utts/000611.mp4,자살 문제가 너무 심각한 거죠.,"KMSAV (interim, not OLKAVS)"
mNKy_V09sa4_000613,mNKy_V09sa4,inte,train,4.52,kmsav_pilot/cropped/mNKy_V09sa4/utts/000613.mp4,근데 교회가 나서면 자살 문제는 해결할 수 있을 거 같더라고요. 그래서,"KMSAV (interim, not OLKAVS)"
mNKy_V09sa4_000614,mNKy_V09sa4,inte,train,3.32,kmsav_pilot/cropped/mNKy_V09sa4/utts/000614.mp4,어 논문을 그런 쪽으로 쓰고 공부를 하고 이랬거든요,"KMSAV (interim, not OLKAVS)"
mNKy_V09sa4_000617,mNKy_V09sa4,inte,train,5.4,kmsav_pilot/cropped/mNKy_V09sa4/utts/000617.mp4,근데 스 보통 이제 사회학이라는 것이 사회 이제 인제 무슨 문제 제기를 하는 거야 아 이런 건 문제에요.,"KMSAV (interim, not OLKAVS)"
mNKy_V09sa4_000620,mNKy_V09sa4,inte,train,2.48,kmsav_pilot/cropped/mNKy_V09sa4/utts/000620.mp4,그 전문가들이 나서서 그 문제를,"KMSAV (interim, not OLKAVS)"
mNKy_V09sa4_000629,mNKy_V09sa4,inte,train,2.4,kmsav_pilot/cropped/mNKy_V09sa4/utts/000629.mp4,사람들이 그것 때매 진을 빼야 되는 거고,"KMSAV (interim, not OLKAVS)"
mNKy_V09sa4_000632,mNKy_V09sa4,inte,train,3.4,kmsav_pilot/cropped/mNKy_V09sa4/utts/000632.mp4,어 많은 분들이 제가 이런 자살 예방 이런 거 하면,"KMSAV (interim, not OLKAVS)"
mNKy_V09sa4_000636,mNKy_V09sa4,inte,train,8.2,kmsav_pilot/cropped/mNKy_V09sa4/utts/000636.mp4,실제적으로는 교회들이 이러한 뭐 죽는 문제 뭐 어두운 문제 이런 거에 좀 관여하고 싶어하질 않거든요. 예. 그래서,"KMSAV (interim, not OLKAVS)"
mNKy_V09sa4_000637,mNKy_V09sa4,inte,train,9.08,kmsav_pilot/cropped/mNKy_V09sa4/utts/000637.mp4,많은 그 참여라는 것은 기대를 할 수가 없었어요. 그래서 그러다 보니까 제가 아 마음이 아픈 거에요. 그니깐 자살 연구를 하다 보니까,"KMSAV (interim, not OLKAVS)"
mNKy_V09sa4_000638,mNKy_V09sa4,inte,train,3.6,kmsav_pilot/cropped/mNKy_V09sa4/utts/000638.mp4,자살을 할려다가 살아나신 분들에 대한 인터뷰도 많이 해봤고,"KMSAV (interim, not OLKAVS)"
mNKy_V09sa4_000640,mNKy_V09sa4,inte,train,3.16,kmsav_pilot/cropped/mNKy_V09sa4/utts/000640.mp4,그리고 유가족들에 대한 인터뷰도 해보고 하니까,"KMSAV (interim, not OLKAVS)"
mNKy_V09sa4_000645,mNKy_V09sa4,inte,train,3.52,kmsav_pilot/cropped/mNKy_V09sa4/utts/000645.mp4,아픔에 대한 그러한 마음이 있었고요.,"KMSAV (interim, not OLKAVS)"
mNKy_V09sa4_000646,mNKy_V09sa4,inte,train,2.76,kmsav_pilot/cropped/mNKy_V09sa4/utts/000646.mp4,특히 어 이거 하나님이 보시면 어떨까?,"KMSAV (interim, not OLKAVS)"
mNKy_V09sa4_000652,mNKy_V09sa4,inte,train,2.16,kmsav_pilot/cropped/mNKy_V09sa4/utts/000652.mp4,죽겠다고 저러고 있고,"KMSAV (interim, not OLKAVS)"
mNKy_V09sa4_000653,mNKy_V09sa4,inte,train,6.92,kmsav_pilot/cropped/mNKy_V09sa4/utts/000653.mp4,정말 막 옥상에 올라가서 서성거리고 있고 이런 내 자녀를 볼 때 그 하나님 마음이 어떨까 이런 생각이 많이 미쳤어요.,"KMSAV (interim, not OLKAVS)"
mNKy_V09sa4_000655,mNKy_V09sa4,inte,train,3.8,kmsav_pilot/cropped/mNKy_V09sa4/utts/000655.mp4,그래서 저는 계속 이 일을 하게 된 거죠.,"KMSAV (interim, not OLKAVS)"
mNKy_V09sa4_000657,mNKy_V09sa4,inte,train,8.6,kmsav_pilot/cropped/mNKy_V09sa4/utts/000657.mp4,처음엔 공부를 해서 문제 제기만 할려고 하다가 이 분들 만나면서 조금 더 조금 더 하다가 이제 이제 단체를 세워서,"KMSAV (interim, not OLKAVS)"
mNKy_V09sa4_000659,mNKy_V09sa4,inte,train,2.48,kmsav_pilot/cropped/mNKy_V09sa4/utts/000659.mp4,좀더 적극적으로 해가지구요.,"KMSAV (interim, not OLKAVS)"
mNKy_V09sa4_000660,mNKy_V09sa4,inte,train,4.08,kmsav_pilot/cropped/mNKy_V09sa4/utts/000660.mp4,제가 인제 직업은 교수고 이건 자원봉사로 해야 되는데,"KMSAV (interim, not OLKAVS)"
mNKy_V09sa4_000677,mNKy_V09sa4,inte,train,3.0,kmsav_pilot/cropped/mNKy_V09sa4/utts/000677.mp4,앞으로도 그렇게 될 거라고 저는 생각을 하고 있고요.,"KMSAV (interim, not OLKAVS)"
mNKy_V09sa4_000678,mNKy_V09sa4,inte,train,3.48,kmsav_pilot/cropped/mNKy_V09sa4/utts/000678.mp4,참 우리 교회가 참 귀합니다.,"KMSAV (interim, not OLKAVS)"
mNKy_V09sa4_000679,mNKy_V09sa4,inte,train,3.24,kmsav_pilot/cropped/mNKy_V09sa4/utts/000679.mp4,아 이런 중요한 가치를 함께 얘기할 수 있고,"KMSAV (interim, not OLKAVS)"
mNKy_V09sa4_000680,mNKy_V09sa4,inte,train,4.68,kmsav_pilot/cropped/mNKy_V09sa4/utts/000680.mp4,이런 좋은 가치라면 함께 하겠다는 마음들이 있고 행동할 수 있거든요.,"KMSAV (interim, not OLKAVS)"
mNKy_V09sa4_000682,mNKy_V09sa4,inte,train,3.12,kmsav_pilot/cropped/mNKy_V09sa4/utts/000682.mp4,어 생명의 가치를 올해로 회복시키는 일에,"KMSAV (interim, not OLKAVS)"
mNKy_V09sa4_000686,mNKy_V09sa4,inte,train,3.92,kmsav_pilot/cropped/mNKy_V09sa4/utts/000686.mp4,이런 생명의 문화를 만들어 가는데 우리가 앞장섰으면 좋겠습니다.,"KMSAV (interim, not OLKAVS)"
mNKy_V09sa4_000688,mNKy_V09sa4,inte,train,5.04,kmsav_pilot/cropped/mNKy_V09sa4/utts/000688.mp4,그래서 정말 시간이 지난 다음에 역사를 되돌아 보면서,"KMSAV (interim, not OLKAVS)"
mNKy_V09sa4_000691,mNKy_V09sa4,inte,train,3.56,kmsav_pilot/cropped/mNKy_V09sa4/utts/000691.mp4,이 땅에 살게 됐다라는 얘기가 좀 나타나면 좋겠습니다.,"KMSAV (interim, not OLKAVS)"
mNKy_V09sa4_000695,mNKy_V09sa4,inte,train,4.72,kmsav_pilot/cropped/mNKy_V09sa4/utts/000695.mp4,어 어렸을 때는 어렸을 때라 중학생은 중학생 고등학생은 고등학생대로,"KMSAV (interim, not OLKAVS)"
mNKy_V09sa4_000696,mNKy_V09sa4,inte,train,4.4,kmsav_pilot/cropped/mNKy_V09sa4/utts/000696.mp4,인생이 지나면서 다 힘든 때인거 같아요.,"KMSAV (interim, not OLKAVS)"
mNKy_V09sa4_000697,mNKy_V09sa4,inte,train,4.44,kmsav_pilot/cropped/mNKy_V09sa4/utts/000697.mp4,근데 지나고 나면 또 살게 되고 살 만하거든요.,"KMSAV (interim, not OLKAVS)"
mNKy_V09sa4_000698,mNKy_V09sa4,inte,train,2.32,kmsav_pilot/cropped/mNKy_V09sa4/utts/000698.mp4,그때를 잘 버티시길 바랍니다.,"KMSAV (interim, not OLKAVS)"
mNKy_V09sa4_000700,mNKy_V09sa4,inte,train,4.0,kmsav_pilot/cropped/mNKy_V09sa4/utts/000700.mp4,생명은 무엇과도 바꿀수 없는 정말 귀중한 겁니다.,"KMSAV (interim, not OLKAVS)"
nkELN0Af0e8_000004,nkELN0Af0e8,issu,train,3.48,kmsav_pilot/cropped/nkELN0Af0e8/utts/000004.mp4,그래서 뭐 공포증은 약물을 쓸 수도 있구요. 뭐,"KMSAV (interim, not OLKAVS)"
nkELN0Af0e8_000010,nkELN0Af0e8,issu,train,9.0,kmsav_pilot/cropped/nkELN0Af0e8/utts/000010.mp4,어 회사 이제 윗사람 상관이 우월한 어떤 지위를 이용해서 어떤 어 아랫사람한테 신체적이나 정신적 고통을 주면 이게 뭐 3년 이하 징역이나,"KMSAV (interim, not OLKAVS)"
nkELN0Af0e8_000019,nkELN0Af0e8,issu,train,6.68,kmsav_pilot/cropped/nkELN0Af0e8/utts/000019.mp4,저는 그 와이프랑 제가 되게 좀 다른데 무서워하는게 예를 들어서 놀이공원에 가도,"KMSAV (interim, not OLKAVS)"
nkELN0Af0e8_000020,nkELN0Af0e8,issu,train,2.48,kmsav_pilot/cropped/nkELN0Af0e8/utts/000020.mp4,저는 높은 걸 못 타요. 네.,"KMSAV (interim, not OLKAVS)"
nkELN0Af0e8_000026,nkELN0Af0e8,issu,train,5.88,kmsav_pilot/cropped/nkELN0Af0e8/utts/000026.mp4,네. 저는 이제 뭐 빠르게 하는 걸 무서워하거든요. 와이프는 그런 건 하나도 안 무서워 하는,"KMSAV (interim, not OLKAVS)"
p1lchVoSETE_000035,p1lchVoSETE,mukb,train,2.2,kmsav_pilot/cropped/p1lchVoSETE/utts/000035.mp4,근데 좀 뽑아가지고 얘기를 해보니까.,"KMSAV (interim, not OLKAVS)"
pXeIM0Z39Po_000019,pXeIM0Z39Po,inte,train,5.36,kmsav_pilot/cropped/pXeIM0Z39Po/utts/000019.mp4,네. 이런 수식어만큼이나 또 훌륭한 성공 스토리도 많이 유명하십니다.,"KMSAV (interim, not OLKAVS)"
pXeIM0Z39Po_000026,pXeIM0Z39Po,inte,train,8.12,kmsav_pilot/cropped/pXeIM0Z39Po/utts/000026.mp4,어린 시절부터 보면요. 회장님이 1953년 6월 10일 경북 의성에서 8남매 중 막내로 태어나셨어요.,"KMSAV (interim, not OLKAVS)"
pXeIM0Z39Po_000033,pXeIM0Z39Po,inte,train,2.72,kmsav_pilot/cropped/pXeIM0Z39Po/utts/000033.mp4,점곡면 제 동네 이름이 착골입니다.,"KMSAV (interim, not OLKAVS)"
pXeIM0Z39Po_000036,pXeIM0Z39Po,inte,train,10.0,kmsav_pilot/cropped/pXeIM0Z39Po/utts/000036.mp4,엄청나게 에 가난했지요. 사실 요즘 가서 그 뒷산에서 앞산까지 이렇게 보면은 한 60미터 정도뿐이 안되는,"KMSAV (interim, not OLKAVS)"
pXeIM0Z39Po_000037,pXeIM0Z39Po,inte,train,2.32,kmsav_pilot/cropped/pXeIM0Z39Po/utts/000037.mp4,그 계곡에서 태어난 것 같아요. 제가,"KMSAV (interim, not OLKAVS)"
pXeIM0Z39Po_000040,pXeIM0Z39Po,inte,train,6.04,kmsav_pilot/cropped/pXeIM0Z39Po/utts/000040.mp4,그리고 제 기억으로는 제가 82년도 어 미국 갔는데 그때까지 전기가,"KMSAV (interim, not OLKAVS)"
pXeIM0Z39Po_000047,pXeIM0Z39Po,inte,train,8.08,kmsav_pilot/cropped/pXeIM0Z39Po/utts/000047.mp4,아 정말 가난했습니다. 그래서 거기다 막내로 태어났으니까는 원하지 않게 태어났고 태어나면서 고생 엄청나게 했고,"KMSAV (interim, not OLKAVS)"
pXeIM0Z39Po_000049,pXeIM0Z39Po,inte,train,2.28,kmsav_pilot/cropped/pXeIM0Z39Po/utts/000049.mp4,그러면서 막내니까 내 맘대로 자랐고,"KMSAV (interim, not OLKAVS)"
pXeIM0Z39Po_000054,pXeIM0Z39Po,inte,train,2.88,kmsav_pilot/cropped/pXeIM0Z39Po/utts/000054.mp4,사실 그전에는 주택은행에서 근무를 하셨거든요.,"KMSAV (interim, not OLKAVS)"
pXeIM0Z39Po_000056,pXeIM0Z39Po,inte,train,3.04,kmsav_pilot/cropped/pXeIM0Z39Po/utts/000056.mp4,돌연 미국행을 결심한 이유가 혹시 있으신가요?,"KMSAV (interim, not OLKAVS)"
pXeIM0Z39Po_000061,pXeIM0Z39Po,inte,train,2.92,kmsav_pilot/cropped/pXeIM0Z39Po/utts/000061.mp4,대학교를 서울에 졸업하고 에,"KMSAV (interim, not OLKAVS)"
pXeIM0Z39Po_000070,pXeIM0Z39Po,inte,train,2.48,kmsav_pilot/cropped/pXeIM0Z39Po/utts/000070.mp4,제 아 셋째 형님인데,"KMSAV (interim, not OLKAVS)"
pXeIM0Z39Po_000078,pXeIM0Z39Po,inte,train,5.88,kmsav_pilot/cropped/pXeIM0Z39Po/utts/000078.mp4,"젊은 분들 중에 많은 분들이 나 미국 갔으면 이런 생각들, 드는","KMSAV (interim, not OLKAVS)"
pXeIM0Z39Po_000080,pXeIM0Z39Po,inte,train,6.44,kmsav_pilot/cropped/pXeIM0Z39Po/utts/000080.mp4,사실 어렸을 때 좀 가난하게 태어나셨다고 하셨는데 미국 가는 게 지금도 돈이 많이 들거든요.,"KMSAV (interim, not OLKAVS)"
pXeIM0Z39Po_000082,pXeIM0Z39Po,inte,train,2.28,kmsav_pilot/cropped/pXeIM0Z39Po/utts/000082.mp4,그 당시 자금은 어떻게 구입하셨어요?,"KMSAV (interim, not OLKAVS)"
pXeIM0Z39Po_000089,pXeIM0Z39Po,inte,train,8.4,kmsav_pilot/cropped/pXeIM0Z39Po/utts/000089.mp4,저는 제가 은행을 다니면서 미국 가서 공부해야지 하면서 은행을 다니면서 사실 대학원을 다녔습니다. 그래서,"KMSAV (interim, not OLKAVS)"
pXeIM0Z39Po_000092,pXeIM0Z39Po,inte,train,6.88,kmsav_pilot/cropped/pXeIM0Z39Po/utts/000092.mp4,그 미국에 도착했을 때는 그 아파트 얻을 수 있는 돈은 없었어요.,"KMSAV (interim, not OLKAVS)"
pXeIM0Z39Po_000117,pXeIM0Z39Po,inte,train,5.92,kmsav_pilot/cropped/pXeIM0Z39Po/utts/000117.mp4,그 야! 내 친구가 판사가 있는데,"KMSAV (interim, not OLKAVS)"
pXeIM0Z39Po_000118,pXeIM0Z39Po,inte,train,7.8,kmsav_pilot/cropped/pXeIM0Z39Po/utts/000118.mp4,판사를 그만두고 미국을 갔는데 미국에서 청소한다 그러더라. 그런데 그 친구가 하는 말이,"KMSAV (interim, not OLKAVS)"
pXeIM0Z39Po_000119,pXeIM0Z39Po,inte,train,3.8,kmsav_pilot/cropped/pXeIM0Z39Po/utts/000119.mp4,청소가 판사보다 더 좋다. 이런 이야기를 하더래요. 그래서,"KMSAV (interim, not OLKAVS)"
pXeIM0Z39Po_000127,pXeIM0Z39Po,inte,train,9.6,kmsav_pilot/cropped/pXeIM0Z39Po/utts/000127.mp4,음 청소보다 더 혹독한 훈련을 받고 가잖아요. 이 생각하기 나름이기 때문에 음 그거를 꼭 청소라고 본다.,"KMSAV (interim, not OLKAVS)"
pXeIM0Z39Po_000128,pXeIM0Z39Po,inte,train,3.68,kmsav_pilot/cropped/pXeIM0Z39Po/utts/000128.mp4,예를 들면 그 지금의 서울의 화장실 정도 되죠?,"KMSAV (interim, not OLKAVS)"
pXeIM0Z39Po_000147,pXeIM0Z39Po,inte,train,4.6,kmsav_pilot/cropped/pXeIM0Z39Po/utts/000147.mp4,지 6개월 만에 청소의 달인이라고 그렇게 불리셨다고 들었거든요?,"KMSAV (interim, not OLKAVS)"
pXeIM0Z39Po_000151,pXeIM0Z39Po,inte,train,2.52,kmsav_pilot/cropped/pXeIM0Z39Po/utts/000151.mp4,머리를 안쓴다 했는데 청소가 머리를 잘 써야,"KMSAV (interim, not OLKAVS)"
pXeIM0Z39Po_000155,pXeIM0Z39Po,inte,train,2.0,kmsav_pilot/cropped/pXeIM0Z39Po/utts/000155.mp4,그 약품이 수백 가진데,"KMSAV (interim, not OLKAVS)"
pXeIM0Z39Po_000157,pXeIM0Z39Po,inte,train,2.56,kmsav_pilot/cropped/pXeIM0Z39Po/utts/000157.mp4,예를 들면은 형광등 가는 거,"KMSAV (interim, not OLKAVS)"
pXeIM0Z39Po_000159,pXeIM0Z39Po,inte,train,7.68,kmsav_pilot/cropped/pXeIM0Z39Po/utts/000159.mp4,"그 바닥에 왁스 하는 것, 페인팅 칠하는 것 그 모든 게 다 포함되어 있는 있거든요? 화장실 청소부터","KMSAV (interim, not OLKAVS)"
pXeIM0Z39Po_000190,pXeIM0Z39Po,inte,train,2.2,kmsav_pilot/cropped/pXeIM0Z39Po/utts/000190.mp4,그 전망이 좀 확연하게 눈에 보이셨습니까?,"KMSAV (interim, not OLKAVS)"
pXeIM0Z39Po_000191,pXeIM0Z39Po,inte,train,2.28,kmsav_pilot/cropped/pXeIM0Z39Po/utts/000191.mp4,제가 뭐 뭐 그 청소를 하면서요.,"KMSAV (interim, not OLKAVS)"
pXeIM0Z39Po_000193,pXeIM0Z39Po,inte,train,7.96,kmsav_pilot/cropped/pXeIM0Z39Po/utts/000193.mp4,"아마 그 제가 볼 때 수천 명 중에 원, 투, 쓰리에 속했을 정도로 청소를 잘했습니다. 그리고 다른 것보다 돈을 많이 받았었어요.","KMSAV (interim, not OLKAVS)"
pXeIM0Z39Po_000213,pXeIM0Z39Po,inte,train,4.04,kmsav_pilot/cropped/pXeIM0Z39Po/utts/000213.mp4,그 제가 자란 경북 의성은 상당히 양반 지역이세요.,"KMSAV (interim, not OLKAVS)"
pXeIM0Z39Po_000225,pXeIM0Z39Po,inte,train,9.68,kmsav_pilot/cropped/pXeIM0Z39Po/utts/000225.mp4,제가 창립 멤버세요. 꿈을 가지고 갔다가 청소로 들어가는 거는 어 사실,"KMSAV (interim, not OLKAVS)"
pXeIM0Z39Po_000228,pXeIM0Z39Po,inte,train,6.0,kmsav_pilot/cropped/pXeIM0Z39Po/utts/000228.mp4,다른 사람 4불 줄 때 저한테 하루 딱 시키더니 8불을 줬어요. 에? 시간당.,"KMSAV (interim, not OLKAVS)"
pXeIM0Z39Po_000244,pXeIM0Z39Po,inte,train,4.16,kmsav_pilot/cropped/pXeIM0Z39Po/utts/000244.mp4,저 혼자 생각하기론 오 돈은 가문의 영광이구나. 아 제가,"KMSAV (interim, not OLKAVS)"
pXeIM0Z39Po_000258,pXeIM0Z39Po,inte,train,9.52,kmsav_pilot/cropped/pXeIM0Z39Po/utts/000258.mp4,"물론 영어로 했죠. 그런데 음 사장님, 사장님은 이 회사가 사장님 거라고 생각하죠? 나는 내 거라고 생각","KMSAV (interim, not OLKAVS)"
pXeIM0Z39Po_000259,pXeIM0Z39Po,inte,train,5.88,kmsav_pilot/cropped/pXeIM0Z39Po/utts/000259.mp4,하고 일을 했는데 그랬더니 물론 그분이 나보다 더 잘났어요.,"KMSAV (interim, not OLKAVS)"
pXeIM0Z39Po_000267,pXeIM0Z39Po,inte,train,7.4,kmsav_pilot/cropped/pXeIM0Z39Po/utts/000267.mp4,안 나가려면 몰라도 어차피 나갈 거니까는 웃으면서 나가야 되잖아요. 그러면 시킨 사람 편하잖아요.,"KMSAV (interim, not OLKAVS)"
pXeIM0Z39Po_000268,pXeIM0Z39Po,inte,train,3.84,kmsav_pilot/cropped/pXeIM0Z39Po/utts/000268.mp4,"그런데 그 시키는 게 내가 마지막, 항상 마지막이었었어요.","KMSAV (interim, not OLKAVS)"
pXeIM0Z39Po_000284,pXeIM0Z39Po,inte,train,3.0,kmsav_pilot/cropped/pXeIM0Z39Po/utts/000284.mp4,12월 16일날 부동산 라이센스를 받았어요.,"KMSAV (interim, not OLKAVS)"
pXeIM0Z39Po_000288,pXeIM0Z39Po,inte,train,6.2,kmsav_pilot/cropped/pXeIM0Z39Po/utts/000288.mp4,12월 16일날하고 제가 12월 31일날까지 월급 받고 그다음에 1월 1일부터 월급을 안 받았어요.,"KMSAV (interim, not OLKAVS)"
pXeIM0Z39Po_000291,pXeIM0Z39Po,inte,train,10.0,kmsav_pilot/cropped/pXeIM0Z39Po/utts/000291.mp4,"그 청소라는 거를 저는 직업에 대해서 어 귀천은 없고 내가 갈 길이 아마 이 길이어서 또 택했고, 또 이 길 역시","KMSAV (interim, not OLKAVS)"
pXeIM0Z39Po_000293,pXeIM0Z39Po,inte,train,6.28,kmsav_pilot/cropped/pXeIM0Z39Po/utts/000293.mp4,"저한테는 정말 너무 좋은 일이고, 지금 부동산 하시는 분들 아마 이 방송 들으시면은","KMSAV (interim, not OLKAVS)"
pXeIM0Z39Po_000295,pXeIM0Z39Po,inte,train,5.32,kmsav_pilot/cropped/pXeIM0Z39Po/utts/000295.mp4,저는 부동산이 하나의 예술이라고 생각하고,"KMSAV (interim, not OLKAVS)"
pXeIM0Z39Po_000297,pXeIM0Z39Po,inte,train,3.6,kmsav_pilot/cropped/pXeIM0Z39Po/utts/000297.mp4,정말 천직이라고 생각하고 열심히 하고 있습니다.,"KMSAV (interim, not OLKAVS)"
pXeIM0Z39Po_000307,pXeIM0Z39Po,inte,train,7.08,kmsav_pilot/cropped/pXeIM0Z39Po/utts/000307.mp4,"이전 사장님과의 의리를 지키기 위해서. 또 돈을 벌기 위해서, 가문의 영광을 위해서 부동산을 시작하셨는데","KMSAV (interim, not OLKAVS)"
pXeIM0Z39Po_000308,pXeIM0Z39Po,inte,train,8.76,kmsav_pilot/cropped/pXeIM0Z39Po/utts/000308.mp4,그래도 안정된 청소 길을 버리고 부동산을 시작하셨음에도 불구하고 후회가 되는 부분이 가끔은 있었을 것 같거든요. 너무나 힘들어서,"KMSAV (interim, not OLKAVS)"
pXeIM0Z39Po_000309,pXeIM0Z39Po,inte,train,2.44,kmsav_pilot/cropped/pXeIM0Z39Po/utts/000309.mp4,"나 좀 후회해, 후회된다 뭐 이런 적 없으세요?","KMSAV (interim, not OLKAVS)"
pXeIM0Z39Po_000315,pXeIM0Z39Po,inte,train,9.36,kmsav_pilot/cropped/pXeIM0Z39Po/utts/000315.mp4,"그래서 미국 갔을 때도 고생 많이 하죠. 그런데 그 고생을 고생이라고 입에, 입 바깥에 내면 그때부터","KMSAV (interim, not OLKAVS)"
pXeIM0Z39Po_000316,pXeIM0Z39Po,inte,train,2.72,kmsav_pilot/cropped/pXeIM0Z39Po/utts/000316.mp4,골프 치다가 이거 잘 안 맞는데 하면 잘 안 맞아요.,"KMSAV (interim, not OLKAVS)"
pXeIM0Z39Po_000322,pXeIM0Z39Po,inte,train,8.4,kmsav_pilot/cropped/pXeIM0Z39Po/utts/000322.mp4,뭐 이렇게 그 그거를 후회하거나 그런 적은 거의 없습니다. 항상 항상 앞으로 앞으로 나가면서,"KMSAV (interim, not OLKAVS)"
pXeIM0Z39Po_000323,pXeIM0Z39Po,inte,train,9.24,kmsav_pilot/cropped/pXeIM0Z39Po/utts/000323.mp4,즐겁게 즐겁게 나가고 뒤로 가는 거는 항상 잘 잊어버립니다. 그리고 그리고 잘 안되는 거는 그냥 잊죠. 왜 잊냐 하면은,"KMSAV (interim, not OLKAVS)"
pXeIM0Z39Po_000330,pXeIM0Z39Po,inte,train,8.32,kmsav_pilot/cropped/pXeIM0Z39Po/utts/000330.mp4,그래서 항상 그 잃은 거에 대한 거나 실수한 거에 대한 거나 잘 후회하지 않고 그냥,"KMSAV (interim, not OLKAVS)"
pXeIM0Z39Po_000331,pXeIM0Z39Po,inte,train,3.04,kmsav_pilot/cropped/pXeIM0Z39Po/utts/000331.mp4,웃고 그냥 이렇게 마무리짓고 잘 넘어갑니다. 성격이.,"KMSAV (interim, not OLKAVS)"
pXeIM0Z39Po_000332,pXeIM0Z39Po,inte,train,9.24,kmsav_pilot/cropped/pXeIM0Z39Po/utts/000332.mp4,늘 후회 안 하시고 열심히만 사시니까 마음은 정말 편하시겠어요. 그쵸? 근데 또 청소 일을 하면서 그 번 돈을요.,"KMSAV (interim, not OLKAVS)"
pXeIM0Z39Po_000333,pXeIM0Z39Po,inte,train,8.48,kmsav_pilot/cropped/pXeIM0Z39Po/utts/000333.mp4,갑자기 또 다 부동산에 몽땅 전부 투자하셨어요. 그건 아무나 하는 일이 아니거든요. 왜 그렇게 하셨어요?,"KMSAV (interim, not OLKAVS)"
pXeIM0Z39Po_000348,pXeIM0Z39Po,inte,train,7.92,kmsav_pilot/cropped/pXeIM0Z39Po/utts/000348.mp4,"와이프 이제 우체국 밤에 다니고 청소 열심히 해 갖고 한 3년, 3년 반에서 한 4년 정도 하면서","KMSAV (interim, not OLKAVS)"
pXeIM0Z39Po_000367,pXeIM0Z39Po,inte,train,3.4,kmsav_pilot/cropped/pXeIM0Z39Po/utts/000367.mp4,조금씩 조금씩 하면은 성공하지 못해요.,"KMSAV (interim, not OLKAVS)"
pXeIM0Z39Po_000372,pXeIM0Z39Po,inte,train,5.44,kmsav_pilot/cropped/pXeIM0Z39Po/utts/000372.mp4,"펌핑해 가지고 물 올리는 것, 수돗물, 그거를 1컵에 좀 1컵을 다 붓고 해야 올라오는 거를","KMSAV (interim, not OLKAVS)"
pXeIM0Z39Po_000374,pXeIM0Z39Po,inte,train,6.92,kmsav_pilot/cropped/pXeIM0Z39Po/utts/000374.mp4,아마 이거 물 안 올라오면 어떡하지? 하고 반 컵을 마시고 반 컵 부으면 그거 절대 안 올라오거든요. 사실은요?,"KMSAV (interim, not OLKAVS)"
pXeIM0Z39Po_000376,pXeIM0Z39Po,inte,train,4.6,kmsav_pilot/cropped/pXeIM0Z39Po/utts/000376.mp4,나는 내 성공에 대해서 확신을 해야 돼요.,"KMSAV (interim, not OLKAVS)"
pXeIM0Z39Po_000378,pXeIM0Z39Po,inte,train,3.56,kmsav_pilot/cropped/pXeIM0Z39Po/utts/000378.mp4,어? 아니 왜냐하면 실패할 수도 있다고 생각하면 안 돼요.,"KMSAV (interim, not OLKAVS)"
pXeIM0Z39Po_000380,pXeIM0Z39Po,inte,train,6.92,kmsav_pilot/cropped/pXeIM0Z39Po/utts/000380.mp4,"실패할지, 실패하면 안 되지. 왜냐하면은 5%의 확률만 있으면 나 그 5% 따라가는 사람이세요. 사실은요.","KMSAV (interim, not OLKAVS)"
pXeIM0Z39Po_000382,pXeIM0Z39Po,inte,train,9.56,kmsav_pilot/cropped/pXeIM0Z39Po/utts/000382.mp4,"할까 말까 할 때는 그냥 다 해버려요, 그냥. 제가 이때까지 살아오면서 할까 말까 했는데 안 한 거는 거의 없는 것 같아요. 자!","KMSAV (interim, not OLKAVS)"
pXeIM0Z39Po_000383,pXeIM0Z39Po,inte,train,5.24,kmsav_pilot/cropped/pXeIM0Z39Po/utts/000383.mp4,처음에 부동산을 하는데 지금 부동산 제가 수천 명을 길러냈습니다.,"KMSAV (interim, not OLKAVS)"
pXeIM0Z39Po_000389,pXeIM0Z39Po,inte,train,5.4,kmsav_pilot/cropped/pXeIM0Z39Po/utts/000389.mp4,"자, 후발 주자야. 우리가 후발 주자야. 이미 남은 다 길을 다 닦아놨어.","KMSAV (interim, not OLKAVS)"
pXeIM0Z39Po_000398,pXeIM0Z39Po,inte,train,9.28,kmsav_pilot/cropped/pXeIM0Z39Po/utts/000398.mp4,"쪼끄만 컴퓨터, 그 때는 컴퓨터 없었습니다. 쪼끄만 컴퓨터, 손바닥만한 컴퓨터를 내가 1개 사고, 못 쓰, 제가 했는 말이 못 배워서 못 쓰더래도","KMSAV (interim, not OLKAVS)"
pXeIM0Z39Po_000401,pXeIM0Z39Po,inte,train,3.48,kmsav_pilot/cropped/pXeIM0Z39Po/utts/000401.mp4,"제 손님하고 딱 앉았을 때, 제일 처음에 컴퓨터는 사고 싶은데","KMSAV (interim, not OLKAVS)"
pXeIM0Z39Po_000403,pXeIM0Z39Po,inte,train,3.72,kmsav_pilot/cropped/pXeIM0Z39Po/utts/000403.mp4,쓸 줄을 모르고 하면 컴퓨터 딱 켜놓고 손님은 내 컴퓨터 안 보잖아요. 사실,"KMSAV (interim, not OLKAVS)"
pXeIM0Z39Po_000428,pXeIM0Z39Po,inte,train,7.84,kmsav_pilot/cropped/pXeIM0Z39Po/utts/000428.mp4,"그러면서 이 여러, 그 광고라는 게 뭐 신문이면 신문광고 1개가 아니잖아요. 신문광고는 보는 거고, 읽는 거고","KMSAV (interim, not OLKAVS)"
pXeIM0Z39Po_000455,pXeIM0Z39Po,inte,train,3.24,kmsav_pilot/cropped/pXeIM0Z39Po/utts/000455.mp4,네 광고에서도 사실 회장님이 브랜드가 되셨어요.,"KMSAV (interim, not OLKAVS)"
pXeIM0Z39Po_000468,pXeIM0Z39Po,inte,train,9.88,kmsav_pilot/cropped/pXeIM0Z39Po/utts/000468.mp4,"그다음에 보험회사, 광고기획사, IT 컴퍼니, 그다음에 매니지먼트 컴, 건물 관리해주는 매니지 매니티먼트 컴퍼니 있고","KMSAV (interim, not OLKAVS)"
pXeIM0Z39Po_000469,pXeIM0Z39Po,inte,train,9.36,kmsav_pilot/cropped/pXeIM0Z39Po/utts/000469.mp4,"그리고 이제 제, 제 관할, 제가 이제 어 뉴스타 부동산 달고, 그 외에 달고 있는 분도 많으세요.","KMSAV (interim, not OLKAVS)"
pXeIM0Z39Po_000479,pXeIM0Z39Po,inte,train,6.52,kmsav_pilot/cropped/pXeIM0Z39Po/utts/000479.mp4,"뉴스타 그룹 관리하기도 힘드실 텐데, 좋은 일에도 돈 참 많이 쓰신다고 알고 있습니다. 기부 같은 거 어떻게 하세요?","KMSAV (interim, not OLKAVS)"
pXeIM0Z39Po_000496,pXeIM0Z39Po,inte,train,3.56,kmsav_pilot/cropped/pXeIM0Z39Po/utts/000496.mp4,음 제가 우리 그 에이전트한테,"KMSAV (interim, not OLKAVS)"
pXeIM0Z39Po_000498,pXeIM0Z39Po,inte,train,4.4,kmsav_pilot/cropped/pXeIM0Z39Po/utts/000498.mp4,"1000불 장학금 줄래? 그럼 안 주는, 그 안 줄 수도 있잖아요.","KMSAV (interim, not OLKAVS)"
pXeIM0Z39Po_000500,pXeIM0Z39Po,inte,train,3.04,kmsav_pilot/cropped/pXeIM0Z39Po/utts/000500.mp4,그럼 내가 네 애한테 1000불 줄게 그럼 줄래? 이래 갖고,"KMSAV (interim, not OLKAVS)"
pXeIM0Z39Po_000505,pXeIM0Z39Po,inte,train,5.68,kmsav_pilot/cropped/pXeIM0Z39Po/utts/000505.mp4,"세계에 한인회가 한 700개 정도 한 6, 700개 되는데 제가 거기 의장도 했는데","KMSAV (interim, not OLKAVS)"
pXeIM0Z39Po_000507,pXeIM0Z39Po,inte,train,5.28,kmsav_pilot/cropped/pXeIM0Z39Po/utts/000507.mp4,그 돈을 누가 주는 게 아니고 전부 거의 다 자기 돈으로 해야 됩니다.,"KMSAV (interim, not OLKAVS)"
pXeIM0Z39Po_000509,pXeIM0Z39Po,inte,train,6.88,kmsav_pilot/cropped/pXeIM0Z39Po/utts/000509.mp4,네 뭐 그 사실 그 동네에서 돈 걷는다 그래도 누가 돈 잘 주는 건 아니니까,"KMSAV (interim, not OLKAVS)"
pXeIM0Z39Po_000513,pXeIM0Z39Po,inte,train,7.24,kmsav_pilot/cropped/pXeIM0Z39Po/utts/000513.mp4,그러다 보니까 돈이 많이 나오고 돈이 많이 나오기 때문에 결국은 장사가 잘 됐던 거죠.,"KMSAV (interim, not OLKAVS)"
pXeIM0Z39Po_000523,pXeIM0Z39Po,inte,train,2.6,kmsav_pilot/cropped/pXeIM0Z39Po/utts/000523.mp4,회장님만의 성공 철학이 있으신가요?,"KMSAV (interim, not OLKAVS)"
pXeIM0Z39Po_000524,pXeIM0Z39Po,inte,train,6.44,kmsav_pilot/cropped/pXeIM0Z39Po/utts/000524.mp4,성공은요. 제가 그 아까도 이 개중에 이렇게 얘기했는데 성공이 그렇습니다. 제가 볼 때는,"KMSAV (interim, not OLKAVS)"
pXeIM0Z39Po_000525,pXeIM0Z39Po,inte,train,4.96,kmsav_pilot/cropped/pXeIM0Z39Po/utts/000525.mp4,제가 이제 일반적으로 성공을 어떻게 하냐 하면 감동을 주는 경영이라고 표현을 합니다.,"KMSAV (interim, not OLKAVS)"
pXeIM0Z39Po_000527,pXeIM0Z39Po,inte,train,4.8,kmsav_pilot/cropped/pXeIM0Z39Po/utts/000527.mp4,"예를 들면은 직원은, 사장 같으면 직원들한테도 감동 줘야 되고","KMSAV (interim, not OLKAVS)"
pXeIM0Z39Po_000529,pXeIM0Z39Po,inte,train,9.96,kmsav_pilot/cropped/pXeIM0Z39Po/utts/000529.mp4,"사실 업무, 직원들은 업무에 대한 감동을 줘야 되고. 그 감동를 주기 위해서는 결국은 진짜 일에 미치고 일 열심히 하고 어","KMSAV (interim, not OLKAVS)"
pXeIM0Z39Po_000530,pXeIM0Z39Po,inte,train,3.44,kmsav_pilot/cropped/pXeIM0Z39Po/utts/000530.mp4,"남들이 봤을 때 야, 정말 일 잘한다 이래야 감동이잖아요. 그쵸?","KMSAV (interim, not OLKAVS)"
pXeIM0Z39Po_000546,pXeIM0Z39Po,inte,train,2.48,kmsav_pilot/cropped/pXeIM0Z39Po/utts/000546.mp4,퓨리피케이션 깨끗한 거. 돈 만지잖아요 우리가.,"KMSAV (interim, not OLKAVS)"
pXeIM0Z39Po_000548,pXeIM0Z39Po,inte,train,8.8,kmsav_pilot/cropped/pXeIM0Z39Po/utts/000548.mp4,"그리고 또 이거는 컨저버티브 약간 봉건적이고 해서 부동산 하시는 분들은 이 복장이 젤 좋겠다, 정치하시는 분들은","KMSAV (interim, not OLKAVS)"
pXeIM0Z39Po_000550,pXeIM0Z39Po,inte,train,2.84,kmsav_pilot/cropped/pXeIM0Z39Po/utts/000550.mp4,거의 다 포함이 되리라고 생각을 합니다.,"KMSAV (interim, not OLKAVS)"
pXeIM0Z39Po_000551,pXeIM0Z39Po,inte,train,4.04,kmsav_pilot/cropped/pXeIM0Z39Po/utts/000551.mp4,여담이지만 빨간색의 정열은 혹시 해병대와 관련이 있나요?,"KMSAV (interim, not OLKAVS)"
pXeIM0Z39Po_000564,pXeIM0Z39Po,inte,train,8.28,kmsav_pilot/cropped/pXeIM0Z39Po/utts/000564.mp4,인격과 의지는 고난 속에서 자라는 것. 진주는 조개의 상처에서 자라난다는 것을 잊어서는 안된다라고 말씀하셨는데 맞죠?,"KMSAV (interim, not OLKAVS)"
pXeIM0Z39Po_000575,pXeIM0Z39Po,inte,train,8.4,kmsav_pilot/cropped/pXeIM0Z39Po/utts/000575.mp4,"잘난 것도 하나도 없고 그러면은 결국은 주어진 자기의, 지금 고통에 계신 분들 정말 그렇잖아요.","KMSAV (interim, not OLKAVS)"
pXeIM0Z39Po_000576,pXeIM0Z39Po,inte,train,8.48,kmsav_pilot/cropped/pXeIM0Z39Po/utts/000576.mp4,조금 힘들더라도 생각 잘하시고 그냥 열심히 살고 정말 그렇잖아요. 호랑이가 토끼를 잡더라도 전심전력을 다하잖아요.,"KMSAV (interim, not OLKAVS)"
pXeIM0Z39Po_000578,pXeIM0Z39Po,inte,train,9.56,kmsav_pilot/cropped/pXeIM0Z39Po/utts/000578.mp4,"미국은 어 사실 좋은 나라입니다. 미국은 상당히 좋은 나라고 저는 사실 대 대한민국 국민들, 거의 다 데려가고 싶은 생각도 많이 들어요. 미국에서","KMSAV (interim, not OLKAVS)"
pXeIM0Z39Po_000579,pXeIM0Z39Po,inte,train,7.32,kmsav_pilot/cropped/pXeIM0Z39Po/utts/000579.mp4,"동부에서 서부까지 오면은 제가 그 3200mile이나, 한 5000km 될 거예요.","KMSAV (interim, not OLKAVS)"
pXeIM0Z39Po_000581,pXeIM0Z39Po,inte,train,4.84,kmsav_pilot/cropped/pXeIM0Z39Po/utts/000581.mp4,"그런데 오면은 발전이 3%도 안 된 나라세요. 제, 제가 느끼는 게","KMSAV (interim, not OLKAVS)"
pXeIM0Z39Po_000583,pXeIM0Z39Po,inte,train,9.88,kmsav_pilot/cropped/pXeIM0Z39Po/utts/000583.mp4,"그리고 미국 참 괜찮은 나라고 미국이 세계를 이렇게 리드하는 국가이고, 그러면서 FTA도 되어 있고, 또 우리나라 유학생이 10만 명 이상이 가 있고,","KMSAV (interim, not OLKAVS)"
pXeIM0Z39Po_000588,pXeIM0Z39Po,inte,train,6.96,kmsav_pilot/cropped/pXeIM0Z39Po/utts/000588.mp4,"미국을 리드하고 사실 작년에 한국인들이 이쪽으로 미국, 한국으로 송금한 액수가 57억 불이 되요.","KMSAV (interim, not OLKAVS)"
pXeIM0Z39Po_000598,pXeIM0Z39Po,inte,train,3.76,kmsav_pilot/cropped/pXeIM0Z39Po/utts/000598.mp4,사실 해야 될까 말아야 될까 하면 회장님은 하시잖아요.,"KMSAV (interim, not OLKAVS)"
pXeIM0Z39Po_000603,pXeIM0Z39Po,inte,train,3.52,kmsav_pilot/cropped/pXeIM0Z39Po/utts/000603.mp4,음 우선 그 뉴스타 부동산을 가지고 있잖아요.,"KMSAV (interim, not OLKAVS)"
pXeIM0Z39Po_000605,pXeIM0Z39Po,inte,train,9.2,kmsav_pilot/cropped/pXeIM0Z39Po/utts/000605.mp4,"사실 어 우리 저하고 같이 일하는 분들, 정말 잘 먹고 잘 살게 하고 싶어요. 부자 만들게 하고 싶고","KMSAV (interim, not OLKAVS)"
pXeIM0Z39Po_000611,pXeIM0Z39Po,inte,train,5.92,kmsav_pilot/cropped/pXeIM0Z39Po/utts/000611.mp4,대한민국 정부에서나 아니면 관계자들께서 해외동포에 대해서,"KMSAV (interim, not OLKAVS)"
pXeIM0Z39Po_000612,pXeIM0Z39Po,inte,train,5.16,kmsav_pilot/cropped/pXeIM0Z39Po/utts/000612.mp4,"조금만 더 관심을 가지시면 그 사람, 그분들이 대한민국의 자산이고 미래거든요.","KMSAV (interim, not OLKAVS)"
pXeIM0Z39Po_000614,pXeIM0Z39Po,inte,train,9.16,kmsav_pilot/cropped/pXeIM0Z39Po/utts/000614.mp4,사실 개인 개인이 어떻게 외교관을 보낼 수가 있습니까? 그래서 제가 볼 때는 한국 정부에서 참정권을 주면 확실하게 주고. 제가 아까도 그랬잖아 확실하게,"KMSAV (interim, not OLKAVS)"
pXeIM0Z39Po_000616,pXeIM0Z39Po,inte,train,5.4,kmsav_pilot/cropped/pXeIM0Z39Po/utts/000616.mp4,그리고 그 예를 들면 복수 국적을 만들면은 지금 65세까지 만들었는데,"KMSAV (interim, not OLKAVS)"
pXeIM0Z39Po_000618,pXeIM0Z39Po,inte,train,6.84,kmsav_pilot/cropped/pXeIM0Z39Po/utts/000618.mp4,"지금 국회에서 55세까지 60세까지 이렇게 논한다는데 그러지 말고, 병역법이 딱 해결되는 게 38세입니다.","KMSAV (interim, not OLKAVS)"
pXeIM0Z39Po_000628,pXeIM0Z39Po,inte,train,6.88,kmsav_pilot/cropped/pXeIM0Z39Po/utts/000628.mp4,회장님의 삶을 다 담기에는 너무 짧은 시간이었는데 제가 느낀 바로는 회장님께서는 본인만의 성공이 아닌,"KMSAV (interim, not OLKAVS)"
pXeIM0Z39Po_000629,pXeIM0Z39Po,inte,train,4.84,kmsav_pilot/cropped/pXeIM0Z39Po/utts/000629.mp4,함께 사는 사회를 좀 연구하고 고민하는 분이 아닌가 그런 생각을 좀 했습니다.,"KMSAV (interim, not OLKAVS)"
qDBBFRFB3-0_000006,qDBBFRFB3-0,mukb,train,4.56,kmsav_pilot/cropped/qDBBFRFB3-0/utts/000006.mp4,"음! 그래요. 재배달이니까 4천 원 받아야지, 당연히. 그죠?","KMSAV (interim, not OLKAVS)"
qDBBFRFB3-0_000007,qDBBFRFB3-0,mukb,train,2.24,kmsav_pilot/cropped/qDBBFRFB3-0/utts/000007.mp4,그쵸. 아저씨가 화가 나셨네.,"KMSAV (interim, not OLKAVS)"
qDBBFRFB3-0_000043,qDBBFRFB3-0,mukb,train,2.44,kmsav_pilot/cropped/qDBBFRFB3-0/utts/000043.mp4,"음, 아 이 채팅글 지워달라고, 알겠어요.","KMSAV (interim, not OLKAVS)"
qDBBFRFB3-0_000051,qDBBFRFB3-0,mukb,train,3.72,kmsav_pilot/cropped/qDBBFRFB3-0/utts/000051.mp4,다솔이가 보내준 건 뭔들 다 맛있죠.,"KMSAV (interim, not OLKAVS)"
qDBBFRFB3-0_000086,qDBBFRFB3-0,mukb,train,2.72,kmsav_pilot/cropped/qDBBFRFB3-0/utts/000086.mp4,아니요. 쿠쿠는 같이 놀았어요.,"KMSAV (interim, not OLKAVS)"
qDBBFRFB3-0_000088,qDBBFRFB3-0,mukb,train,5.36,kmsav_pilot/cropped/qDBBFRFB3-0/utts/000088.mp4,"흠. 아니요. 이 이미 알고 있었는데, 뭐. 부모님 뭐 결혼기념일인데, 어떡하겠어.","KMSAV (interim, not OLKAVS)"
qDBBFRFB3-0_000093,qDBBFRFB3-0,mukb,train,2.12,kmsav_pilot/cropped/qDBBFRFB3-0/utts/000093.mp4,음 일리아카는 포기했고요.,"KMSAV (interim, not OLKAVS)"
qDBBFRFB3-0_000098,qDBBFRFB3-0,mukb,train,2.16,kmsav_pilot/cropped/qDBBFRFB3-0/utts/000098.mp4,뭐라도 해야죠. 깨야 살죠.,"KMSAV (interim, not OLKAVS)"
qDBBFRFB3-0_000134,qDBBFRFB3-0,mukb,train,2.76,kmsav_pilot/cropped/qDBBFRFB3-0/utts/000134.mp4,아니 태국 갈 때 못 갔잖아요. 아침 그거라서.,"KMSAV (interim, not OLKAVS)"
qDBBFRFB3-0_000145,qDBBFRFB3-0,mukb,train,8.32,kmsav_pilot/cropped/qDBBFRFB3-0/utts/000145.mp4,"음. 아직 그 대한항공이나 이런 건 안 들어온 것 같은데, 타이항공하고 음","KMSAV (interim, not OLKAVS)"
qDBBFRFB3-0_000146,qDBBFRFB3-0,mukb,train,5.24,kmsav_pilot/cropped/qDBBFRFB3-0/utts/000146.mp4,진에어 뭐 제주항공 이런 데만 있더라고요.,"KMSAV (interim, not OLKAVS)"
qDBBFRFB3-0_000153,qDBBFRFB3-0,mukb,train,3.6,kmsav_pilot/cropped/qDBBFRFB3-0/utts/000153.mp4,그때 이제 처음으로 그거 타볼라고. 비즈니스.,"KMSAV (interim, not OLKAVS)"
qDBBFRFB3-0_000171,qDBBFRFB3-0,mukb,train,2.28,kmsav_pilot/cropped/qDBBFRFB3-0/utts/000171.mp4,음 오늘 단무지는 크게 안 먹네.,"KMSAV (interim, not OLKAVS)"
qDBBFRFB3-0_000174,qDBBFRFB3-0,mukb,train,3.72,kmsav_pilot/cropped/qDBBFRFB3-0/utts/000174.mp4,어 짬뽕 국물에 탕수육 넣어 먹는 거 알죠. 아직 면이 있잖아요.,"KMSAV (interim, not OLKAVS)"
qDBBFRFB3-0_000176,qDBBFRFB3-0,mukb,train,3.04,kmsav_pilot/cropped/qDBBFRFB3-0/utts/000176.mp4,"그거 알죠. 볶음밥도 말아 먹으면 맛있는 거, 짬뽕 국물에.","KMSAV (interim, not OLKAVS)"
qDBBFRFB3-0_000191,qDBBFRFB3-0,mukb,train,3.64,kmsav_pilot/cropped/qDBBFRFB3-0/utts/000191.mp4,면치기 안 돼. 이거 흰 옷이라서 튈까 봐 못하는 거예요.,"KMSAV (interim, not OLKAVS)"
qDBBFRFB3-0_000201,qDBBFRFB3-0,mukb,train,2.8,kmsav_pilot/cropped/qDBBFRFB3-0/utts/000201.mp4,이거 정도는 먹방이 아니 그냥 밥 먹는 거예요.,"KMSAV (interim, not OLKAVS)"
qDBBFRFB3-0_000213,qDBBFRFB3-0,mukb,train,2.28,kmsav_pilot/cropped/qDBBFRFB3-0/utts/000213.mp4,2주씩 돌아 아니 1주일씩 돌아가면서 해요.,"KMSAV (interim, not OLKAVS)"
qDBBFRFB3-0_000226,qDBBFRFB3-0,mukb,train,3.72,kmsav_pilot/cropped/qDBBFRFB3-0/utts/000226.mp4,누나 거기에 밥 말아야지. 안 돼.,"KMSAV (interim, not OLKAVS)"
qDBBFRFB3-0_000248,qDBBFRFB3-0,mukb,train,2.92,kmsav_pilot/cropped/qDBBFRFB3-0/utts/000248.mp4,"할리퀸인데야 짜장면 곱빼기 처먹어버렸어, 씨바.","KMSAV (interim, not OLKAVS)"
qDBBFRFB3-0_000262,qDBBFRFB3-0,mukb,train,2.36,kmsav_pilot/cropped/qDBBFRFB3-0/utts/000262.mp4,나도 탄수화물을 원래 안 먹었었어요 여러분.,"KMSAV (interim, not OLKAVS)"
qDBBFRFB3-0_000264,qDBBFRFB3-0,mukb,train,2.44,kmsav_pilot/cropped/qDBBFRFB3-0/utts/000264.mp4,"입에 한번 대면 이제 멈출 수 없지, 탄수화물.","KMSAV (interim, not OLKAVS)"
qDBBFRFB3-0_000266,qDBBFRFB3-0,mukb,train,8.24,kmsav_pilot/cropped/qDBBFRFB3-0/utts/000266.mp4,나는 나무늘보가. 짜장면 곱빼기를 쳐 먹진 않겠지. 아우 그래도 곱빼기 다 쳐먹어버렸어. 아우 지겨워.,"KMSAV (interim, not OLKAVS)"
qDBBFRFB3-0_000268,qDBBFRFB3-0,mukb,train,2.48,kmsav_pilot/cropped/qDBBFRFB3-0/utts/000268.mp4,"어머, 얘기하지 마. 나도 이따 봐야 돼 슈룹.","KMSAV (interim, not OLKAVS)"
qDBBFRFB3-0_000269,qDBBFRFB3-0,mukb,train,2.64,kmsav_pilot/cropped/qDBBFRFB3-0/utts/000269.mp4,나는 아무것도 안 먹은 척 그렇게 있어야겠어요.,"KMSAV (interim, not OLKAVS)"
qDBBFRFB3-0_000270,qDBBFRFB3-0,mukb,train,5.04,kmsav_pilot/cropped/qDBBFRFB3-0/utts/000270.mp4,아 오늘 먹방은 공주 먹방이에요. 여러분.,"KMSAV (interim, not OLKAVS)"
qDBBFRFB3-0_000273,qDBBFRFB3-0,mukb,train,3.84,kmsav_pilot/cropped/qDBBFRFB3-0/utts/000273.mp4,저는 입맛이 없어서 못 먹겠고요. 네 n.,"KMSAV (interim, not OLKAVS)"
qDBBFRFB3-0_000300,qDBBFRFB3-0,mukb,train,7.0,kmsav_pilot/cropped/qDBBFRFB3-0/utts/000300.mp4,"입맛이 없어요, 요즘에. 언니, 이거 너무 안 처먹어갖고 혈색 없는 거 보이죠. 아","KMSAV (interim, not OLKAVS)"
qDBBFRFB3-0_000305,qDBBFRFB3-0,mukb,train,5.12,kmsav_pilot/cropped/qDBBFRFB3-0/utts/000305.mp4,반말 찍찍하지 말라잖아. 라임이가. 으응.,"KMSAV (interim, not OLKAVS)"
qDBBFRFB3-0_000314,qDBBFRFB3-0,mukb,train,5.24,kmsav_pilot/cropped/qDBBFRFB3-0/utts/000314.mp4,"아저씨가 4천 원 받을 정도로 신속, 정확하게 배달이 왔는데. 뭘 불어, 어허 하나도 안 불었던데.","KMSAV (interim, not OLKAVS)"
qDBBFRFB3-0_000321,qDBBFRFB3-0,mukb,train,2.16,kmsav_pilot/cropped/qDBBFRFB3-0/utts/000321.mp4,그 넷플릭스랑 전속 계약했잖아.,"KMSAV (interim, not OLKAVS)"
qDBBFRFB3-0_000330,qDBBFRFB3-0,mukb,train,5.64,kmsav_pilot/cropped/qDBBFRFB3-0/utts/000330.mp4,"아, 넷플릭스가 먹는다고? 오징어 게임 그거를. 그러면","KMSAV (interim, not OLKAVS)"
qDBBFRFB3-0_000339,qDBBFRFB3-0,mukb,train,4.76,kmsav_pilot/cropped/qDBBFRFB3-0/utts/000339.mp4,"언니, 한번 오디션 보러 가세요. 저기. 하흐","KMSAV (interim, not OLKAVS)"
qDBBFRFB3-0_000343,qDBBFRFB3-0,mukb,train,2.56,kmsav_pilot/cropped/qDBBFRFB3-0/utts/000343.mp4,나는 그런 역할 어울릴 것 같아요. 감독님.,"KMSAV (interim, not OLKAVS)"
qDBBFRFB3-0_000350,qDBBFRFB3-0,mukb,train,3.52,kmsav_pilot/cropped/qDBBFRFB3-0/utts/000350.mp4,"5위 안에 들어와야죠, 그래도 1등은 못 하고.","KMSAV (interim, not OLKAVS)"
qDBBFRFB3-0_000351,qDBBFRFB3-0,mukb,train,2.24,kmsav_pilot/cropped/qDBBFRFB3-0/utts/000351.mp4,1등은 대배우님들이 하셔야죠.,"KMSAV (interim, not OLKAVS)"
qDBBFRFB3-0_000353,qDBBFRFB3-0,mukb,train,4.96,kmsav_pilot/cropped/qDBBFRFB3-0/utts/000353.mp4,저희는 거기 출연해서 채널 홍보만 할 수 있게 해 주세요. 허허,"KMSAV (interim, not OLKAVS)"
qDBBFRFB3-0_000355,qDBBFRFB3-0,mukb,train,2.4,kmsav_pilot/cropped/qDBBFRFB3-0/utts/000355.mp4,연기 쪽에 관심이 많으신가 보다고. 흐,"KMSAV (interim, not OLKAVS)"
qDBBFRFB3-0_000360,qDBBFRFB3-0,mukb,train,2.76,kmsav_pilot/cropped/qDBBFRFB3-0/utts/000360.mp4,"근데 그때 당시에 너 찍을 때,","KMSAV (interim, not OLKAVS)"
qDBBFRFB3-0_000384,qDBBFRFB3-0,mukb,train,3.4,kmsav_pilot/cropped/qDBBFRFB3-0/utts/000384.mp4,밖에서 이제 또 과일도 주워 먹고 그래야 되는데.,"KMSAV (interim, not OLKAVS)"
qDBBFRFB3-0_000386,qDBBFRFB3-0,mukb,train,6.08,kmsav_pilot/cropped/qDBBFRFB3-0/utts/000386.mp4,흠. 이번에 슈룹은 이제 뭐 입수하거나 그런 장면은 없는 거죠?,"KMSAV (interim, not OLKAVS)"
qDBBFRFB3-0_000394,qDBBFRFB3-0,mukb,train,2.2,kmsav_pilot/cropped/qDBBFRFB3-0/utts/000394.mp4,진짜 추웠어요.,"KMSAV (interim, not OLKAVS)"
qDBBFRFB3-0_000396,qDBBFRFB3-0,mukb,train,4.16,kmsav_pilot/cropped/qDBBFRFB3-0/utts/000396.mp4,"3월 말인가? 4월 초인가? 그 칼바람이었어, 뭔가.","KMSAV (interim, not OLKAVS)"
qDBBFRFB3-0_000398,qDBBFRFB3-0,mukb,train,7.04,kmsav_pilot/cropped/qDBBFRFB3-0/utts/000398.mp4,여러분의 즐거움을 위해서라면 뭐 그땐 뭐 이 한 몸 뭐 하나 뭐 바칠 수 있었죠.,"KMSAV (interim, not OLKAVS)"
qDBBFRFB3-0_000443,qDBBFRFB3-0,mukb,train,2.24,kmsav_pilot/cropped/qDBBFRFB3-0/utts/000443.mp4,"흠, 오며 가며 하나씩 주워 먹잖아.","KMSAV (interim, not OLKAVS)"
qDBBFRFB3-0_000447,qDBBFRFB3-0,mukb,train,2.52,kmsav_pilot/cropped/qDBBFRFB3-0/utts/000447.mp4,요 밑에 튀김집 있잖아요. 오,"KMSAV (interim, not OLKAVS)"
qDBBFRFB3-0_000454,qDBBFRFB3-0,mukb,train,2.08,kmsav_pilot/cropped/qDBBFRFB3-0/utts/000454.mp4,나는 이 밑에서 솔직히 튀김을 안 먹어봤어.,"KMSAV (interim, not OLKAVS)"
qDBBFRFB3-0_000460,qDBBFRFB3-0,mukb,train,5.4,kmsav_pilot/cropped/qDBBFRFB3-0/utts/000460.mp4,"아우, 너무 많이 처먹었나 봐요. 탕 내가 요즘에 여러분 많이 못 먹어요. 그래서","KMSAV (interim, not OLKAVS)"
qDBBFRFB3-0_000473,qDBBFRFB3-0,mukb,train,2.72,kmsav_pilot/cropped/qDBBFRFB3-0/utts/000473.mp4,원래 중식 먹으면 짜장면 안 먹어도 먹은 것 같잖아.,"KMSAV (interim, not OLKAVS)"
qDBBFRFB3-0_000480,qDBBFRFB3-0,mukb,train,3.12,kmsav_pilot/cropped/qDBBFRFB3-0/utts/000480.mp4,음 요즘 많이 안 먹어요. 제가. 음,"KMSAV (interim, not OLKAVS)"
qDBBFRFB3-0_000511,qDBBFRFB3-0,mukb,train,3.0,kmsav_pilot/cropped/qDBBFRFB3-0/utts/000511.mp4,추아. 아우 너무 추아.,"KMSAV (interim, not OLKAVS)"
qDBBFRFB3-0_000521,qDBBFRFB3-0,mukb,train,2.6,kmsav_pilot/cropped/qDBBFRFB3-0/utts/000521.mp4,처먹은 것도 없는데 왜 이렇게 배가 불러요?,"KMSAV (interim, not OLKAVS)"
qDBBFRFB3-0_000532,qDBBFRFB3-0,mukb,train,3.84,kmsav_pilot/cropped/qDBBFRFB3-0/utts/000532.mp4,"그쵸. 언니의 식습관인데 뭐, 하나의.","KMSAV (interim, not OLKAVS)"
tL9j8iqAyGQ_000063,tL9j8iqAyGQ,inte,train,3.08,kmsav_pilot/cropped/tL9j8iqAyGQ/utts/000063.mp4,정확하고 명확하게,"KMSAV (interim, not OLKAVS)"
taF_S4MBkJw_000005,taF_S4MBkJw,scie,train,8.72,kmsav_pilot/cropped/taF_S4MBkJw/utts/000005.mp4,"사실은 그 효소는 상당히 복잡한 그 효소는 뭘, 단백질로 이루어져 있는데요.","KMSAV (interim, not OLKAVS)"
taF_S4MBkJw_000006,taF_S4MBkJw,scie,train,7.8,kmsav_pilot/cropped/taF_S4MBkJw/utts/000006.mp4,그 생체 고분자입니다. 단백질도 따지고 보면 그니까 근데 그 효소의 기능은 화학 반응을,"KMSAV (interim, not OLKAVS)"
taF_S4MBkJw_000007,taF_S4MBkJw,scie,train,6.88,kmsav_pilot/cropped/taF_S4MBkJw/utts/000007.mp4,그 화학 반응에서 촉매로 작용을 해서 굉장히 빠르게 잘 안 일어나는 반응을 빨리 잘 일어나게 하는데 있는데,"KMSAV (interim, not OLKAVS)"
taF_S4MBkJw_000008,taF_S4MBkJw,scie,train,9.52,kmsav_pilot/cropped/taF_S4MBkJw/utts/000008.mp4,그 우리가 우리가 그 일반적으로 사용하고 있는 촉매들에 비해서 효소는 사실 굉장히 복잡한 구조를 가지고 있습니다. 그래서 그걸 저희가,"KMSAV (interim, not OLKAVS)"
taF_S4MBkJw_000009,taF_S4MBkJw,scie,train,8.56,kmsav_pilot/cropped/taF_S4MBkJw/utts/000009.mp4,아까 말씀하신 저희가 공부하는 고분자 화학 같은 입장에서 합성의 차원에서 실험적으로 똑같이 구현하는 것은 사실 쉽지 않습니다.,"KMSAV (interim, not OLKAVS)"
taF_S4MBkJw_000010,taF_S4MBkJw,scie,train,9.84,kmsav_pilot/cropped/taF_S4MBkJw/utts/000010.mp4,그래서 대안으로는 요즘은 그 실제 존재하는 효소를 개질을 해서 그 조금 구조를 바꾸는 거죠. 그래서 우리가 필요한 화학 반응에,"KMSAV (interim, not OLKAVS)"
taF_S4MBkJw_000011,taF_S4MBkJw,scie,train,3.76,kmsav_pilot/cropped/taF_S4MBkJw/utts/000011.mp4,그 효소가 촉매로 작용할 수 있게 하는 일을 하고 있습니다.,"KMSAV (interim, not OLKAVS)"
taF_S4MBkJw_000015,taF_S4MBkJw,scie,train,7.28,kmsav_pilot/cropped/taF_S4MBkJw/utts/000015.mp4,기사가 그니까 신문에 나갈려면 1시간 내에 기사를 써야 돼요. 그럼 막 이제 낯선 분야 나오자마자 막 수소문해서 기사를 1시간만에 기사를 끝내는데,"KMSAV (interim, not OLKAVS)"
taF_S4MBkJw_000016,taF_S4MBkJw,scie,train,5.4,kmsav_pilot/cropped/taF_S4MBkJw/utts/000016.mp4,그때 와서 항상 이제 초긴장인데 그러고 나서 결과를 보면은 다 싸우고 있어요. 비슷한 말씀 그 얘기로?,"KMSAV (interim, not OLKAVS)"
taF_S4MBkJw_000017,taF_S4MBkJw,scie,train,3.84,kmsav_pilot/cropped/taF_S4MBkJw/utts/000017.mp4,이런 거도 탔는데 우리는 뭐 하냐 그다음에 아 이런 거 사실은 다,"KMSAV (interim, not OLKAVS)"
taF_S4MBkJw_000018,taF_S4MBkJw,scie,train,5.56,kmsav_pilot/cropped/taF_S4MBkJw/utts/000018.mp4,뭐 이렇게 기초 연구 자기가 하고 싶은 거 하다가 뚝심 있게 하고 있는 과정에서 다 나온 거지 이런 얘기 나와요.,"KMSAV (interim, not OLKAVS)"
taF_S4MBkJw_000019,taF_S4MBkJw,scie,train,5.12,kmsav_pilot/cropped/taF_S4MBkJw/utts/000019.mp4,이건 다 맞는 얘기라고 봐요. 근데 이게 우리나라에서 왜 그게 좀 어렵느냐라고 말하면은,"KMSAV (interim, not OLKAVS)"
taF_S4MBkJw_000020,taF_S4MBkJw,scie,train,7.88,kmsav_pilot/cropped/taF_S4MBkJw/utts/000020.mp4,"아까 제가 인제 그 강의, 짧은 강의에서 어 금요일 밤의 과학 토론 강의가 2백 년 전에 있었다고 말씀해주셨 드렸잖아요.","KMSAV (interim, not OLKAVS)"
taF_S4MBkJw_000021,taF_S4MBkJw,scie,train,8.84,kmsav_pilot/cropped/taF_S4MBkJw/utts/000021.mp4,"2백 년된 역사를 갖고 있는 곳이예요. 과학을 연구하는 것 뿐만이 아니고 그걸 대중화하는 이런 자리를 만드는데, 카오스 재단이 지금 열심히 하고 있지만 이제 5년 남짓 됐는데요.","KMSAV (interim, not OLKAVS)"
taF_S4MBkJw_000023,taF_S4MBkJw,scie,train,8.56,kmsav_pilot/cropped/taF_S4MBkJw/utts/000023.mp4,"2번째로 직접적으로 연구비 문제를 보면요, 한국이 연구 수준이 굉장히 높아졌어요. 제가 이 노벨상 때문에 집중적으로 기사를 쓴 적이 있어서 조사를 해 본 적이 있는데","KMSAV (interim, not OLKAVS)"
taF_S4MBkJw_000024,taF_S4MBkJw,scie,train,8.04,kmsav_pilot/cropped/taF_S4MBkJw/utts/000024.mp4,"맞습니다. 지금 굉장히 우리 연구비, 투자비 어 그 정부 연구비로 올해 에 내년이죠. 내년도 예산 20조를 넘어서게 됐고","KMSAV (interim, not OLKAVS)"
taF_S4MBkJw_000025,taF_S4MBkJw,scie,train,4.0,kmsav_pilot/cropped/taF_S4MBkJw/utts/000025.mp4,꽤 큰 규모예요. GDP 대비해서 굉장히 큰 규모인 건 사실인데,"KMSAV (interim, not OLKAVS)"
taF_S4MBkJw_000027,taF_S4MBkJw,scie,train,5.96,kmsav_pilot/cropped/taF_S4MBkJw/utts/000027.mp4,비교가 안 됩니다. 그래프가 일본 그래프가 이렇게 이 우리가 지금 도달해 있는 그 수치가 있어요.,"KMSAV (interim, not OLKAVS)"
taF_S4MBkJw_000030,taF_S4MBkJw,scie,train,5.96,kmsav_pilot/cropped/taF_S4MBkJw/utts/000030.mp4,우린 이렇게 가다가 최근에 이렇게 쭈욱 올라간 거예요. 그러니까 실제로 우리나라는 몇 10년 전만 해도 거의 전무하다시피 했고 연구비 투자도,"KMSAV (interim, not OLKAVS)"
taF_S4MBkJw_000031,taF_S4MBkJw,scie,train,4.4,kmsav_pilot/cropped/taF_S4MBkJw/utts/000031.mp4,당연히 좋은 그 교육을 받은 분들도 많지 않았고 이러니까 더 어려웠던 거고,"KMSAV (interim, not OLKAVS)"
taF_S4MBkJw_000032,taF_S4MBkJw,scie,train,2.36,kmsav_pilot/cropped/taF_S4MBkJw/utts/000032.mp4,어떻게 본다면 우린 다음 세대에 기대를 해 볼 수도 있겠지요.,"KMSAV (interim, not OLKAVS)"
taF_S4MBkJw_000033,taF_S4MBkJw,scie,train,7.56,kmsav_pilot/cropped/taF_S4MBkJw/utts/000033.mp4,지금 이제 최고의 교육을 받은 분들이 뭐 외국에서 정말로 뭐 노벨상을 받을 만한 분들 바로 밑에서 공부한 분들이 한국에 많이 들어오고 있고,"KMSAV (interim, not OLKAVS)"
taF_S4MBkJw_000034,taF_S4MBkJw,scie,train,6.76,kmsav_pilot/cropped/taF_S4MBkJw/utts/000034.mp4,어떻게 본다면 그 다음 세대에서 많은 걸 기대해 볼 수 있을 것 같다는 생각이 있겠습니다. 지금 시작이라는 생각이 저는 진지하게 들어요.,"KMSAV (interim, not OLKAVS)"
taF_S4MBkJw_000035,taF_S4MBkJw,scie,train,7.6,kmsav_pilot/cropped/taF_S4MBkJw/utts/000035.mp4,물론 여기 정하용 교수님도 계시고 일가를 이룬 분이 한국에 계세요. 계셔 가지고 분명히 그분들 중에서도 또 기대해 볼 분이 계실 텐데,"KMSAV (interim, not OLKAVS)"
taF_S4MBkJw_000036,taF_S4MBkJw,scie,train,5.8,kmsav_pilot/cropped/taF_S4MBkJw/utts/000036.mp4,일본처럼 아주 뭐 뭐 다 지난 작년에 나왔는데 또 나온다 이렇게,"KMSAV (interim, not OLKAVS)"
taF_S4MBkJw_000037,taF_S4MBkJw,scie,train,6.92,kmsav_pilot/cropped/taF_S4MBkJw/utts/000037.mp4,"좀 흔한 일이 될 단계는 분명히 조금 한 뭐 10년, 15년 정도 되면 우리도 기대해 볼 수 있지 않을까 생각을 합니다.","KMSAV (interim, not OLKAVS)"
taF_S4MBkJw_000042,taF_S4MBkJw,scie,train,3.8,kmsav_pilot/cropped/taF_S4MBkJw/utts/000042.mp4,남이 받는 건 사실 관심 없습니다. 근데 저도 받고 싶어요.,"KMSAV (interim, not OLKAVS)"
taF_S4MBkJw_000044,taF_S4MBkJw,scie,train,7.0,kmsav_pilot/cropped/taF_S4MBkJw/utts/000044.mp4,과학적인 연구를 이 땅 안에서 진행한 역사가 생각하시는 것보다 그렇게 길지 않습니다.,"KMSAV (interim, not OLKAVS)"
taF_S4MBkJw_000047,taF_S4MBkJw,scie,train,7.76,kmsav_pilot/cropped/taF_S4MBkJw/utts/000047.mp4,왜 우리 사회가 노벨상 시즌마다 이렇게 들쑥날쑥 막 난리가 나는지를 한번 생각해 본 적이 있는데,"KMSAV (interim, not OLKAVS)"
taF_S4MBkJw_000049,taF_S4MBkJw,scie,train,9.32,kmsav_pilot/cropped/taF_S4MBkJw/utts/000049.mp4,그런 의미가 크다고 생각하거든요. 근데 그거 하고 비슷하게 이 땅에서 살고 있는 과학자도 이 사회에 속해 있는 일원입니다.,"KMSAV (interim, not OLKAVS)"
taF_S4MBkJw_000051,taF_S4MBkJw,scie,train,10.0,kmsav_pilot/cropped/taF_S4MBkJw/utts/000051.mp4,그 그 관점에서 볼 때 우리 사회가 조금 더 그 진보되고 더 자유로워지고 사실 좋은 과학의 토양은,"KMSAV (interim, not OLKAVS)"
taF_S4MBkJw_000052,taF_S4MBkJw,scie,train,7.4,kmsav_pilot/cropped/taF_S4MBkJw/utts/000052.mp4,자유의 확대라고 저는 개인적으로 굉장히 굳게 믿는 사람이거든요. 아무거나 질문할 수 있고 아무 얘기나 할 수 있어야,"KMSAV (interim, not OLKAVS)"
taF_S4MBkJw_000053,taF_S4MBkJw,scie,train,6.52,kmsav_pilot/cropped/taF_S4MBkJw/utts/000053.mp4,가능한 거라고 생각합니다. 그래서 우리 사회가 그 방향으로 더 진보를 하면 그 사회의 일원으로서의 과학자도,"KMSAV (interim, not OLKAVS)"
taF_S4MBkJw_000055,taF_S4MBkJw,scie,train,5.44,kmsav_pilot/cropped/taF_S4MBkJw/utts/000055.mp4,그 조만간 그렇게 될 거라고 생각합니다. 우리 질문하신 분이 아까 1가지만 더 말씀 드릴게요. 뭐,"KMSAV (interim, not OLKAVS)"
taF_S4MBkJw_000056,taF_S4MBkJw,scie,train,9.12,kmsav_pilot/cropped/taF_S4MBkJw/utts/000056.mp4,돈이 되느냐? 그거는 사실은 그 모든 첨단의 과학적인 연구 결과가,"KMSAV (interim, not OLKAVS)"
taF_S4MBkJw_000057,taF_S4MBkJw,scie,train,3.92,kmsav_pilot/cropped/taF_S4MBkJw/utts/000057.mp4,상업적 이익과 연결되느냐 하면 그렇진 않습니다.,"KMSAV (interim, not OLKAVS)"
taF_S4MBkJw_000058,taF_S4MBkJw,scie,train,7.56,kmsav_pilot/cropped/taF_S4MBkJw/utts/000058.mp4,그러니까 상업적으로 가치 있는 것하고 과학적으로 진보된 것은 사실은 연결돼 있지 않습니다.,"KMSAV (interim, not OLKAVS)"
taF_S4MBkJw_000060,taF_S4MBkJw,scie,train,6.88,kmsav_pilot/cropped/taF_S4MBkJw/utts/000060.mp4,제가 그 단언하건대 그 그걸 전제로 연구를 한 사람들은 절대 노벨상을 못 받습니다. 제 주변 사람들 중에,"KMSAV (interim, not OLKAVS)"
taF_S4MBkJw_000061,taF_S4MBkJw,scie,train,5.56,kmsav_pilot/cropped/taF_S4MBkJw/utts/000061.mp4,나는 돈을 많이 벌겠다고 한 사람 중에 돈 번 사람을 제가 1명도 못 봤습니다. 그거하고 똑같습니다.,"KMSAV (interim, not OLKAVS)"
taF_S4MBkJw_000062,taF_S4MBkJw,scie,train,6.52,kmsav_pilot/cropped/taF_S4MBkJw/utts/000062.mp4,"그래서 그것과 무관하게 하다가, 그 그 연구가 사람들에게 어떻게 받아들여지고","KMSAV (interim, not OLKAVS)"
taF_S4MBkJw_000064,taF_S4MBkJw,scie,train,3.92,kmsav_pilot/cropped/taF_S4MBkJw/utts/000064.mp4,이걸로 그 우열이 가려지는 거라고 생각을 하거든요.,"KMSAV (interim, not OLKAVS)"
taF_S4MBkJw_000065,taF_S4MBkJw,scie,train,7.04,kmsav_pilot/cropped/taF_S4MBkJw/utts/000065.mp4,반드시 돈이 되지도 않고 돈이 되는 연구라고 해서 또 반드시 사람들이 좋아하고 많이 하느냐 반드시 그렇지도 않습니다.,"KMSAV (interim, not OLKAVS)"
taF_S4MBkJw_000068,taF_S4MBkJw,scie,train,6.76,kmsav_pilot/cropped/taF_S4MBkJw/utts/000068.mp4,"그 그 부분의 분자 구조와 그 결합 이런 데 대한 그 생물학적인 과정, 이런 것들을 밝혀내는 연구를 했고","KMSAV (interim, not OLKAVS)"
taF_S4MBkJw_000069,taF_S4MBkJw,scie,train,3.0,kmsav_pilot/cropped/taF_S4MBkJw/utts/000069.mp4,사실 그게 항암제에 쓰이리라고는 생각을 못 했어요.,"KMSAV (interim, not OLKAVS)"
taF_S4MBkJw_000070,taF_S4MBkJw,scie,train,3.8,kmsav_pilot/cropped/taF_S4MBkJw/utts/000070.mp4,근데 그게 굉장히 유 그 유력한 항암제 후보가 됐고요.,"KMSAV (interim, not OLKAVS)"
taF_S4MBkJw_000071,taF_S4MBkJw,scie,train,7.92,kmsav_pilot/cropped/taF_S4MBkJw/utts/000071.mp4,실제로 지금 제품도 몇 가지 나와 있고요. 그래서 이 발표할 때는 면역 면역 항암제로 실제로 노벨상 수상 위원회에서 선정 위원회에서 발표를 했어요,"KMSAV (interim, not OLKAVS)"
taF_S4MBkJw_000072,taF_S4MBkJw,scie,train,6.08,kmsav_pilot/cropped/taF_S4MBkJw/utts/000072.mp4,근데 알고 봤더니 기초 연구더라고요. 그런 식으로 본인의 의도하고 상관없이 굉장히 큰 시장을 만들어 낸 거 거든요.,"KMSAV (interim, not OLKAVS)"
taF_S4MBkJw_000073,taF_S4MBkJw,scie,train,4.32,kmsav_pilot/cropped/taF_S4MBkJw/utts/000073.mp4,그런 연구들은 정말 의도하고는 전혀 별개인 것 같습니다.,"KMSAV (interim, not OLKAVS)"
taF_S4MBkJw_000078,taF_S4MBkJw,scie,train,6.28,kmsav_pilot/cropped/taF_S4MBkJw/utts/000078.mp4,"저는 그냥 이게 그냥 이런 질문 많이 받으니까, 제가 한 건 아까도 잠깐 말씀드렸는데 10년, 15년 정도 보고 있어요.","KMSAV (interim, not OLKAVS)"
taF_S4MBkJw_000079,taF_S4MBkJw,scie,train,3.8,kmsav_pilot/cropped/taF_S4MBkJw/utts/000079.mp4,"그 전에 뭐 1, 2명 나올 수는 있는데, 1명 정도 나올 수 있는데 그거는 인제 그렇고","KMSAV (interim, not OLKAVS)"
taF_S4MBkJw_000080,taF_S4MBkJw,scie,train,8.48,kmsav_pilot/cropped/taF_S4MBkJw/utts/000080.mp4,"어느 정도 우리가 수준 있게 이렇게 받는 정도 그러니까 일본처럼 좀 이렇게 안정적으로 아, 여기는 과학 하는 나라라서 노벨상을 또 받는구나 이런 얘기 듣기로는","KMSAV (interim, not OLKAVS)"
taF_S4MBkJw_000081,taF_S4MBkJw,scie,train,2.92,kmsav_pilot/cropped/taF_S4MBkJw/utts/000081.mp4,"한 빨라도 10년, 15년 정도는 걸리지 않을까 생각을 해요.","KMSAV (interim, not OLKAVS)"
taF_S4MBkJw_000085,taF_S4MBkJw,scie,train,4.24,kmsav_pilot/cropped/taF_S4MBkJw/utts/000085.mp4,과학자라는 이름이 생긴 게 그렇게 오래된 얘기는 아니거든요.,"KMSAV (interim, not OLKAVS)"
taF_S4MBkJw_000086,taF_S4MBkJw,scie,train,3.84,kmsav_pilot/cropped/taF_S4MBkJw/utts/000086.mp4,그래서 예전에는 과학자를 자연 철학자라고 불렀습니다.,"KMSAV (interim, not OLKAVS)"
taF_S4MBkJw_000087,taF_S4MBkJw,scie,train,7.36,kmsav_pilot/cropped/taF_S4MBkJw/utts/000087.mp4,그러니까 과학과 철학은 별개의 것이 아니라 사실은 철학의 가장 중요한 질문은,"KMSAV (interim, not OLKAVS)"
taF_S4MBkJw_000088,taF_S4MBkJw,scie,train,5.08,kmsav_pilot/cropped/taF_S4MBkJw/utts/000088.mp4,어떻게 그것이 참인지 거짓인지를 알 수 있느냐에 있거든요.,"KMSAV (interim, not OLKAVS)"
taF_S4MBkJw_000089,taF_S4MBkJw,scie,train,5.92,kmsav_pilot/cropped/taF_S4MBkJw/utts/000089.mp4,그죠? 과학자는 그거를 그 아까 말씀드린 대로,"KMSAV (interim, not OLKAVS)"
taF_S4MBkJw_000090,taF_S4MBkJw,scie,train,7.96,kmsav_pilot/cropped/taF_S4MBkJw/utts/000090.mp4,실험을 통해서 재현할 수 있느냐 없느냐를 참과 거짓의 판단 기준으로 삼은 일군의 철학자라고 보시면 됩니다.,"KMSAV (interim, not OLKAVS)"
taF_S4MBkJw_000095,taF_S4MBkJw,scie,train,9.04,kmsav_pilot/cropped/taF_S4MBkJw/utts/000095.mp4,"그래서 아까 칼 막스의 경구를 예로 들었는데, 관념론 철학은 어떤 의미에서는 19세기 이후로 종언을 고하고","KMSAV (interim, not OLKAVS)"
taF_S4MBkJw_000096,taF_S4MBkJw,scie,train,5.96,kmsav_pilot/cropped/taF_S4MBkJw/utts/000096.mp4,대학에만 이 이렇게 얘기하면 또 혼나겠다. 이 제 개인적인 생각입니다.,"KMSAV (interim, not OLKAVS)"
taF_S4MBkJw_000102,taF_S4MBkJw,scie,train,5.52,kmsav_pilot/cropped/taF_S4MBkJw/utts/000102.mp4,근데 여기에서 1가지 설명을 드리자면 왜 118번까지밖에 못 했는가 하면,"KMSAV (interim, not OLKAVS)"
taF_S4MBkJw_000103,taF_S4MBkJw,scie,train,3.92,kmsav_pilot/cropped/taF_S4MBkJw/utts/000103.mp4,원자를 만들 때 3가지가 필요합니다.,"KMSAV (interim, not OLKAVS)"
taF_S4MBkJw_000105,taF_S4MBkJw,scie,train,8.04,kmsav_pilot/cropped/taF_S4MBkJw/utts/000105.mp4,전기적으론 이렇게 되면 중성인데 양성자하고 전자로만 원자를 만들 수가 없으니까 중성자라는 게 필요합니다.,"KMSAV (interim, not OLKAVS)"
taF_S4MBkJw_000107,taF_S4MBkJw,scie,train,6.92,kmsav_pilot/cropped/taF_S4MBkJw/utts/000107.mp4,예를 그냥 예를 들겠습니다. 양성자 100개와 중성자 100개와 전자 100개를 한군데 모아 놔서,"KMSAV (interim, not OLKAVS)"
taF_S4MBkJw_000108,taF_S4MBkJw,scie,train,4.72,kmsav_pilot/cropped/taF_S4MBkJw/utts/000108.mp4,원자 하나를 만들었다는 뜻입니다. 이건 이제 그냥 이해를 돕기 위해서 드리는 설명입니다.,"KMSAV (interim, not OLKAVS)"
taF_S4MBkJw_000109,taF_S4MBkJw,scie,train,8.0,kmsav_pilot/cropped/taF_S4MBkJw/utts/000109.mp4,그렇게 되면 문제가 하나 있습니다. 그 양성자는 양전하를 가지고 있기 때문에 서로 밀어내려는 힘이 있거든요.,"KMSAV (interim, not OLKAVS)"
taF_S4MBkJw_000110,taF_S4MBkJw,scie,train,8.12,kmsav_pilot/cropped/taF_S4MBkJw/utts/000110.mp4,"이게 몇 개 안 될 때는 중성자라는 친구가 본듭니다, 본드. 그래서 딱 붙여 놓고 어디 안 가게 붙들어 매 놓을 수 있는데","KMSAV (interim, not OLKAVS)"
taF_S4MBkJw_000115,taF_S4MBkJw,scie,train,9.96,kmsav_pilot/cropped/taF_S4MBkJw/utts/000115.mp4,이론적으로는 끝이 없을 수도 있습니다. 만약에 우리가 존재하는 시간에 그 시간이 아무리 짧아도 있다가 사라지면 다 원소라고 가정을 한다면,"KMSAV (interim, not OLKAVS)"
taF_S4MBkJw_000116,taF_S4MBkJw,scie,train,6.0,kmsav_pilot/cropped/taF_S4MBkJw/utts/000116.mp4,더 내려갈 수 있지만 현실적으로 예를 그때부터는 이제 철학적 문제가 생기기 시작합니다.,"KMSAV (interim, not OLKAVS)"
taF_S4MBkJw_000117,taF_S4MBkJw,scie,train,4.8,kmsav_pilot/cropped/taF_S4MBkJw/utts/000117.mp4,진짜 찰나의 순간만 존재했다 없어지는 것도 원소라고 해야 될 것인가?,"KMSAV (interim, not OLKAVS)"
vhD5X6oeK8k_000275,vhD5X6oeK8k,beau,train,3.44,kmsav_pilot/cropped/vhD5X6oeK8k/utts/000275.mp4,"아, 저희 집에요? 네. 저희 집에 오시면은 50% 할인된 가격에 사실 수 있","KMSAV (interim, not OLKAVS)"
zu1REHalroU_000018,zu1REHalroU,scie,train,8.16,kmsav_pilot/cropped/zu1REHalroU/utts/000018.mp4,"뭉쳐가지고 어떤 그 기둥을 만든다든지, 그런 현상은 이 위치에 대한 어떤 집중 현상이구요.","KMSAV (interim, not OLKAVS)"
zu1REHalroU_000024,zu1REHalroU,scie,train,8.52,kmsav_pilot/cropped/zu1REHalroU/utts/000024.mp4,아 좀 어려운 질문이네요. 그런데 그 군집현상과 카오스 물론 어떤 시스템이,"KMSAV (interim, not OLKAVS)"
zu1REHalroU_000026,zu1REHalroU,scie,train,7.48,kmsav_pilot/cropped/zu1REHalroU/utts/000026.mp4,그 앞에 그 변수가 코에피션트가 변함에 어떤 일정한 값을 취할 떄만 카오틱해 지거든요.,"KMSAV (interim, not OLKAVS)"
zu1REHalroU_000030,zu1REHalroU,scie,train,5.56,kmsav_pilot/cropped/zu1REHalroU/utts/000030.mp4,뭐 그걸 자연현상 위주로 다루시는 건가요? 아니면은 뭐 사회현상도 그 대상에 포함이 되는 겁니까?,"KMSAV (interim, not OLKAVS)"
zu1REHalroU_000035,zu1REHalroU,scie,train,8.4,kmsav_pilot/cropped/zu1REHalroU/utts/000035.mp4,전 굉장히 그게 궁금했거든요. 그걸 어떻게 수학적으로 모델링할 수 있을까? 에 이제 그런 의무시 의구심에서 시작해가지고,"KMSAV (interim, not OLKAVS)"
zu1REHalroU_000041,zu1REHalroU,scie,train,9.64,kmsav_pilot/cropped/zu1REHalroU/utts/000041.mp4,"변동성이라는 게 있을 수 있습니다. 주식이 변하는 정도를 나타내는게 변동성인데, 변동성이 금융위기 때는 급격하게 동기화 현상이 나타난다는 걸 우리가 관측했습니다. 그로인해서","KMSAV (interim, not OLKAVS)"
zu1REHalroU_000043,zu1REHalroU,scie,train,8.48,kmsav_pilot/cropped/zu1REHalroU/utts/000043.mp4,어 저 모델을 갖다가 만들었습니다. 그리고 사실상 보면 어 투자자들이 요새 비트코인 했죠. 거기에서 보면,"KMSAV (interim, not OLKAVS)"
zu1REHalroU_000045,zu1REHalroU,scie,train,9.56,kmsav_pilot/cropped/zu1REHalroU/utts/000045.mp4,"오름과 내림을 갖다 반복하는, 이런 것이 사실상 보면 많은 사람들이 몰려드는 현상이거든요. 이것이 그것을 갖다가 금융에서는 허딩 비헤이버라고 합니다.","KMSAV (interim, not OLKAVS)"
zu1REHalroU_000075,zu1REHalroU,scie,train,8.76,kmsav_pilot/cropped/zu1REHalroU/utts/000075.mp4,예를 들어서 우리 몸 속에 그지 제가 이제 의학 쪽에 한번 적용 해 볼 생각도 좀 있습니다. 의 예 다양한 생각들 예 다양한 곳에서 나타나기 때문에 예를 들어서,"KMSAV (interim, not OLKAVS)"
zu1REHalroU_000079,zu1REHalroU,scie,train,8.88,kmsav_pilot/cropped/zu1REHalroU/utts/000079.mp4,의대교수하고 하려고 하다가 거리가 멀어가지고 대화하다가 좀 끊겼습니다. 좀 아쉽게도요. 그 외 다른 분야도 보니까 항 굉장히 많은 것 같습니다.,"KMSAV (interim, not OLKAVS)"
zu1REHalroU_000081,zu1REHalroU,scie,train,2.2,kmsav_pilot/cropped/zu1REHalroU/utts/000081.mp4,그거에 대해서도 좀 소개를 해 주시죠. 예.,"KMSAV (interim, not OLKAVS)"
zu1REHalroU_000091,zu1REHalroU,scie,train,7.8,kmsav_pilot/cropped/zu1REHalroU/utts/000091.mp4,"그게 이제 그 프라임 갭에 관한 소수의 차이, 간극에 관한 논문을 쓰게 되는데 이 논문으로","KMSAV (interim, not OLKAVS)"
zu1REHalroU_000092,zu1REHalroU,scie,train,9.52,kmsav_pilot/cropped/zu1REHalroU/utts/000092.mp4,"하루 아침에 신데렐라가 됐어요. 수학계에서 가장 유명한 사람이 됐고, 아마 그분이 한 10여년도 제 제가 추측건대, 한 10년, 20년만","KMSAV (interim, not OLKAVS)"
zu1REHalroU_000095,zu1REHalroU,scie,train,8.92,kmsav_pilot/cropped/zu1REHalroU/utts/000095.mp4,"같이 뛰어들어 가지고, 굉장히 그 결과를 향상을 시켰거든요. 그러니까 문제에 따라서는 이런 그 군집","KMSAV (interim, not OLKAVS)"
